case_id,point,clause,article,type,Note
1,,,30,,thi hành án dân sự
1,,,9,,thi hành án dân sự
1,,,7,,thi hành án dân sự
1,,,6,,thi hành án dân sự
1,,,2,,thi hành án dân sự
1,,,468,,dân sự
1,,,357,,dân sự
1,,2,131,,dân sự
1,,,123,,dân sự
1,,1,468,,dân sự
1,,3,201,hình sự,
1,,2,201,hình sự,
1,c,2,106,tố tụng hình sự,
1,b,2,106,tố tụng hình sự,
1,a,2,106,tố tụng hình sự,
1,b,1,47,hình sự,
1,a,1,47,hình sự,
1,,,35,hình sự,
1,g,1,52,hình sự,
1,,2,51,hình sự,
1,s,1,51,hình sự,
1,i,1,51,hình sự,
2,,,333,tố tụng hình sự,
2,,,331,tố tụng hình sự,
2,,,136,tố tụng hình sự,
2,,,106,tố tụng hình sự,
2,,,47,hình sự,
2,,,65,hình sự,
2,,1,69,thi hành án hình sự,
2,d,3,106,tố tụng hình sự,
2,,2,51,hình sự,
2,s,1,51,hình sự,
2,a,1,244,hình sự,
3,,,333,tố tụng hình sự,
3,,,331,tố tụng hình sự,
3,,,136,tố tụng hình sự,
3,,1,69,thi hành án hình sự,
3,,,106,tố tụng hình sự,
3,,,47,hình sự,
3,,2,51,hình sự,
3,,,65,hình sự,
3,s,1,51,hình sự,
3,c,1,244,hình sự,
4,,,69,thi hành án hình sự,86/2018/HSST
4,,,65,hình sự,86/2018/HSST
4,e,1,357,tố tụng hình sự,86/2018/HSST
4,b,1,355,tố tụng hình sự,86/2018/HSST
4,,,38,hình sự,86/2018/HSST
4,,2,51,hình sự,86/2018/HSST
4,s,1,51,hình sự,86/2018/HSST
4,n,1,51,hình sự,86/2018/HSST
4,i,1,51,hình sự,86/2018/HSST
4,h,1,51,hình sự,86/2018/HSST
4,a,1,244,hình sự,86/2018/HSST
5,,,30,,thi hành án dân sự
5,,,9,,thi hành án dân sự
5,,,7b,,thi hành án dân sự
5,,,7a,,thi hành án dân sự
5,,,7,,thi hành án dân sự
5,,,6,,thi hành án dân sự
5,,,2,,thi hành án dân sự
5,,1,69,thi hành án hình sự,
5,,,333,tố tụng hình sự,
5,,,331,tố tụng hình sự,
5,,2,136,tố tụng hình sự,
5,,1,244,hình sự,
5,,,65,hình sự,
5,,2,35,hình sự,
5,m,1,51,hình sự,
5,,1,65,hình sự,
5,,2,51,hình sự,
5,s,1,51,hình sự,
5,,4,244,hình sự,
5,b,1,244,hình sự,
6,,,333,tố tụng hình sự,
6,,,331,tố tụng hình sự,
6,,2,136,tố tụng hình sự,
6,,4,328,tố tụng hình sự,
6,,5,65,hình sự,
6,,1,69,thi hành án hình sự,
6,,1,244,hình sự,
6,,,65,hình sự,
6,b,3,106,tố tụng hình sự,
6,,1,65,hình sự,
6,,2,51,hình sự,
6,s,1,51,hình sự,
6,h,1,51,hình sự,
6,a,1,244,hình sự,
7,,,136,tố tụng hình sự,
7,,1,69,thi hành án hình sự,
7,,3,106,tố tụng hình sự,
7,,1,51,hình sự,
7,,1,244,hình sự,
7,,2,190,hình sự,
7,c,2,106,tố tụng hình sự,
7,a,2,106,tố tụng hình sự,
7,,,65,hình sự,
7,,2,51,hình sự,
7,s,1,51,hình sự,
7,a,1,244,hình sự,
8,,,30,,thi hành án dân sự
8,,,9,,thi hành án dân sự
8,,,7,,thi hành án dân sự
8,,,6,,thi hành án dân sự
8,,,2,,thi hành án dân sự
8,,,52,hình sự,
8,,1,69,thi hành án hình sự,
8,,,35,hình sự,
8,,4,244,hình sự,
8,,,333,tố tụng hình sự,
8,,,331,tố tụng hình sự,
8,,,136,tố tụng hình sự,
8,,,106,tố tụng hình sự,
8,,,47,hình sự,
8,,,65,hình sự,
8,,2,51,hình sự,
8,,,58,hình sự,
8,s,1,51,hình sự,
8,b,1,244,hình sự,
9,,,234,hình sự,
9,,1,69,thi hành án hình sự,
9,,2,136,tố tụng hình sự,
9,đ,2,190,hình sự,
9,,,65,hình sự,
9,,2,51,hình sự,
9,s,1,51,hình sự,
9,n,1,51,hình sự,
9,a,1,244,hình sự,
10,,1,69,thi hành án hình sự,
10,d,3,106,tố tụng hình sự,
10,a,2,106,tố tụng hình sự,
10,,1,244,hình sự,
10,,,65,hình sự,
10,s,1,51,hình sự,
10,,4,244,hình sự,
10,a,1,244,hình sự,
11,,4,244,hình sự,
11,,,54,hình sự,
11,,2,51,hình sự,
11,t,1,51,hình sự,
11,s,1,51,hình sự,
11,a,3,244,hình sự,
12,,,52,hình sự,
12,,2,136,tố tụng hình sự,
12,,4,244,hình sự,
12,,3,106,tố tụng hình sự,
12,,2,106,tố tụng hình sự,
12,,1,47,hình sự,
12,,2,51,hình sự,
12,s,1,51,hình sự,
12,a,1,244,hình sự,
13,,,106,tố tụng hình sự,
13,,,47,hình sự,
13,,,23,,luật phí và lệ phí 2015
13,,2,136,tố tụng hình sự,
13,,1,69,thi hành án hình sự,
13,a,2,106,tố tụng hình sự,
13,a,1,47,hình sự,
13,,,65,hình sự,
13,,2,51,hình sự,
13,s,1,51,hình sự,
13,a,1,244,hình sự,
14,,,333,tố tụng hình sự,
14,,,331,tố tụng hình sự,
14,,,136,tố tụng hình sự,
14,,,106,tố tụng hình sự,
14,,,135,tố tụng hình sự,
14,,,47,hình sự,
14,,,46,hình sự,
14,,,69,thi hành án hình sự,
14,,,65,hình sự,
14,,1,244,hình sự,
14,,2,51,hình sự,
14,s,1,51,hình sự,
14,h,1,51,hình sự,
15,,,30,,thi hành án dân sự
15,,,9,,thi hành án dân sự
15,,,7a,,thi hành án dân sự
15,,,7,,thi hành án dân sự
15,,,6,,thi hành án dân sự
15,,,2,,thi hành án dân sự
15,,,106,tố tụng hình sự,
15,,,47,hình sự,
15,,,65,hình sự,
15,,2,136,tố tụng hình sự,
15,,1,244,hình sự,
15,,1,69,thi hành án hình sự,
15,,2,51,hình sự,
15,s,1,51,hình sự,
15,a,1,244,hình sự,
15,d,1,244,hình sự,
17,,,106,tố tụng hình sự,
17,,,54,hình sự,
17,,,38,hình sự,
17,,2,136,tố tụng hình sự,
17,,4,244,hình sự,
17,,3,244,hình sự,
17,,2,51,hình sự,
17,t,1,51,hình sự,
17,s,1,51,hình sự,
17,a,3,244,hình sự,
18,,,136,tố tụng hình sự,
18,,,135,tố tụng hình sự,
18,,,65,hình sự,
18,,1,69,thi hành án hình sự,
18,,3,106,tố tụng hình sự,
18,,2,106,tố tụng hình sự,
18,,1,244,hình sự,
18,,2,51,hình sự,
18,s,1,51,hình sự,
18,h,1,51,hình sự,
19,,,30,,thi hành án dân sự
19,,,9,,thi hành án dân sự
19,,,7,,thi hành án dân sự
19,,,6,,thi hành án dân sự
19,,,2,,thi hành án dân sự
19,,,244,hình sự,
19,,,136,tố tụng hình sự,
19,,,38,hình sự,
19,,1,53,hình sự,
19,,3,106,tố tụng hình sự,
19,a,2,106,tố tụng hình sự,
19,a,1,47,hình sự,
19,h,1,52,hình sự,
19,s,1,51,hình sự,
19,a,1,244,hình sự,
21,,,30,,thi hành án dân sự
21,,,9,,thi hành án dân sự
21,,,7b,,thi hành án dân sự
21,,,7,,thi hành án dân sự
21,,,7a,,thi hành án dân sự
21,,,6,,thi hành án dân sự
21,,,2,,thi hành án dân sự
21,,,65,hình sự,
21,,1,244,hình sự,
21,,2,136,tố tụng hình sự,
21,a,3,106,tố tụng hình sự,
21,a,2,106,tố tụng hình sự,
21,a,1,47,hình sự,
21,s,1,51,hình sự,
21,r,1,51,hình sự,
21,b,1,244,hình sự,
22,,,30,,thi hành án dân sự
22,,,9,,thi hành án dân sự
22,,,7,,thi hành án dân sự
22,,,357,,dân sự
22,,,136,tố tụng hình sự,
22,,,106,tố tụng hình sự,
22,,,47,hình sự,
22,,,101,hình sự,
22,,,91,hình sự,
22,,,65,hình sự,
22,,,58,hình sự,
22,,,35,hình sự,
22,,,17,hình sự,
22,,2,648,,dân sự
22,,1,468,,dân sự
22,,1,69,thi hành án dân sự,
22,,1,101,hình sự,
22,,2,51,hình sự,
22,d,3,106,tố tụng hình sự,
22,s,1,51,hình sự,
22,a,1,244,hình sự,
23,,,333,tố tụng hình sự,
23,,,332,tố tụng hình sự,
23,,,331,tố tụng hình sự,
23,,,106,tố tụng hình sự,
23,,,47,hình sự,
23,,4,244,hình sự,
23,,2,51,hình sự,
23,s,1,51,hình sự,
23,a,1,244,hình sự,
24,,,333,tố tụng hình sự,
24,,,331,tố tụng hình sự,
24,,,106,tố tụng hình sự,
24,,,136,tố tụng hình sự,
24,,,65,hình sự,
24,,2,51,hình sự,
24,,4,244,hình sự,
24,h,1,51,hình sự,
24,s,1,51,hình sự,
24,a,1,244,hình sự,
25,,,333,tố tụng hình sự,
25,,,331,tố tụng hình sự,
25,,,106,tố tụng hình sự,
25,,,136,tố tụng hình sự,
25,,,65,hình sự,
25,,4,244,hình sự,
25,,2,51,hình sự,
25,h,1,51,hình sự,
25,s,1,51,hình sự,
25,a,1,244,hình sự,
26,,,333,tố tụng hình sự,
26,,,331,tố tụng hình sự,
26,,,30,,thi hành án dân sự
26,,,9,,thi hành án dân sự
26,,,7,,thi hành án dân sự
26,,,6,,thi hành án dân sự
26,,,2,,thi hành án dân sự
26,,,106,tố tụng hình sự,
26,,,54,hình sự,
26,,2,136,tố tụng hình sự,
26,,2,135,tố tụng hình sự,
26,,1,54,hình sự,
26,,2,51,hình sự,
26,s,1,51,hình sự,
26,a,2,244,hình sự,
27,,,136,tố tụng hình sự,90/2019/HS-ST
27,,,135,tố tụng hình sự,90/2019/HS-ST
27,,,333,tố tụng hình sự,90/2019/HS-ST
27,,,332,tố tụng hình sự,90/2019/HS-ST
27,,,331,tố tụng hình sự,90/2019/HS-ST
27,,,356,tố tụng hình sự,90/2019/HS-ST
27,,,38,hình sự,90/2019/HS-ST
27,,1,54,hình sự,90/2019/HS-ST
27,a,1,244,hình sự,90/2019/HS-ST
27,a,1,355,tố tụng hình sự,90/2019/HS-ST
27,,2,51,hình sự,90/2019/HS-ST
27,s,1,51,hình sự,90/2019/HS-ST
27,h,1,51,hình sự,90/2019/HS-ST
27,a,3,244,hình sự,90/2019/HS-ST
28,,,333,tố tụng hình sự,
28,,,331,tố tụng hình sự,
28,,,135,tố tụng hình sự,
28,,,47,hình sự,
28,,,52,hình sự,
28,,,65,hình sự,
28,,2,136,tố tụng hình sự,
28,,2,106,tố tụng hình sự,
28,,1,244,hình sự,
28,,2,51,hình sự,
28,s,1,51,hình sự,
28,h,1,51,hình sự,
29,,,136,tố tụng hình sự,
29,,2,65,hình sự,
29,,4,244,hình sự,
29,,5,65,hình sự,
29,,1,65,hình sự,
29,a,2,106,tố tụng hình sự,
29,a,3,106,tố tụng hình sự,
29,c,2,106,tố tụng hình sự,
29,c,3,106,tố tụng hình sự,
29,,2,51,hình sự,
29,s,1,51,hình sự,
29,b,1,244,hình sự,
30,,,38,hình sự,
30,,,36,hình sự,
30,,1,69,thi hành án hình sự,
30,,1,54,hình sự,
30,,2,136,tố tụng hình sự,
30,,2,65,hình sự,
30,,1,65,hình sự,
30,,2,51,hình sự,
30,m,1,51,hình sự,
30,i,1,51,hình sự,
30,s,1,51,hình sự,
30,b,1,244,hình sự,
31,,,333,tố tụng hình sự,
31,,,331,tố tụng hình sự,
31,,,136,tố tụng hình sự,
31,,,65,hình sự,
31,,2,51,hình sự,
31,a,2,106,tố tụng hình sự,
31,a,1,47,hình sự,
31,s,1,51,hình sự,
31,m,1,51,hình sự,
31,b,1,244,hình sự,
32,,,244,hình sự,
32,,,234,hình sự,
32,,,136,tố tụng hình sự,
32,,,106,tố tụng hình sự,
32,,,47,hình sự,
32,,,38,hình sự,
32,,2,51,hình sự,
32,i,1,51,hình sự,
32,s,1,51,hình sự,
32,b,1,244,hình sự,
33,,,106,tố tụng hình sự,
33,,,47,hình sự,
33,,,69,thi hành án hình sự,
33,,,333,tố tụng hình sự,
33,,,331,tố tụng hình sự,
33,,,65,hình sự,
33,,,50,hình sự,
33,,,38,hình sự,
33,,2,136,tố tụng hình sự,
33,a,2,106,tố tụng hình sự,
33,,2,47,hình sự,
33,a,1,47,hình sự,
33,,2,51,hình sự,
33,s,1,51,hình sự,
33,b,1,244,hình sự,
34,,,337,tố tụng hình sự,
34,,,333,tố tụng hình sự,
34,,,331,tố tụng hình sự,
34,,,136,tố tụng hình sự,
34,,,47,hình sự,
34,,,65,hình sự,
34,,,244,hình sự,
34,,4,244,hình sự,
34,,2,51,hình sự,
34,i,1,51,hình sự,
34,s,1,51,hình sự,
34,c,1,244,hình sự,
35,,,337,tố tụng hình sự,
35,,,333,tố tụng hình sự,
35,,,331,tố tụng hình sự,
35,,,136,tố tụng hình sự,
35,,,106,tố tụng hình sự,
35,,4,244,hình sự,
35,n,1,51,hình sự,
35,s,1,51,hình sự,
35,a,1,244,hình sự,
37,,,38,hình sự,
37,,,65,hình sự,
37,,2,136,tố tụng hình sự,
37,,1,69,thi hành án hình sự,
37,,4,244,hình sự,
37,,2,51,hình sự,
37,s,1,51,hình sự,
37,a,1,244,hình sự,
38,,,261,tố tụng hình sự,139/2018/HS-ST
38,,,260,tố tụng hình sự,139/2018/HS-ST
38,,,44,tố tụng hình sự,139/2018/HS-ST
38,,,357,tố tụng hình sự,139/2018/HS-ST
38,,,65,hình sự,139/2018/HS-ST
38,,1,69,thi hành án hình sự,139/2018/HS-ST
38,,,54,hình sự,139/2018/HS-ST
38,e,1,357,tố tụng hình sự,139/2018/HS-ST
38,b,1,355,tố tụng hình sự,139/2018/HS-ST
38,a,1,355,tố tụng hình sự,139/2018/HS-ST
38,v,1,51,hình sự,139/2018/HS-ST
38,t,1,51,hình sự,139/2018/HS-ST
38,s,1,51,hình sự,139/2018/HS-ST
38,c,2,244,hình sự,139/2018/HS-ST
39,,,356,tố tụng hình sự,32/2019/HS-ST
39,,,58,hình sự,32/2019/HS-ST
39,,,17,hình sự,32/2019/HS-ST
39,,1,54,hình sự,32/2019/HS-ST
39,c,1,358,tố tụng hình sự,32/2019/HS-ST
39,b,1,358,tố tụng hình sự,32/2019/HS-ST
39,a,1,358,tố tụng hình sự,32/2019/HS-ST
39,c,1,355,tố tụng hình sự,32/2019/HS-ST
39,a,1,355,tố tụng hình sự,32/2019/HS-ST
39,,2,51,hình sự,32/2019/HS-ST
39,t,1,51,hình sự,32/2019/HS-ST
39,s,1,51,hình sự,32/2019/HS-ST
39,d,3,244,hình sự,32/2019/HS-ST
40,,,136,tố tụng hình sự,11/2019/HS-ST
40,,,65,hình sự,11/2019/HS-ST
40,,,54,hình sự,11/2019/HS-ST
40,,1,244,hình sự,11/2019/HS-ST
40,,1,69,thi hành án hình sự,11/2019/HS-ST
40,d,2,357,tố tụng hình sự,11/2019/HS-ST
40,a,2,357,tố tụng hình sự,11/2019/HS-ST
40,b,1,355,tố tụng hình sự,11/2019/HS-ST
40,a,1,355,tố tụng hình sự,11/2019/HS-ST
40,x,1,51,hình sự,11/2019/HS-ST
40,,2,51,hình sự,11/2019/HS-ST
40,s,1,51,hình sự,11/2019/HS-ST
40,a,1,244,hình sự,11/2019/HS-ST
41,,,62,thi hành án hình sự,22/2019/HS-ST
41,,,65,hình sự,22/2019/HS-ST
41,,,38,hình sự,22/2019/HS-ST
41,,2,51,hình sự,22/2019/HS-ST
41,b,1,355,tố tụng hình sự,22/2019/HS-ST
41,s,1,51,hình sự,22/2019/HS-ST
41,b,1,244,hình sự,22/2019/HS-ST
42,,,65,hình sự,
42,,2,136,tố tụng hình sự,
42,,1,69,thi hành án hình sự,
42,s,1,51,hình sự,
42,b,1,244,hình sự,
42,a,1,244,hình sự,
43,,,333,tố tụng hình sự,
43,,,331,tố tụng hình sự,
43,,1,69,thi hành án hình sự,
43,,,136,tố tụng hình sự,
43,,,106,tố tụng hình sự,
43,,,47,hình sự,
43,,,65,hình sự,
43,,2,51,hình sự,
43,s,1,51,hình sự,
43,h,1,51,hình sự,
43,a,1,244,hình sự,
45,,,260,tố tụng hình sự,
45,,,337,tố tụng hình sự,
45,,,333,tố tụng hình sự,
45,,,331,tố tụng hình sự,
45,,,30,,thi hành án dân sự
45,,,9,,thi hành án dân sự
45,,,7,,thi hành án dân sự
45,,,6,,thi hành án dân sự
45,,,2,,thi hành án dân sự
45,,,136,tố tụng hình sự,
45,,,106,tố tụng hình sự,
45,,,47,hình sự,
45,,,69,thi hành án hình sự,
45,,,65,hình sự,
45,,1,51,hình sự,
45,t,1,51,hình sự,
45,s,1,51,hình sự,
45,b,1,244,hình sự,
46,,,106,tố tụng hình sự,
46,,,47,hình sự,
46,,,36,hình sự,
46,,,65,hình sự,
46,,4,244,hình sự,
46,,4,7,,Luật đa dạng sinh học
46,s,1,51,hình sự,
46,,2,51,hình sự,
46,h,1,51,hình sự,
46,a,1,244,hình sự,
47,,,136,tố tụng hình sự,
47,,,244,hình sự,
47,,,106,tố tụng hình sự,
47,,,65,hình sự,
47,,2,47,hình sự,
47,,1,47,hình sự,
47,,1,106,tố tụng hình sự,
47,,1,69,thi hành án hình sự,
47,,4,244,hình sự,
47,,1,244,hình sự,
47,c,2,106,tố tụng hình sự,
47,a,2,106,tố tụng hình sự,
47,,2,47,hình sự,
47,c,1,47,hình sự,
47,,2,51,hình sự,
47,h,1,51,hình sự,
47,s,1,51,hình sự,
47,b,1,244,hình sự,
48,,,333,tố tụng hình sự,
48,,,92,thi hành án hình sự,
48,,,331,tố tụng hình sự,
48,,,136,tố tụng hình sự,
48,,,106,tố tụng hình sự,
48,,,47,hình sự,
48,,,65,hình sự,
48,,4,244,hình sự,
48,,2,51,hình sự,
48,s,1,51,hình sự,
48,a,1,244,hình sự,
49,,,333,tố tụng hình sự,
49,,,331,tố tụng hình sự,
49,,,329,tố tụng hình sự,
49,,,327,tố tụng hình sự,
49,,,326,tố tụng hình sự,
49,,,299,tố tụng hình sự,
49,,,269,tố tụng hình sự,
49,,,268,tố tụng hình sự,
49,,,260,tố tụng hình sự,
49,,,136,tố tụng hình sự,
49,,,46,tố tụng hình sự,
49,,,66,hình sự,
49,,,45,tố tụng hình sự,
49,,,56,hình sự,
49,,,106,tố tụng hình sự,
49,,,47,hình sự,
49,,,66,hình sự,
49,,,38,hình sự,
49,,4,66,hình sự,
49,,3,66,hình sự,
49,,4,56,hình sự,
49,d,3,106,tố tụng hình sự,
49,h,1,52,hình sự,
49,s,1,51,hình sự,
49,a,1,244,hình sự,
50,,,337,tố tụng hình sự,
50,,,331,tố tụng hình sự,
50,,,333,tố tụng hình sự,
50,,,136,tố tụng hình sự,
50,,,65,hình sự,
50,,2,51,hình sự,
50,t,1,51,hình sự,
50,s,1,51,hình sự,
50,d,1,244,hình sự,
51,,,333,tố tụng hình sự,
51,,,331,tố tụng hình sự,
51,,,136,tố tụng hình sự,
51,,,106,tố tụng hình sự,
51,,,47,hình sự,
51,,,46,hình sự,
51,,,69,thi hành án hình sự,
51,,,52,hình sự,
51,,,65,hình sự,
51,,,38,hình sự,
51,,2,56,hình sự,
51,,4,66,hình sự,
51,,2,106,tố tụng hình sự,
51,,1,47,hình sự,
51,a,2,106,tố tụng hình sự,
51,a,1,47,hình sự,
51,h,1,52,hình sự,
51,,2,51,hình sự,
51,u,1,51,hình sự,
51,s,1,51,hình sự,
51,a,1,244,hình sự,
52,,,92,thi hành án hình sự,
52,,,244,hình sự,
52,,,58,hình sự,
52,,,65,hình sự,
52,,2,136,tố tụng hình sự,
52,,1,51,hình sự,
52,,1,54,hình sự,
52,b,2,106,tố tụng hình sự,
52,c,2,106,tố tụng hình sự,
52,a,2,106,tố tụng hình sự,
52,b,1,47,hình sự,
52,a,1,47,hình sự,
52,,2,51,hình sự,
52,t,1,51,hình sự,
52,s,1,51,hình sự,
52,a,2,244,hình sự,
53,,,65,hình sự,
53,,1,69,thi hành án hình sự,
53,,1,65,hình sự,
53,,2,47,hình sự,
53,a,2,106,tố tụng hình sự,
53,a,1,47,hình sự,
53,t,1,51,hình sự,
53,s,1,51,hình sự,
53,b,1,244,hình sự,
54,,,92,thi hành án hình sự,
54,,,333,tố tụng hình sự,
54,,,331,tố tụng hình sự,
54,,,50,hình sự,
54,,,38,hình sự,
54,,,65,hình sự,
54,,2,136,tố tụng hình sự,
54,,1,244,hình sự,
54,,3,106,tố tụng hình sự,
54,a,2,106,tố tụng hình sự,
54,,2,47,hình sự,
54,a,1,47,hình sự,
54,,2,51,hình sự,
54,t,1,51,hình sự,
54,s,1,51,hình sự,
54,b,1,244,hình sự,
55,,,65,hình sự,
55,d,2,106,tố tụng hình sự,
55,a,2,29,hình sự,
55,,2,51,hình sự,
55,s,1,51,hình sự,
55,a,1,244,hình sự,
56,,,48,hình sự,
56,,,293,tố tụng hình sự,
56,,,106,tố tụng hình sự,
56,,,47,hình sự,
56,,,37,hình sự,
56,,,54,hình sự,
56,,,17,hình sự,
56,,2,136,tố tụng hình sự,
56,,2,135,tố tụng hình sự,
56,,2,290,tố tụng hình sự,
56,,2,268,tố tụng hình sự,
56,,2,51,hình sự,
56,t,1,51,hình sự,
56,m,1,51,hình sự,
56,s,1,51,hình sự,
56,a,3,244,hình sự,
57,,,68,thi hành án hình sự,
57,,,65,hình sự,
57,,2,136,tố tụng hình sự,
57,,3,92,thi hành án hình sự,
57,,5,65,hình sự,
57,,2,65,hình sự,
57,,1,65,hình sự,
57,,1,244,hình sự,
57,,4,244,hình sự,
57,,1,106,tố tụng hình sự,
57,c,2,106,tố tụng hình sự,
57,a,2,106,tố tụng hình sự,
57,c,3,106,tố tụng hình sự,
57,a,3,106,tố tụng hình sự,
57,c,1,47,hình sự,
57,a,1,47,hình sự,
57,,2,51,hình sự,
57,s,1,51,hình sự,
57,b,1,244,hình sự,
58,,,30,,thi hành án dân sự
58,,,9,,thi hành án dân sự
58,,,7,,thi hành án dân sự
58,,,6,,thi hành án dân sự
58,,,2,,thi hành án dân sự
58,,,244,hình sự,
58,,,136,tố tụng hình sự,
58,,,65,hình sự,
58,,1,47,hình sự,
58,b,2,106,tố tụng hình sự,
58,a,2,106,tố tụng hình sự,
58,,2,51,hình sự,
58,s,1,51,hình sự,
58,b,1,244,hình sự,
59,,,65,hình sự,
59,,,135,tố tụng hình sự,
59,,3,92,thi hành án hình sự,
59,,2,136,tố tụng hình sự,
59,,4,244,hình sự,
59,,2,51,hình sự,
59,s,1,51,hình sự,
59,b,1,244,hình sự,
60,,,65,hình sự,
60,t,1,51,hình sự,
60,,2,51,hình sự,
60,s,1,51,hình sự,
60,m,1,51,hình sự,
60,a,1,244,hình sự,
61,,,136,tố tụng hình sự,
61,,,65,hình sự,
61,,2,136,tố tụng hình sự,
61,,4,244,hình sự,
61,,1,47,hình sự,
61,,1,51,hình sự,
61,,5,65,hình sự,
61,,2,65,hình sự,
61,,1,65,hình sự,
61,d,3,106,tố tụng hình sự,
61,a,3,106,tố tụng hình sự,
61,c,2,106,tố tụng hình sự,
61,,2,51,hình sự,
61,a,2,106,tố tụng hình sự,
61,t,1,51,hình sự,
61,s,1,51,hình sự,
61,b,1,244,hình sự,
62,,,30,,thi hành án dân sự
62,,,9,,thi hành án dân sự
62,,,7,,thi hành án dân sự
62,,,6,,thi hành án dân sự
62,,,2,,thi hành án dân sự
62,,,50,hình sự,
62,,,106,tố tụng hình sự,
62,,,38,hình sự,
62,,,54,hình sự,
62,,,244,hình sự,
62,,,234,hình sự,
62,,,191,hình sự,
62,,,190,hình sự,
62,,1,333,tố tụng hình sự,
62,,1,331,tố tụng hình sự,
62,,2,136,tố tụng hình sự,
62,,4,244,hình sự,
62,,2,51,hình sự,
62,t,1,51,hình sự,
62,q,1,51,hình sự,
62,s,1,51,hình sự,
62,i,2,244,hình sự,
64,,,136,tố tụng hình sự,132/2020/HSST
64,,,65,hình sự,132/2020/HSST
64,,,38,hình sự,132/2020/HSST
64,,,54,hình sự,132/2020/HSST
64,,3,92,thi hành án hình sự,132/2020/HSST
64,e,1,357,tố tụng hình sự,132/2020/HSST
64,b,1,355,tố tụng hình sự,132/2020/HSST
64,,2,51,hình sự,132/2020/HSST
64,t,1,51,hình sự,132/2020/HSST
64,s,1,51,hình sự,132/2020/HSST
64,a,2,244,hình sự,132/2020/HSST
65,,,92,thi hành án hình sự,
65,,,68,thi hành án hình sự,
65,,,333,tố tụng hình sự,
65,,,332,tố tụng hình sự,
65,,,331,tố tụng hình sự,
65,,,136,tố tụng hình sự,
65,,,135,tố tụng hình sự,
65,,,106,tố tụng hình sự,
65,,,48,hình sự,
65,,,47,hình sự,
65,,,65,hình sự,
65,,4,244,hình sự,
65,,2,51,hình sự,
65,s,1,51,hình sự,
65,h,1,51,hình sự,
65,b,1,244,hình sự,
66,,,136,tố tụng hình sự,33/2020/HS-ST
66,,,244,hình sự,33/2020/HS-ST
66,,,38,hình sự,33/2020/HS-ST
66,,2,332,tố tụng hình sự,33/2020/HS-ST
66,,2,51,hình sự,33/2020/HS-ST
66,s,1,51,hình sự,33/2020/HS-ST
66,c,1,357,tố tụng hình sự,33/2020/HS-ST
66,b,1,355,tố tụng hình sự,33/2020/HS-ST
66,h,1,52,hình sự,33/2020/HS-ST
66,,4,244,hình sự,33/2020/HS-ST
66,a,2,244,hình sự,33/2020/HS-ST
67,,,46,hình sự,
67,,,244,hình sự,
67,,,65,hình sự,
67,,1,65,hình sự,
67,,1,234,hình sự,
67,,1,54,hình sự,
67,,3,106,tố tụng hình sự,
67,,2,106,tố tụng hình sự,
67,,2,47,hình sự,
67,,1,47,hình sự,
67,m,1,51,hình sự,
67,a,1,46,hình sự,
67,,2,51,hình sự,
67,t,1,51,hình sự,
67,s,1,51,hình sự,
67,b,1,244,hình sự,
68,,,92,thi hành án hình sự,
68,,,333,tố tụng hình sự,
68,,,260,tố tụng hình sự,
68,,,65,hình sự,
68,,5,65,hình sự,
68,,4,328,tố tụng hình sự,
68,,2,136,tố tụng hình sự,
68,a,1,47,hình sự,
68,a,2,106,tố tụng hình sự,
68,,2,51,hình sự,
68,s,1,51,hình sự,
68,a,1,244,hình sự,
69,,,136,tố tụng hình sự,17/2020/HS-ST
69,,,65,hình sự,17/2020/HS-ST
69,,,356,tố tụng hình sự,17/2020/HS-ST
69,,1,51,hình sự,17/2020/HS-ST
69,,2,244,hình sự,17/2020/HS-ST
69,,1,54,hình sự,17/2020/HS-ST
69,c,1,357,tố tụng hình sự,17/2020/HS-ST
69,a,1,355,tố tụng hình sự,17/2020/HS-ST
69,,2,51,hình sự,17/2020/HS-ST
69,s,1,51,hình sự,17/2020/HS-ST
69,a,2,244,hình sự,17/2020/HS-ST
70,,,333,tố tụng hình sự,
70,,,331,tố tụng hình sự,
70,,,136,tố tụng hình sự,
70,,,135,tố tụng hình sự,
70,,,68,thi hành án hình sự,
70,,,47,hình sự,
70,,,106,tố tụng hình sự,
70,,,65,hình sự,
70,,3,92,thi hành án hình sự,
70,,2,51,hình sự,
70,s,1,51,hình sự,
70,h,1,51,hình sự,
70,a,1,244,hình sự,
71,,,135,tố tụng hình sự,
71,,,65,hình sự,
71,,3,92,thi hành án hình sự,
71,,2,136,tố tụng hình sự,
71,,4,244,hình sự,
71,,2,51,hình sự,
71,s,1,51,hình sự,
71,b,1,244,hình sự,
72,,,136,tố tụng hình sự,
72,,,54,hình sự,
72,x,1,51,hình sự,
72,s,1,51,hình sự,
72,a,1,244,hình sự,
73,,,38,hình sự,
73,,,52,hình sự,
73,,1,244,hình sự,
73,,2,51,hình sự,
73,b,3,106,tố tụng hình sự,
73,x,1,51,hình sự,
73,s,1,51,hình sự,
73,b,1,244,hình sự,
74,,,30,,thi hành án dân sự
74,,,9,,thi hành án dân sự
74,,,7,,thi hành án dân sự
74,,,6,,thi hành án dân sự
74,,,2,,thi hành án dân sự
74,,,333,tố tụng hình sự,
74,,,331,tố tụng hình sự,
74,,,136,tố tụng hình sự,
74,,,50,hình sự,
74,,,106,tố tụng hình sự,
74,,,47,hình sự,
74,,,65,hình sự,
74,,2,51,hình sự,
74,s,1,51,hình sự,
74,b,1,244,hình sự,
75,,,244,hình sự,
75,,,65,hình sự,
75,,3,54,hình sự,
75,,3,106,tố tụng hình sự,
75,,2,106,tố tụng hình sự,
75,,1,47,hình sự,
75,t,1,51,hình sự,
75,,2,51,hình sự,
75,s,1,51,hình sự,
75,b,1,244,hình sự,
76,,,136,tố tụng hình sự,18/2020/HSST
76,,,135,tố tụng hình sự,18/2020/HSST
76,,,92,thi hành án hình sự,18/2020/HSST
76,,,87,thi hành án hình sự,18/2020/HSST
76,,,68,thi hành án hình sự,18/2020/HSST
76,,,65,hình sự,18/2020/HSST
76,,,357,tố tụng hình sự,18/2020/HSST
76,,,38,hình sự,18/2020/HSST
76,,2,136,tố tụng hình sự,18/2020/HSST
76,a,1,47,hình sự,18/2020/HSST
76,b,1,355,tố tụng hình sự,18/2020/HSST
76,a,2,106,tố tụng hình sự,18/2020/HSST
76,,2,51,hình sự,18/2020/HSST
76,s,1,51,hình sự,18/2020/HSST
76,a,1,244,hình sự,18/2020/HSST
77,,,333,tố tụng hình sự,27/2020/HSST
77,,,357,tố tụng hình sự,27/2020/HSST
77,,,355,tố tụng hình sự,27/2020/HSST
77,,,65,hình sự,27/2020/HSST
77,,,54,hình sự,27/2020/HSST
77,,2,262,tố tụng hình sự,27/2020/HSST
77,,1,69,thi hành án hình sự,27/2020/HSST
77,,2,136,tố tụng hình sự,27/2020/HSST
77,,2,135,tố tụng hình sự,27/2020/HSST
77,a,1,355,tố tụng hình sự,27/2020/HSST
77,,2,51,hình sự,27/2020/HSST
77,t,1,51,hình sự,27/2020/HSST
77,s,1,51,hình sự,27/2020/HSST
77,m,1,51,hình sự,27/2020/HSST
77,g,2,244,hình sự,27/2020/HSST
78,,,331,tố tụng hình sự,
78,,,333,tố tụng hình sự,
78,,,136,tố tụng hình sự,
78,,,47,hình sự,
78,,,38,hình sự,
78,,,249,hình sự,
78,,,55,hình sự,
78,,2,106,tố tụng hình sự,
78,,4,244,hình sự,
78,s,1,51,hình sự,
78,c,1,249,hình sự,
78,b,1,244,hình sự,
79,,,333,tố tụng hình sự,
79,,,331,tố tụng hình sự,
79,,,136,tố tụng hình sự,
79,,,135,tố tụng hình sự,
79,,,106,tố tụng hình sự,
79,,,47,hình sự,
79,,,46,hình sự,
79,,,17,hình sự,
79,,,52,hình sự,
79,,,65,hình sự,
79,,3,244,hình sự,
79,h,1,51,hình sự,
79,,2,51,hình sự,
79,s,1,51,hình sự,
79,a,1,244,hình sự,
80,,,333,tố tụng hình sự,
80,,,331,tố tụng hình sự,
80,,,135,tố tụng hình sự,
80,,,47,hình sự,
80,,,52,hình sự,
80,,,65,hình sự,
80,,2,136,tố tụng hình sự,
80,,2,106,tố tụng hình sự,
80,,1,244,hình sự,
80,,2,51,hình sự,
80,s,1,51,hình sự,
80,h,1,51,hình sự,
81,,,30,,thi hành án dân sự
81,,,136,tố tụng hình sự,
81,,,2,,thi hành án dân sự
81,,,106,tố tụng hình sự,
81,,,47,hình sự,
81,,,65,hình sự,
81,,,58,hình sự,
81,,,17,hình sự,
81,,1,69,thi hành án hình sự,
81,,2,51,hình sự,
81,s,1,51,hình sự,
81,a,1,244,hình sự,
82,,,65,hình sự,
82,,2,136,tố tụng hình sự,
82,,1,69,thi hành án hình sự,
82,,5,65,hình sự,
82,,2,51,hình sự,
82,,2,65,hình sự,
82,,1,65,hình sự,
82,,2,47,hình sự,
82,b,3,106,tố tụng hình sự,
82,a,2,106,tố tụng hình sự,
82,,2,51,hình sự,
82,c,1,47,hình sự,
82,s,1,51,hình sự,
82,b,1,244,hình sự,
83,,,135,tố tụng hình sự,49/2020/HS-ST
83,,,48,hình sự,49/2020/HS-ST
83,,,106,tố tụng hình sự,49/2020/HS-ST
83,,,357,tố tụng hình sự,49/2020/HS-ST
83,,,65,hình sự,49/2020/HS-ST
83,,,54,hình sự,49/2020/HS-ST
83,,,47,hình sự,49/2020/HS-ST
83,,,38,hình sự,49/2020/HS-ST
83,b,1,355,tố tụng hình sự,49/2020/HS-ST
83,,2,136,tố tụng hình sự,49/2020/HS-ST
83,,2,51,hình sự,49/2020/HS-ST
83,s,1,51,hình sự,49/2020/HS-ST
83,a,2,244,hình sự,49/2020/HS-ST
84,,,244,hình sự,
84,,4,331,tố tụng hình sự,
84,,1,333,tố tụng hình sự,
84,,1,331,tố tụng hình sự,
84,,2,135,tố tụng hình sự,
84,,2,136,tố tụng hình sự,
84,,1,106,tố tụng hình sự,
84,,4,244,hình sự,
84,,2,106,tố tụng hình sự,
84,,1,47,hình sự,
84,b,1,47,hình sự,
84,c,2,106,tố tụng hình sự,
84,a,2,106,tố tụng hình sự,
84,c,1,47,hình sự,
84,a,1,47,hình sự,
84,a,3,106,tố tụng hình sự,
84,s,1,51,hình sự,
84,k,2,244,hình sự,
84,d,2,244,hình sự,
85,,,56,hình sự,
85,,,135,tố tụng hình sự,
85,,,136,tố tụng hình sự,
85,,,65,hình sự,
85,c,2,106,tố tụng hình sự,
85,,4,244,hình sự,
85,a,2,106,tố tụng hình sự,
85,,2,51,hình sự,
85,a,1,244,hình sự,
85,s,1,51,hình sự,
86,,,333,tố tụng hình sự,
86,,,328,tố tụng hình sự,
86,,,331,tố tụng hình sự,
86,,,260,tố tụng hình sự,
86,,,58,hình sự,
86,,,106,tố tụng hình sự,
86,,,47,hình sự,
86,,,48,hình sự,
86,,,65,hình sự,
86,,,50,hình sự,
86,,2,136,tố tụng hình sự,
86,,,38,hình sự,
86,,1,69,thi hành án hình sự,
86,,1,51,hình sự,
86,,4,244,hình sự,
86,,1,52,hình sự,
86,a,1,244,hình sự,
86,s,1,51,hình sự,
87,,,30,,thi hành án dân sự
87,,,9,,thi hành án dân sự
87,,,7b,,thi hành án dân sự
87,,,7a,,thi hành án dân sự
87,,,7,,thi hành án dân sự
87,,,6,,thi hành án dân sự
87,,,2,,thi hành án dân sự
87,,,47,hình sự,
87,,,244,hình sự,
87,,,234,hình sự,
87,,,65,hình sự,
87,,3,92,thi hành án hình sự,
87,,4,244,hình sự,
87,,2,106,tố tụng hình sự,
87,b,2,106,tố tụng hình sự,
87,a,2,106,tố tụng hình sự,
87,,2,51,hình sự,
87,s,1,51,hình sự,
87,b,1,244,hình sự,
88,,,30,,thi hành án dân sự
88,,,9,,thi hành án dân sự
88,,,6,,thi hành án dân sự
88,,,7,,thi hành án dân sự
88,,,2,,thi hành án dân sự
88,,,136,tố tụng hình sự,
88,,,47,hình sự,
88,,,106,tố tụng hình sự,
88,,,244,hình sự,
88,,1,244,hình sự,
88,s,1,51,hình sự,
88,a,2,244,hình sự,
89,,,333,tố tụng hình sự,
89,,,331,tố tụng hình sự,
89,,,92,thi hành án hình sự,
89,,,56,hình sự,
89,,,47,hình sự,
89,,2,136,tố tụng hình sự,
89,,,65,hình sự,
89,,2,135,tố tụng hình sự,
89,,1,135,tố tụng hình sự,
89,,1,244,hình sự,
89,,2,90,,luật xử lý vi phạm hành chính
89,,3,106,tố tụng hình sự,
89,b,2,106,tố tụng hình sự,
89,,2,51,hình sự,
89,s,1,51,hình sự,
89,a,1,244,hình sự,
90,,,106,tố tụng hình sự,
90,,,47,hình sự,
90,,,333,tố tụng hình sự,
90,,,331,tố tụng hình sự,
90,,,260,tố tụng hình sự,
90,,,136,tố tụng hình sự,
90,,2,51,hình sự,
90,,,38,hình sự,
90,s,1,51,hình sự,
90,a,1,244,hình sự,
91,,,136,tố tụng hình sự,
91,,,292,tố tụng hình sự,
91,,,65,hình sự,
91,,,106,tố tụng hình sự,
91,,,47,hình sự,
91,,5,65,hình sự,
91,,1,92,thi hành án hình sự,
91,,2,51,hình sự,
91,h,1,51,hình sự,
91,s,1,51,hình sự,
91,a,1,244,hình sự,
92,,,136,tố tụng hình sự,
92,,,54,hình sự,
92,,,35,hình sự,
92,,1,244,hình sự,
92,b,1,244,hình sự,
92,n,1,51,hình sự,
92,,2,51,hình sự,
92,s,1,51,hình sự,
92,b,1,234,hình sự,
93,,,38,hình sự,
93,,,54,hình sự,
93,,3,244,hình sự,
93,,1,54,hình sự,
93,,4,244,hình sự,
93,a,2,106,tố tụng hình sự,
93,,2,51,hình sự,
93,s,1,51,hình sự,
93,a,3,244,hình sự,
94,,,333,tố tụng hình sự,
94,,,332,tố tụng hình sự,
94,,,331,tố tụng hình sự,
94,,,136,tố tụng hình sự,
94,,,92,thi hành án hình sự,
94,,,87,thi hành án hình sự,
94,,1,244,hình sự,
94,,,65,hình sự,
94,,2,51,hình sự,
94,s,1,51,hình sự,
95,,,356,tố tụng hình sự,32/2020/HS-ST
95,,,106,tố tụng hình sự,32/2020/HS-ST
95,,,136,tố tụng hình sự,32/2020/HS-ST
95,,,48,hình sự,32/2020/HS-ST
95,,,47,hình sự,32/2020/HS-ST
95,,,46,hình sự,32/2020/HS-ST
95,,2,136,tố tụng hình sự,32/2020/HS-ST
95,,,38,hình sự,32/2020/HS-ST
95,,1,244,hình sự,32/2020/HS-ST
95,,2,51,hình sự,32/2020/HS-ST
95,a,1,355,tố tụng hình sự,32/2020/HS-ST
95,s,1,51,hình sự,32/2020/HS-ST
95,a,1,244,hình sự,32/2020/HS-ST
96,,,106,tố tụng hình sự,
96,,,47,hình sự,
96,,,46,hình sự,
96,,,56,hình sự,
96,,,65,hình sự,
96,,,333,tố tụng hình sự,
96,,,332,tố tụng hình sự,
96,,,51,hình sự,
96,,,331,tố tụng hình sự,
96,,,136,tố tụng hình sự,
96,,1,69,thi hành án hình sự,
96,,1,106,tố tụng hình sự,
96,,5,65,hình sự,
96,,2,65,hình sự,
96,,1,65,hình sự,
96,i,1,51,hình sự,
96,d,3,106,tố tụng hình sự,
96,a,2,106,tố tụng hình sự,
96,a,1,47,hình sự,
96,,2,51,hình sự,
96,s,1,51,hình sự,
96,a,1,244,hình sự,
97,,1,100,thi hành án hình sự,
97,,,65,hình sự,
97,,2,136,tố tụng hình sự,
97,,4,244,hình sự,
97,,2,51,hình sự,
97,s,1,51,hình sự,
97,a,1,244,hình sự,
98,,,106,tố tụng hình sự,
98,,,36,hình sự,
98,,,38,hình sự,
98,,,54,hình sự,
98,,3,321,hình sự,
98,,1,321,hình sự,
98,,1,51,hình sự,
98,i,1,51,hình sự,
98,b,3,106,tố tụng hình sự,
98,a,1,47,hình sự,
98,c,2,106,tố tụng hình sự,
98,,2,51,hình sự,
98,s,1,51,hình sự,
98,b,1,51,hình sự,
98,a,2,244,hình sự,
99,,,65,hình sự,
99,,1,100,thi hành án hình sự,
99,,2,136,tố tụng hình sự,
99,,4,244,hình sự,
99,s,1,51,hình sự,
99,,2,51,hình sự,
99,a,1,244,hình sự,
100,,,92,thi hành án hình sự,
100,,,136,tố tụng hình sự,
100,,,135,tố tụng hình sự,
100,,,106,tố tụng hình sự,
100,,,48,hình sự,
100,,,65,hình sự,
100,,,46,hình sự,
100,,,293,tố tụng hình sự,
100,s,1,51,hình sự,
100,a,1,244,hình sự,
100,m,1,51,hình sự,
101,,,69,thi hành án hình sự,
101,,,326,tố tụng hình sự,
101,,,299,tố tụng hình sự,
101,,,92,thi hành án hình sự,
101,,,136,tố tụng hình sự,
101,,,106,tố tụng hình sự,
101,,,47,hình sự,
101,,,65,hình sự,
101,,1,51,hình sự,
101,,1,244,hình sự,
101,,2,51,hình sự,
101,s,1,51,hình sự,
102,,,38,hình sự,38/2020/HS-ST
102,,,58,hình sự,38/2020/HS-ST
102,,,356,tố tụng hình sự,38/2020/HS-ST
102,,2,136,tố tụng hình sự,38/2020/HS-ST
102,,2,51,hình sự,38/2020/HS-ST
102,a,1,355,tố tụng hình sự,38/2020/HS-ST
102,s,1,51,hình sự,38/2020/HS-ST
102,b,1,51,hình sự,38/2020/HS-ST
102,h,2,244,hình sự,38/2020/HS-ST
102,a,1,244,hình sự,38/2020/HS-ST
103,,4,244,hình sự,
103,,2,136,tố tụng hình sự,
103,d,3,106,tố tụng hình sự,
103,c,3,106,tố tụng hình sự,
103,t,1,51,hình sự,
103,c,2,106,tố tụng hình sự,
103,c,1,47,hình sự,
103,,2,51,hình sự,
103,s,1,51,hình sự,
103,a,2,244,hình sự,
104,,,92,thi hành án hình sự,
104,,4,244,hình sự,
104,,2,136,tố tụng hình sự,
104,,5,65,hình sự,
104,,2,65,hình sự,
104,,1,65,hình sự,
104,d,3,106,tố tụng hình sự,
104,a,2,106,tố tụng hình sự,
104,c,1,47,hình sự,
104,a,1,47,hình sự,
104,,2,51,hình sự,
104,s,1,51,hình sự,
104,b,1,244,hình sự,
105,,,30,,thi hành án dân sự
105,,,9,,thi hành án dân sự
105,,,7,,thi hành án dân sự
105,,,2,,thi hành án dân sự
105,,,333,tố tụng hình sự,
105,,,331,tố tụng hình sự,
105,,,65,hình sự,
105,,,38,hình sự,
105,,,58,hình sự,
105,,,17,hình sự,
105,,2,136,tố tụng hình sự,
105,,5,65,hình sự,
105,,1,69,thi hành án hình sự,
105,a,2,106,tố tụng hình sự,
105,,2,51,hình sự,
105,h,1,51,hình sự,
105,s,1,51,hình sự,
105,a,1,244,hình sự,
106,,,244,hình sự,
106,,,234,hình sự,
106,,,65,hình sự,
106,,,54,hình sự,
106,,2,136,tố tụng hình sự,
106,,4,244,hình sự,
106,,1,51,hình sự,
106,c,2,106,tố tụng hình sự,
106,b,2,106,tố tụng hình sự,
106,b,1,47,hình sự,
106,a,1,47,hình sự,
106,,2,51,hình sự,
106,v,1,51,hình sự,
106,s,1,51,hình sự,
106,b,1,51,hình sự,
106,h,2,244,hình sự,
107,,,244,hình sự,
107,,,136,tố tụng hình sự,
107,,,135,tố tụng hình sự,
107,c,2,106,tố tụng hình sự,
107,a,2,106,tố tụng hình sự,
107,,2,51,hình sự,
107,s,1,51,hình sự,
107,i,2,244,hình sự,
108,,,333,tố tụng hình sự,
108,,,331,tố tụng hình sự,
108,,,47,hình sự,
108,,,46,hình sự,
108,,,65,hình sự,
108,,,327,tố tụng hình sự,
108,,,326,tố tụng hình sự,
108,,,299,tố tụng hình sự,
108,,,269,tố tụng hình sự,
108,,,268,tố tụng hình sự,
108,,,260,tố tụng hình sự,
108,,,46,tố tụng hình sự,
108,,,45,tố tụng hình sự,
108,,,54,hình sự,
108,,1,244,hình sự,
108,,2,51,hình sự,
108,s,1,51,hình sự,
108,i,2,244,hình sự,
109,,,333,tố tụng hình sự,
109,,,331,tố tụng hình sự,
109,,,136,tố tụng hình sự,
109,,,91,thi hành án hình sự,
109,,,106,tố tụng hình sự,
109,,,47,hình sự,
109,,,65,hình sự,
109,,2,51,hình sự,
109,s,1,51,hình sự,
109,h,1,51,hình sự,
109,a,1,244,hình sự,
110,,,136,tố tụng hình sự,01/2020/HS-ST
110,,,356,tố tụng hình sự,01/2020/HS-ST
110,,,58,hình sự,01/2020/HS-ST
110,,,17,hình sự,01/2020/HS-ST
110,,1,51,hình sự,01/2020/HS-ST
110,,3,244,hình sự,01/2020/HS-ST
110,,4,244,hình sự,01/2020/HS-ST
110,,2,54,hình sự,01/2020/HS-ST
110,,1,54,hình sự,01/2020/HS-ST
110,b,1,355,tố tụng hình sự,01/2020/HS-ST
110,c,1,357,tố tụng hình sự,01/2020/HS-ST
110,a,1,355,tố tụng hình sự,01/2020/HS-ST
110,e,2,32,hình sự,01/2020/HS-ST
110,v,1,51,hình sự,01/2020/HS-ST
110,,2,51,hình sự,01/2020/HS-ST
110,t,1,51,hình sự,01/2020/HS-ST
110,s,1,51,hình sự,01/2020/HS-ST
110,a,3,244,hình sự,01/2020/HS-ST
112,,,92,thi hành án hình sự,
112,,,47,hình sự,
112,,,333,tố tụng hình sự,
112,,,331,tố tụng hình sự,
112,,,136,tố tụng hình sự,
112,,,65,hình sự,
112,s,1,51,hình sự,
112,h,1,51,hình sự,
112,a,1,244,hình sự,
113,,,106,tố tụng hình sự,
113,,,38,hình sự,
113,,,47,hình sự,
113,,1,54,hình sự,
113,,2,51,hình sự,
113,t,1,51,hình sự,
113,h,1,51,hình sự,
113,s,1,51,hình sự,
113,d,2,244,hình sự,
114,,,47,hình sự,
114,,,65,hình sự,
114,,,244,hình sự,
114,,,106,tố tụng hình sự,
114,,5,328,tố tụng hình sự,
114,,4,244,hình sự,
114,,4,7,,luật đa dạng sinh học
114,,2,54,hình sự,
114,,2,51,hình sự,
114,s,1,51,hình sự,
114,i,1,51,hình sự,
114,a,1,244,hình sự,
115,,,106,tố tụng hình sự,
115,,,47,hình sự,
115,,,65,hình sự,
115,,2,136,tố tụng hình sự,
115,,4,244,hình sự,
115,,4,7,,luật đa dạng sinh học
115,,2,51,hình sự,
115,s,1,51,hình sự,
115,a,1,244,hình sự,
116,,,347,tố tụng hình sự,06/2020/HSST
116,,,119,tố tụng hình sự,06/2020/HSST
116,,,113,tố tụng hình sự,06/2020/HSST
116,,,109,tố tụng hình sự,06/2020/HSST
116,,,333,tố tụng hình sự,06/2020/HSST
116,,,356,tố tụng hình sự,06/2020/HSST
116,,2,262,tố tụng hình sự,06/2020/HSST
116,,,355,tố tụng hình sự,06/2020/HSST
116,,2,136,tố tụng hình sự,06/2020/HSST
116,,2,135,tố tụng hình sự,06/2020/HSST
116,a,1,355,tố tụng hình sự,06/2020/HSST
116,a,1,55,hình sự,06/2020/HSST
116,,2,51,hình sự,06/2020/HSST
116,s,1,51,hình sự,06/2020/HSST
116,i,1,51,hình sự,06/2020/HSST
116,a,2,244,hình sự,06/2020/HSST
116,c,1,191,hình sự,06/2020/HSST
117,,,333,tố tụng hình sự,
117,,,331,tố tụng hình sự,
117,,,50,hình sự,
117,,,38,hình sự,
117,,,106,tố tụng hình sự,
117,,,47,hình sự,
117,,2,136,tố tụng hình sự,
117,,1,244,hình sự,
117,,3,106,tố tụng hình sự,
117,a,2,106,tố tụng hình sự,
117,a,1,47,hình sự,
117,s,1,51,hình sự,
117,a,1,244,hình sự,
118,,,136,tố tụng hình sự,
118,,,58,hình sự,
118,,4,244,hình sự,
118,,5,65,hình sự,
118,,2,65,hình sự,
118,,1,65,hình sự,
118,a,2,106,tố tụng hình sự,
118,a,3,106,tố tụng hình sự,
118,b,2,106,tố tụng hình sự,
118,,2,51,hình sự,
118,t,1,51,hình sự,
118,s,1,51,hình sự,
118,a,1,244,hình sự,
118,b,1,244,hình sự,
119,,,337,tố tụng hình sự,67/2019/HS-ST
119,,,336,tố tụng hình sự,67/2019/HS-ST
119,,,38,hình sự,67/2019/HS-ST
119,,,54,hình sự,67/2019/HS-ST
119,,,234,hình sự,67/2019/HS-ST
119,,,244,hình sự,67/2019/HS-ST
119,a,2,357,tố tụng hình sự,67/2019/HS-ST
119,b,1,355,tố tụng hình sự,67/2019/HS-ST
119,a,3,244,hình sự,67/2019/HS-ST
119,s,1,51,hình sự,67/2019/HS-ST
119,,2,51,hình sự,67/2019/HS-ST
119,a,2,244,hình sự,67/2019/HS-ST
120,,,136,tố tụng hình sự,60/2019/HS-ST
120,,,135,tố tụng hình sự,60/2019/HS-ST
120,,,65,hình sự,60/2019/HS-ST
120,,,56,hình sự,60/2019/HS-ST
120,,,356,tố tụng hình sự,60/2019/HS-ST
120,,1,69,thi hành án hình sự,60/2019/HS-ST
120,,1,38,hình sự,60/2019/HS-ST
120,e,1,357,tố tụng hình sự,60/2019/HS-ST
120,b,1,355,tố tụng hình sự,60/2019/HS-ST
120,a,1,355,tố tụng hình sự,60/2019/HS-ST
120,,2,51,hình sự,60/2019/HS-ST
120,a,1,244,hình sự,60/2019/HS-ST
120,s,1,51,hình sự,60/2019/HS-ST
122,,,38,hình sự,201/2019/HS-ST
122,,,356,tố tụng hình sự,201/2019/HS-ST
122,,1,244,hình sự,201/2019/HS-ST
122,,2,51,hình sự,201/2019/HS-ST
122,c,1,357,tố tụng hình sự,201/2019/HS-ST
122,b,1,355,tố tụng hình sự,201/2019/HS-ST
122,a,1,355,tố tụng hình sự,201/2019/HS-ST
122,s,1,51,hình sự,201/2019/HS-ST
122,a,1,244,hình sự,201/2019/HS-ST
123,,,50,hình sự,
123,,,106,tố tụng hình sự,
123,,,38,hình sự,
123,,2,136,tố tụng hình sự,
123,,2,135,tố tụng hình sự,
123,a,2,106,tố tụng hình sự,
123,a,1,47,hình sự,
123,s,1,51,hình sự,
123,a,3,244,hình sự,
124,,,56,hình sự,
124,,,65,hình sự,
124,,1,69,thi hành án hình sự,
124,,1,47,hình sự,
124,,2,65,hình sự,
124,,1,65,hình sự,
124,a,2,106,tố tụng hình sự,
124,b,1,46,hình sự,
124,,2,51,hình sự,
124,s,1,51,hình sự,
124,a,1,244,hình sự,
125,,,58,hình sự,
125,,,244,hình sự,
125,,,234,hình sự,
125,,2,136,tố tụng hình sự,
125,a,2,106,tố tụng hình sự,
125,,2,51,hình sự,
125,s,1,51,hình sự,
125,b,1,51,hình sự,
125,h,2,244,hình sự,
126,,,56,hình sự,
126,,,106,tố tụng hình sự,
126,,,47,hình sự,
126,,,65,hình sự,
126,,2,136,tố tụng hình sự,
126,,2,51,hình sự,
126,s,1,51,hình sự,
126,a,1,244,hình sự,
127,,,30,,thi hành án dân sự
127,,,9,,thi hành án dân sự
127,,,7,,thi hành án dân sự
127,,,6,,thi hành án dân sự
127,,,2,,thi hành án dân sự
127,,,65,hình sự,
127,,4,244,hình sự,
127,c,2,106,tố tụng hình sự,
127,b,2,106,tố tụng hình sự,
127,a,2,106,tố tụng hình sự,
127,b,1,47,hình sự,
127,a,1,47,hình sự,
127,,2,51,hình sự,
127,s,1,51,hình sự,
127,a,1,244,hình sự,
128,,,136,tố tụng hình sự,
128,,,46,hình sự,
128,,,106,tố tụng hình sự,
128,,,65,hình sự,
128,,,54,hình sự,
128,,1,69,thi hành án hình sự,
128,,4,244,hình sự,
128,,2,51,hình sự,
128,t,1,51,hình sự,
128,s,1,51,hình sự,
128,i,2,244,hình sự,
128,a,2,244,hình sự,
129,,,136,tố tụng hình sự,
129,,,135,tố tụng hình sự,
129,,,333,tố tụng hình sự,
129,,,331,tố tụng hình sự,
129,,,106,tố tụng hình sự,
129,,,65,hình sự,
129,,1,69,thi hành án hình sự,
129,,2,51,hình sự,
129,s,1,51,hình sự,
129,h,1,51,hình sự,
129,a,1,244,hình sự,
130,,,106,tố tụng hình sự,
130,,1,69,thi hành án hình sự,
130,,2,136,tố tụng hình sự,
130,,2,135,tố tụng hình sự,
130,,2,65,hình sự,
130,,1,65,hình sự,
130,c,2,106,tố tụng hình sự,
130,a,1,47,hình sự,
130,,2,51,hình sự,
130,t,1,51,hình sự,
130,s,1,51,hình sự,
130,a,1,244,hình sự,
131,,,65,hình sự,12/2019/HS-ST
131,,,38,hình sự,12/2019/HS-ST
131,,2,135,tố tụng hình sự,12/2019/HS-ST
131,,1,50,hình sự,12/2019/HS-ST
131,,2,51,hình sự,12/2019/HS-ST
131,c,1,357,tố tụng hình sự,12/2019/HS-ST
131,b,1,355,tố tụng hình sự,12/2019/HS-ST
131,s,1,51,hình sự,12/2019/HS-ST
131,a,1,244,hình sự,12/2019/HS-ST
132,,,356,tố tụng hình sự,58/2018/HS-ST
132,,,38,hình sự,58/2018/HS-ST
132,,,37,hình sự,58/2018/HS-ST
132,,,58,hình sự,58/2018/HS-ST
132,a,1,355,tố tụng hình sự,58/2018/HS-ST
132,s,1,51,hình sự,58/2018/HS-ST
132,b,1,244,hình sự,58/2018/HS-ST
133,,,38,hình sự,61A/2020/HS-ST
133,,,356,tố tụng hình sự,61A/2020/HS-ST
133,,,65,hình sự,61A/2020/HS-ST
133,,,136,tố tụng hình sự,61A/2020/HS-ST
133,e,1,357,tố tụng hình sự,61A/2020/HS-ST
133,b,1,355,tố tụng hình sự,61A/2020/HS-ST
133,a,1,355,tố tụng hình sự,61A/2020/HS-ST
133,,2,51,hình sự,61A/2020/HS-ST
133,s,1,51,hình sự,61A/2020/HS-ST
133,b,1,244,hình sự,61A/2020/HS-ST
134,,,65,hình sự,
134,,1,51,hình sự,
134,,2,51,hình sự,
134,s,1,51,hình sự,
134,h,1,51,hình sự,
134,a,1,244,hình sự,
135,,,65,hình sự,198/2020/HS-ST
135,,,38,hình sự,198/2020/HS-ST
135,,1,244,hình sự,198/2020/HS-ST
135,e,1,357,tố tụng hình sự,198/2020/HS-ST
135,,2,355,tố tụng hình sự,198/2020/HS-ST
135,b,1,355,tố tụng hình sự,198/2020/HS-ST
135,s,1,51,hình sự,198/2020/HS-ST
135,h,1,51,hình sự,198/2020/HS-ST
135,,4,244,hình sự,198/2020/HS-ST
135,a,1,244,hình sự,198/2020/HS-ST
136,,,136,tố tụng hình sự,185/2020/HSST
136,,,65,hình sự,185/2020/HSST
136,,3,92,thi hành án hình sự,185/2020/HSST
136,,,38,hình sự,185/2020/HSST
136,e,1,357,tố tụng hình sự,185/2020/HSST
136,b,1,355,tố tụng hình sự,185/2020/HSST
136,,2,51,hình sự,185/2020/HSST
136,s,1,51,hình sự,185/2020/HSST
136,a,1,244,hình sự,185/2020/HSST
137,,,30,,thi hành án dân sự
137,,,9,,thi hành án dân sự
137,,,7,,thi hành án dân sự
137,,,6,,thi hành án dân sự
137,,,2,,thi hành án dân sự
137,,,135,tố tụng hình sự,
137,,,136,tố tụng hình sự,
137,,,106,tố tụng hình sự,
137,,,47,hình sự,
137,,,38,hình sự,
137,,,54,hình sự,
137,,,234,hình sự,
137,,,244,hình sự,
137,,1,51,hình sự,
137,,2,51,hình sự,
137,u,1,51,hình sự,
137,s,1,51,hình sự,
137,a,1,244,hình sự,
138,,,47,hình sự,
138,,,65,hình sự,
138,,2,106,tố tụng hình sự,
138,,2,92,thi hành án hình sự,
138,t,1,51,hình sự,
138,s,1,51,hình sự,
138,,4,244,hình sự,
138,a,1,244,hình sự,
139,,,333,tố tụng hình sự,
139,,,331,tố tụng hình sự,
139,,,47,hình sự,
139,,,38,hình sự,
139,,,106,tố tụng hình sự,
139,,,47,tố tụng hình sự,
139,,1,244,hình sự,
139,,2,51,hình sự,
139,s,1,51,hình sự,
139,a,1,244,hình sự,
140,,,30,,thi hành án dân sự
140,,,2,,thi hành án dân sự
140,,,106,tố tụng hình sự,
140,,,47,hình sự,
140,,,46,hình sự,
140,,,136,tố tụng hình sự,
140,,,234,hình sự,
140,,,65,hình sự,
140,,,54,hình sự,
140,,2,136,tố tụng hình sự,
140,,1,69,thi hành án hình sự,
140,,2,51,hình sự,
140,x,1,51,hình sự,
140,s,1,51,hình sự,
140,b,2,244,hình sự,
141,,,356,tố tụng hình sự,130/2020/HS-ST
141,a,1,355,tố tụng hình sự,130/2020/HS-ST
141,,2,51,hình sự,130/2020/HS-ST
141,s,1,51,hình sự,130/2020/HS-ST
141,i,2,244,hình sự,130/2020/HS-ST
141,d,2,244,hình sự,130/2020/HS-ST
142,,,333,tố tụng hình sự,
142,,,331,tố tụng hình sự,
142,,,135,tố tụng hình sự,
142,,,136,tố tụng hình sự,
142,,,106,tố tụng hình sự,
142,,,47,hình sự,
142,,,65,hình sự,
142,s,1,51,hình sự,
142,,2,51,hình sự,
142,a,1,244,hình sự,
143,,,136,tố tụng hình sự,26/2020/HS-ST
143,,,135,tố tụng hình sự,26/2020/HS-ST
143,,,56,hình sự,26/2020/HS-ST
143,,,65,hình sự,26/2020/HS-ST
143,,,356,tố tụng hình sự,26/2020/HS-ST
143,,3,92,thi hành án hình sự,26/2020/HS-ST
143,e,1,357,tố tụng hình sự,26/2020/HS-ST
143,a,1,355,tố tụng hình sự,26/2020/HS-ST
143,b,1,355,tố tụng hình sự,26/2020/HS-ST
143,,2,51,hình sự,26/2020/HS-ST
143,s,1,51,hình sự,26/2020/HS-ST
143,a,1,244,hình sự,26/2020/HS-ST
144,,,333,tố tụng hình sự,
144,,,331,tố tụng hình sự,
144,,,106,tố tụng hình sự,
144,,,47,hình sự,
144,,,92,thi hành án hình sự,
144,,,52,hình sự,
144,,,65,hình sự,
144,,2,136,tố tụng hình sự,
144,,2,51,hình sự,
144,t,1,51,hình sự,
144,s,1,51,hình sự,
144,b,1,244,hình sự,
145,,,244,hình sự,
145,,,234,hình sự,
145,,,54,hình sự,
145,,2,136,tố tụng hình sự,
145,,4,244,hình sự,
145,,1,51,hình sự,
145,c,2,106,tố tụng hình sự,
145,b,2,106,tố tụng hình sự,
145,b,1,47,hình sự,
145,a,1,47,hình sự,
145,,2,51,hình sự,
145,s,1,51,hình sự,
145,m,1,51,hình sự,
145,h,2,244,hình sự,
145,g,2,244,hình sự,
145,a,2,244,hình sự,
146,,,135,tố tụng hình sự,
146,,,42,tố tụng hình sự,
146,,,333,tố tụng hình sự,
146,,,37,tố tụng hình sự,
146,,,332,tố tụng hình sự,
146,,,331,tố tụng hình sự,
146,,,136,tố tụng hình sự,
146,,,106,tố tụng hình sự,
146,,,47,hình sự,
146,,2,136,tố tụng hình sự,
146,,4,244,hình sự,
146,,2,51,hình sự,
146,s,1,51,hình sự,
146,a,1,244,hình sự,
147,,,356,tố tụng hình sự,166/2020/HS-ST
147,,,65,hình sự,166/2020/HS-ST
147,,2,355,tố tụng hình sự,166/2020/HS-ST
147,a,1,355,tố tụng hình sự,166/2020/HS-ST
147,,2,51,hình sự,166/2020/HS-ST
147,s,1,51,hình sự,166/2020/HS-ST
147,a,1,244,hình sự,166/2020/HS-ST
148,,,65,hình sự,166/2020/HS-ST
148,,,356,tố tụng hình sự,166/2020/HS-ST
148,,2,355,tố tụng hình sự,166/2020/HS-ST
148,a,1,355,tố tụng hình sự,166/2020/HS-ST
148,,2,51,hình sự,166/2020/HS-ST
148,s,1,51,hình sự,166/2020/HS-ST
148,a,1,244,hình sự,166/2020/HS-ST
149,,,92,thi hành án hình sự,
149,,2,136,tố tụng hình sự,
149,,2,65,hình sự,
149,,1,65,hình sự,
149,a,3,106,tố tụng hình sự,
149,,2,51,hình sự,
149,s,1,51,hình sự,
149,a,1,244,hình sự,
150,,,136,tố tụng hình sự,18/2021/HSST
150,,,65,hình sự,18/2021/HSST
150,,,38,hình sự,18/2021/HSST
150,,1,51,hình sự,18/2021/HSST
150,b,1,355,tố tụng hình sự,18/2021/HSST
150,e,1,357,tố tụng hình sự,18/2021/HSST
150,,2,51,hình sự,18/2021/HSST
150,s,1,51,hình sự,18/2021/HSST
150,a,1,244,hình sự,18/2021/HSST
151,,,30,,thi hành án dân sự
151,,,9,,thi hành án dân sự
151,,,7,,thi hành án dân sự
151,,,6,,thi hành án dân sự
151,,,2,,thi hành án dân sự
151,,,136,tố tụng hình sự,
151,,,106,tố tụng hình sự,
151,,,47,hình sự,
151,,,65,hình sự,
151,,1,69,thi hành án hình sự,
151,,2,51,hình sự,
151,s,1,51,hình sự,
151,a,1,244,hình sự,
152,,,356,tố tụng hình sự,08/2021/HSST
152,,,57,hình sự,08/2021/HSST
152,,,15,hình sự,08/2021/HSST
152,,,38,hình sự,08/2021/HSST
152,a,1,355,tố tụng hình sự,08/2021/HSST
152,,2,51,hình sự,08/2021/HSST
152,s,1,51,hình sự,08/2021/HSST
152,a,2,244,hình sự,08/2021/HSST
153,,,56,hình sự,
153,,,92,thi hành án hình sự,
153,,,333,tố tụng hình sự,
153,,,331,tố tụng hình sự,
153,,,51,hình sự,
153,,,244,hình sự,
153,,,65,hình sự,
153,b,3,106,tố tụng hình sự,
153,,2,136,tố tụng hình sự,
153,,1,47,hình sự,
153,,4,244,hình sự,
153,a,2,106,tố tụng hình sự,
153,,2,51,hình sự,
153,v,1,51,hình sự,
153,s,1,51,hình sự,
153,b,1,244,hình sự,
154,,,38,hình sự,61/2020/HS-ST
154,a,1,355,tố tụng hình sự,61/2020/HS-ST
154,,2,51,hình sự,61/2020/HS-ST
154,,4,244,hình sự,61/2020/HS-ST
154,s,1,51,hình sự,61/2020/HS-ST
154,d,3,244,hình sự,61/2020/HS-ST
155,,,136,tố tụng hình sự,169/2020/HSST
155,,,65,hình sự,169/2020/HSST
155,,,356,tố tụng hình sự,169/2020/HSST
155,,,38,hình sự,169/2020/HSST
155,,3,92,thi hành án hình sự,169/2020/HSST
155,a,1,355,tố tụng hình sự,169/2020/HSST
155,e,1,357,tố tụng hình sự,169/2020/HSST
155,b,1,355,tố tụng hình sự,169/2020/HSST
155,,2,51,hình sự,169/2020/HSST
155,s,1,51,hình sự,169/2020/HSST
155,a,1,244,hình sự,169/2020/HSST
156,,,356,tố tụng hình sự,07/2021/HS-ST
156,a,1,355,tố tụng hình sự,07/2021/HS-ST
156,s,1,51,hình sự,07/2021/HS-ST
156,a,1,244,hình sự,07/2021/HS-ST
157,,,52,hình sự,
157,,,35,hình sự,
157,,2,126,tố tụng hình sự,
157,,2,135,tố tụng hình sự,
157,,2,51,hình sự,
157,s,1,51,hình sự,
157,b,1,244,hình sự,
158,,,65,hình sự,
158,,2,92,thi hành án hình sự,
158,a,3,106,tố tụng hình sự,
158,c,2,106,tố tụng hình sự,
158,a,2,106,tố tụng hình sự,
158,,2,51,hình sự,
158,s,1,51,hình sự,
158,,4,244,hình sự,
158,a,1,244,hình sự,
159,,,100,thi hành án hình sự,
159,,,92,thi hành án hình sự,
159,,,333,tố tụng hình sự,
159,,,331,tố tụng hình sự,
159,,,38,hình sự,
159,,,50,hình sự,
159,,,54,hình sự,
159,,,36,hình sự,
159,,,65,hình sự,
159,,1,51,hình sự,
159,,2,136,tố tụng hình sự,
159,,3,54,hình sự,
159,,1,54,hình sự,
159,,1,244,hình sự,
159,a,2,106,tố tụng hình sự,
159,a,1,47,hình sự,
159,,2,51,hình sự,
159,t,1,51,hình sự,
159,s,1,51,hình sự,
159,b,1,244,hình sự,
160,,,136,tố tụng hình sự,
160,,,337,tố tụng hình sự,
160,,,336,tố tụng hình sự,
160,,,333,tố tụng hình sự,
160,,,262,tố tụng hình sự,
160,,,331,tố tụng hình sự,
160,,,65,hình sự,
160,,,106,tố tụng hình sự,
160,,,48,hình sự,
160,,,47,hình sự,
160,,1,244,hình sự,
160,s,1,51,hình sự,
160,,2,51,hình sự,
161,,,30,,thi hành án dân sự
161,,,9,,thi hành án dân sự
161,,,7b,,thi hành án dân sự
161,,,7a,,thi hành án dân sự
161,,,7,,thi hành án dân sự
161,,,6,,thi hành án dân sự
161,,,2,,thi hành án dân sự
161,,,106,tố tụng hình sự,
161,,,47,hình sự,
161,,,65,hình sự,
161,,2,136,tố tụng hình sự,
161,,2,135,tố tụng hình sự,
161,,2,35,hình sự,
161,,4,244,hình sự,
161,a,2,106,tố tụng hình sự,
161,a,1,47,hình sự,
161,s,1,51,hình sự,
161,,2,51,hình sự,
161,a,1,244,hình sự,
162,,,333,tố tụng hình sự,
162,,,331,tố tụng hình sự,
162,,,136,tố tụng hình sự,
162,,,65,hình sự,
162,,,47,hình sự,
162,,,106,tố tụng hình sự,
162,,,38,hình sự,
162,,1,47,hình sự,
162,,4,244,hình sự,
162,,2,51,hình sự,
162,s,1,51,hình sự,
162,a,1,244,hình sự,
163,,,333,tố tụng hình sự,
163,,,331,tố tụng hình sự,
163,,,136,tố tụng hình sự,
163,,,135,tố tụng hình sự,
163,,,106,tố tụng hình sự,
163,,,47,hình sự,
163,,,38,hình sự,
163,a,1,244,hình sự,
163,s,1,51,hình sự,
164,,,333,tố tụng hình sự,
164,,,331,tố tụng hình sự,
164,,,52,hình sự,
164,,,106,tố tụng hình sự,
164,,,47,hình sự,
164,,,38,hình sự,
164,,2,136,tố tụng hình sự,
164,s,1,51,hình sự,
164,a,1,244,hình sự,
165,,,333,tố tụng hình sự,
165,,,332,tố tụng hình sự,
165,,,331,tố tụng hình sự,
165,,,136,tố tụng hình sự,
165,,,65,hình sự,
165,,,52,hình sự,
165,,1,92,thi hành án hình sự,
165,,2,51,hình sự,
165,s,1,51,hình sự,
165,a,1,244,hình sự,
167,,,65,hình sự,20/2021/HS-ST
167,,,58,hình sự,20/2021/HS-ST
167,,,38,hình sự,20/2021/HS-ST
167,,,17,hình sự,20/2021/HS-ST
167,,2,136,tố tụng hình sự,20/2021/HS-ST
167,,1,244,hình sự,20/2021/HS-ST
167,e,1,357,tố tụng hình sự,20/2021/HS-ST
167,b,1,355,tố tụng hình sự,20/2021/HS-ST
167,i,1,51,hình sự,20/2021/HS-ST
167,,2,51,hình sự,20/2021/HS-ST
167,s,1,51,hình sự,20/2021/HS-ST
167,a,1,244,hình sự,20/2021/HS-ST
168,,,333,tố tụng hình sự,
168,,,331,tố tụng hình sự,
168,,,136,tố tụng hình sự,
168,,,106,tố tụng hình sự,
168,,,47,hình sự,
168,,1,69,thi hành án hình sự,
168,,,65,hình sự,
168,,2,51,hình sự,
168,s,1,51,hình sự,
168,a,1,244,hình sự,
169,,,136,tố tụng hình sự,
169,,,106,tố tụng hình sự,
169,,,47,hình sự,
169,,,65,hình sự,
169,,3,92,thi hành án hình sự,
169,,2,51,hình sự,
169,s,1,51,hình sự,
169,a,1,244,hình sự,
170,,,136,tố tụng hình sự,
170,,,106,tố tụng hình sự,
170,,,47,hình sự,
170,,,65,hình sự,
170,,,51,hình sự,
170,,,52,hình sự,
170,,1,244,hình sự,
170,,2,51,hình sự,
170,s,1,51,hình sự,
170,i,1,51,hình sự,
171,,,136,tố tụng hình sự,
171,,,106,tố tụng hình sự,
171,,,47,hình sự,
171,,,65,hình sự,
171,,,52,hình sự,
171,,,51,hình sự,
171,,1,244,hình sự,
171,,2,51,hình sự,
171,s,1,51,hình sự,
171,i,1,51,hình sự,
172,,,30,,thi hành án dân sự
172,,,9,,thi hành án dân sự
172,,,7,,thi hành án dân sự
172,,,6,,thi hành án dân sự
172,,,2,,thi hành án dân sự
172,,,106,tố tụng hình sự,
172,,,48,hình sự,
172,,,47,hình sự,
172,,,54,hình sự,
172,,,38,hình sự,
172,s,1,51,hình sự,
172,a,3,244,hình sự,
173,,,136,tố tụng hình sự,02/2021/HS-ST
173,,,356,tố tụng hình sự,02/2021/HS-ST
173,,2,244,hình sự,02/2021/HS-ST
173,a,1,355,tố tụng hình sự,02/2021/HS-ST
173,d,2,290,tố tụng hình sự,02/2021/HS-ST
173,s,1,51,hình sự,02/2021/HS-ST
174,,,337,tố tụng hình sự,
174,,,333,tố tụng hình sự,
174,,,331,tố tụng hình sự,
174,,,136,tố tụng hình sự,
174,,,106,tố tụng hình sự,
174,,,65,hình sự,
174,,2,51,hình sự,
174,s,1,51,hình sự,
174,b,1,244,hình sự,
175,,,56,hình sự,
175,,,331,tố tụng hình sự,
175,,,244,hình sự,
175,,,234,hình sự,
175,,,92,thi hành án hình sự,
175,,,65,hình sự,
175,,2,136,tố tụng hình sự,
175,,3,92,thi hành án hình sự,
175,,5,65,hình sự,
175,,2,65,hình sự,
175,,1,65,hình sự,
175,,1,292,tố tụng hình sự,
175,,1,333,tố tụng hình sự,
175,,4,244,hình sự,
175,,1,52,hình sự,
175,,1,106,tố tụng hình sự,
175,b,3,106,tố tụng hình sự,
175,a,2,106,tố tụng hình sự,
175,a,1,47,hình sự,
175,,2,51,hình sự,
175,s,1,51,hình sự,
175,b,1,244,hình sự,
176,,,54,hình sự,
176,,,106,tố tụng hình sự,
176,,,38,hình sự,
176,,2,136,tố tụng hình sự,
176,d,3,106,tố tụng hình sự,
176,b,2,106,tố tụng hình sự,
176,,2,51,hình sự,
176,a,2,106,tố tụng hình sự,
176,i,1,51,hình sự,
176,s,1,51,hình sự,
176,a,2,244,hình sự,
177,,,30,,thi hành án dân sự
177,,,2,,thi hành án dân sự
177,,2,136,tố tụng hình sự,
177,,2,51,hình sự,
177,c,1,47,hình sự,
177,s,1,51,hình sự,
177,a,1,244,hình sự,
178,,,56,hình sự,
178,,,331,tố tụng hình sự,
178,,,52,hình sự,
178,,,106,tố tụng hình sự,
178,,,47,hình sự,
178,,,65,hình sự,
178,,2,136,tố tụng hình sự,
178,,2,51,hình sự,
178,s,1,51,hình sự,
178,a,1,244,hình sự,
180,,,136,tố tụng hình sự,
180,,,106,tố tụng hình sự,
180,,,47,hình sự,
180,,,244,hình sự,
180,,,38,hình sự,
180,s,1,51,hình sự,
180,b,1,244,hình sự,
181,,,333,tố tụng hình sự,
181,,,331,tố tụng hình sự,
181,,,136,tố tụng hình sự,
181,,,106,tố tụng hình sự,
181,,,47,hình sự,
181,,,38,hình sự,
181,,2,51,hình sự,
181,s,1,51,hình sự,
181,a,1,244,hình sự,
182,,,135,tố tụng hình sự,
182,,,38,hình sự,
182,,2,136,tố tụng hình sự,
182,,1,47,hình sự,
182,,4,244,hình sự,
182,a,3,106,tố tụng hình sự,
182,c,2,106,tố tụng hình sự,
182,b,2,106,tố tụng hình sự,
182,a,2,106,tố tụng hình sự,
182,,2,51,hình sự,
182,s,1,51,hình sự,
182,a,2,244,hình sự,
183,,,333,tố tụng hình sự,
183,,,331,tố tụng hình sự,
183,,,106,tố tụng hình sự,
183,,,65,hình sự,
183,,2,136,tố tụng hình sự,
183,a,1,47,hình sự,
183,s,1,51,hình sự,
183,h,1,51,hình sự,
183,a,1,244,hình sự,
184,,,30,,thi hành án dân sự
184,,,9,,thi hành án dân sự
184,,,7,,thi hành án dân sự
184,,,6,,thi hành án dân sự
184,,,2,,thi hành án dân sự
184,,,106,tố tụng hình sự,
184,,,47,hình sự,
184,,,65,hình sự,
184,,2,136,tố tụng hình sự,
184,,4,244,hình sự,
184,,2,51,hình sự,
184,s,1,51,hình sự,
184,a,1,244,hình sự,
185,,,333,tố tụng hình sự,
185,,,331,tố tụng hình sự,
185,,,65,hình sự,
185,,,50,hình sự,
185,,,38,hình sự,
185,,,17,hình sự,
185,,3,106,tố tụng hình sự,
185,,2,106,tố tụng hình sự,
185,,5,65,hình sự,
185,,2,65,hình sự,
185,,1,65,hình sự,
185,,2,136,tố tụng hình sự,
185,,1,51,hình sự,
185,,1,244,hình sự,
185,h,1,51,hình sự,
185,,3,106,tố tụng hình sự,
185,c,2,106,tố tụng hình sự,
185,b,2,106,tố tụng hình sự,
185,a,2,106,tố tụng hình sự,
185,b,1,47,hình sự,
185,a,1,47,hình sự,
185,,2,51,hình sự,
185,s,1,51,hình sự,
185,a,1,244,hình sự,
186,,,136,tố tụng hình sự,
186,,,135,tố tụng hình sự,
186,,,106,tố tụng hình sự,
186,,,47,hình sự,
186,,,56,hình sự,
186,,,234,hình sự,
186,,,244,hình sự,
186,,,293,tố tụng hình sự,
186,,,65,hình sự,
186,,4,244,hình sự,
186,d,3,106,tố tụng hình sự,
186,,2,51,hình sự,
186,t,1,51,hình sự,
186,s,1,51,hình sự,
186,a,1,244,hình sự,
187,,,92,thi hành án hình sự,
187,,,87,thi hành án hình sự,
187,,,136,tố tụng hình sự,
187,,,135,tố tụng hình sự,
187,,,106,tố tụng hình sự,
187,,,46,hình sự,
187,,,65,hình sự,
187,,4,244,hình sự,
187,,2,51,hình sự,
187,s,1,51,hình sự,
187,b,1,244,hình sự,
187,d,3,106,tố tụng hình sự,
188,,,92,thi hành án hình sự,
188,,,333,tố tụng hình sự,
188,,,331,tố tụng hình sự,
188,,,52,hình sự,
188,,,106,tố tụng hình sự,
188,,,47,hình sự,
188,,,65,hình sự,
188,,1,51,hình sự,
188,,2,51,hình sự,
188,s,1,51,hình sự,
188,a,1,244,hình sự,
189,,,136,tố tụng hình sự,71/2021/HSST
189,,,65,hình sự,71/2021/HSST
189,,,38,hình sự,71/2021/HSST
189,,1,51,hình sự,71/2021/HSST
189,a,1,355,tố tụng hình sự,71/2021/HSST
189,e,1,357,tố tụng hình sự,71/2021/HSST
189,b,1,355,tố tụng hình sự,71/2021/HSST
189,,2,51,hình sự,71/2021/HSST
189,s,1,51,hình sự,71/2021/HSST
189,b,1,244,hình sự,71/2021/HSST
190,,,54,hình sự,86/2021/HS-ST
190,,1,51,hình sự,86/2021/HS-ST
190,,3,244,hình sự,86/2021/HS-ST
190,c,1,357,tố tụng hình sự,86/2021/HS-ST
190,b,1,355,tố tụng hình sự,86/2021/HS-ST
190,,2,51,hình sự,86/2021/HS-ST
190,s,1,51,hình sự,86/2021/HS-ST
190,b,1,51,hình sự,86/2021/HS-ST
190,a,3,244,hình sự,86/2021/HS-ST
191,,,106,tố tụng hình sự,
191,,,47,hình sự,
191,,,54,hình sự,
191,,,50,hình sự,
191,,,38,hình sự,
191,,2,51,hình sự,
191,s,1,51,hình sự,
191,a,3,244,hình sự,
193,,,30,,thi hành án dân sự
193,,,9,,thi hành án dân sự
193,,,7b,,thi hành án dân sự
193,,,7a,,thi hành án dân sự
193,,,7,,thi hành án dân sự
193,,,6,,thi hành án dân sự
193,,,2,,thi hành án dân sự
193,,,136,tố tụng hình sự,
193,,,92,thi hành án hình sự,
193,,,244,hình sự,
193,,,106,tố tụng hình sự,
193,,,47,hình sự,
193,,,65,hình sự,
193,h,1,51,hình sự,
193,,2,51,hình sự,
193,s,1,51,hình sự,
193,a,1,244,hình sự,
194,,,333,tố tụng hình sự,
194,,,331,tố tụng hình sự,
194,,,92,thi hành án hình sự,
194,,,234,hình sự,
194,,,47,hình sự,
194,,,65,hình sự,
194,,2,136,tố tụng hình sự,
194,,1,47,hình sự,
194,,2,106,tố tụng hình sự,
194,b,1,47,hình sự,
194,a,1,46,hình sự,
194,,2,51,hình sự,
194,s,1,51,hình sự,
194,b,1,244,hình sự,
196,,,333,tố tụng hình sự,
196,,,331,tố tụng hình sự,
196,,,136,tố tụng hình sự,
196,,,106,tố tụng hình sự,
196,,,47,hình sự,
196,,,65,hình sự,
196,,2,51,hình sự,
196,s,1,51,hình sự,
196,a,1,244,hình sự,
197,,,337,tố tụng hình sự,
197,,,333,tố tụng hình sự,
197,,,331,tố tụng hình sự,
197,,,106,tố tụng hình sự,
197,,,47,hình sự,
197,,,92,thi hành án hình sự,
197,,,65,hình sự,
197,,2,136,tố tụng hình sự,
197,,2,51,hình sự,
197,s,1,51,hình sự,
197,b,1,244,hình sự,
198,,,244,hình sự,
198,,,106,tố tụng hình sự,
198,,,47,hình sự,
198,,,46,hình sự,
198,,2,136,tố tụng hình sự,
198,s,1,51,hình sự,
198,c,1,244,hình sự,
199,,,106,tố tụng hình sự,
199,,,65,hình sự,
199,,,58,hình sự,
199,,,17,hình sự,
199,,,60,hình sự,
199,,,47,hình sự,
199,,,53,hình sự,
199,,,20,hình sự,
199,,,18,hình sự,
199,,2,136,tố tụng hình sự,
199,,1,244,hình sự,
199,,4,244,hình sự,
199,,2,175,hình sự,
199,,3,52,hình sự,
199,,1,52,hình sự,
199,,2,275,hình sự,
199,a,3,106,tố tụng hình sự,
199,c,2,106,tố tụng hình sự,
199,a,2,106,tố tụng hình sự,
199,,2,47,hình sự,
199,c,1,47,hình sự,
199,a,1,47,hình sự,
199,t,1,51,hình sự,
199,,2,51,hình sự,
199,s,1,51,hình sự,
199,b,1,244,hình sự,
199,k,1,46,hình sự,
199,,2,46,hình sự,
199,p,1,46,hình sự,
199,o,1,46,hình sự,
200,,,356,tố tụng hình sự,07/2021/HS-ST
200,,,17,hình sự,07/2021/HS-ST
200,,,54,hình sự,07/2021/HS-ST
200,,,38,hình sự,07/2021/HS-ST
200,a,1,355,tố tụng hình sự,07/2021/HS-ST
200,,2,51,hình sự,07/2021/HS-ST
200,s,1,51,hình sự,07/2021/HS-ST
200,m,1,51,hình sự,07/2021/HS-ST
200,g,2,244,hình sự,07/2021/HS-ST
200,a,2,244,hình sự,07/2021/HS-ST
201,,,30,,thi hành án dân sự
201,,,9,,thi hành án dân sự
201,,,6,,thi hành án dân sự
201,,,7,,thi hành án dân sự
201,,,2,,thi hành án dân sự
201,,,106,tố tụng hình sự,
201,,,47,hình sự,
201,,,38,hình sự,
201,s,1,51,hình sự,
201,a,1,244,hình sự,
202,,,136,tố tụng hình sự,83/2021/HS-ST
202,,,65,hình sự,83/2021/HS-ST
202,,,58,hình sự,83/2021/HS-ST
202,,,38,hình sự,83/2021/HS-ST
202,,3,92,thi hành án hình sự,83/2021/HS-ST
202,,2,51,hình sự,83/2021/HS-ST
202,e,1,357,tố tụng hình sự,83/2021/HS-ST
202,b,1,355,tố tụng hình sự,83/2021/HS-ST
202,s,1,51,hình sự,83/2021/HS-ST
202,a,1,244,hình sự,83/2021/HS-ST
203,,,136,tố tụng hình sự,
203,,,92,thi hành án hình sự,
203,,,244,hình sự,
203,,,106,tố tụng hình sự,
203,,,65,hình sự,
203,,,47,hình sự,
203,,2,51,hình sự,
203,s,1,51,hình sự,
203,h,1,51,hình sự,
203,d,1,244,hình sự,
204,,,333,tố tụng hình sự,
204,,,331,tố tụng hình sự,
204,,2,135,tố tụng hình sự,
204,,,65,hình sự,
204,,1,125,tố tụng hình sự,
204,,2,50,hình sự,
204,,1,51,hình sự,
204,,1,244,hình sự,
204,c,2,106,tố tụng hình sự,
204,u,1,51,hình sự,
204,,2,51,hình sự,
204,s,1,51,hình sự,
204,b,1,244,hình sự,
205,,,333,tố tụng hình sự,
205,,,331,tố tụng hình sự,
205,,,136,tố tụng hình sự,
205,,,106,tố tụng hình sự,
205,,,47,hình sự,
205,,,38,hình sự,
205,,,65,hình sự,
205,,,58,hình sự,
205,,,17,hình sự,
205,,4,244,hình sự,
205,,2,51,hình sự,
205,,3,47,hình sự,
205,b,1,47,hình sự,
205,b,3,106,tố tụng hình sự,
205,a,2,106,tố tụng hình sự,
205,c,2,106,tố tụng hình sự,
205,a,1,47,hình sự,
205,s,1,51,hình sự,
205,b,1,244,hình sự,
206,,,92,thi hành án hình sự,
206,,,68,thi hành án hình sự,
206,,,333,tố tụng hình sự,
206,,,331,tố tụng hình sự,
206,,,332,tố tụng hình sự,
206,,,136,tố tụng hình sự,
206,,,135,tố tụng hình sự,
206,,,106,tố tụng hình sự,
206,,,47,hình sự,
206,,,65,hình sự,
206,,,58,hình sự,
206,,,17,hình sự,
206,,4,244,hình sự,
206,,1,65,hình sự,
206,,2,51,hình sự,
206,,1,51,hình sự,
206,s,1,51,hình sự,
206,h,1,51,hình sự,
206,a,1,244,hình sự,
207,,,356,tố tụng hình sự,12/2021/HS-ST
207,,,91,hình sự,12/2021/HS-ST
207,,,101,hình sự,12/2021/HS-ST
207,,,65,hình sự,12/2021/HS-ST
207,,1,333,tố tụng hình sự,12/2021/HS-ST
207,a,1,355,tố tụng hình sự,12/2021/HS-ST
207,,3,54,hình sự,12/2021/HS-ST
207,o,1,52,hình sự,12/2021/HS-ST
207,,2,51,hình sự,12/2021/HS-ST
207,s,1,51,hình sự,12/2021/HS-ST
207,h,2,244,hình sự,12/2021/HS-ST
207,g,2,244,hình sự,12/2021/HS-ST
208,,,332,tố tụng hình sự,19/2021/HSST
208,,,333,tố tụng hình sự,19/2021/HSST
208,,,331,tố tụng hình sự,19/2021/HSST
208,,,356,tố tụng hình sự,19/2021/HSST
208,,,244,hình sự,19/2021/HSST
208,,,54,hình sự,19/2021/HSST
208,,1,348,tố tụng hình sự,19/2021/HSST
208,,2,136,tố tụng hình sự,19/2021/HSST
208,,2,135,tố tụng hình sự,19/2021/HSST
208,,2,244,hình sự,19/2021/HSST
208,đ,1,355,tố tụng hình sự,19/2021/HSST
208,a,1,355,tố tụng hình sự,19/2021/HSST
208,,2,51,hình sự,19/2021/HSST
208,t,1,51,hình sự,19/2021/HSST
208,s,1,51,hình sự,19/2021/HSST
208,a,2,244,hình sự,19/2021/HSST
209,,,65,hình sự,128/2021/HS-ST
209,,,54,hình sự,128/2021/HS-ST
209,,,38,hình sự,128/2021/HS-ST
209,b,1,355,tố tụng hình sự,128/2021/HS-ST
209,e,1,357,tố tụng hình sự,128/2021/HS-ST
209,,2,51,hình sự,128/2021/HS-ST
209,p,1,51,hình sự,128/2021/HS-ST
209,s,1,51,hình sự,128/2021/HS-ST
209,a,1,244,hình sự,128/2021/HS-ST
210,,,54,hình sự,497/2020/HSST
210,,,357,tố tụng hình sự,497/2020/HSST
210,,,355,tố tụng hình sự,497/2020/HSST
210,,,333,tố tụng hình sự,497/2020/HSST
210,,,331,tố tụng hình sự,497/2020/HSST
210,,,47,hình sự,497/2020/HSST
210,n,1,51,hình sự,497/2020/HSST
210,,2,51,hình sự,497/2020/HSST
210,d,3,244,hình sự,497/2020/HSST
210,s,1,51,hình sự,497/2020/HSST
211,,,333,tố tụng hình sự,
211,,,331,tố tụng hình sự,
211,,,65,hình sự,
211,,,51,hình sự,
211,,,244,hình sự,
211,,,58,hình sự,
211,,,17,hình sự,
211,,5,65,hình sự,
211,,2,136,tố tụng hình sự,
211,,2,65,hình sự,
211,,1,65,hình sự,
211,b,3,106,tố tụng hình sự,
211,b,2,106,tố tụng hình sự,
211,a,2,106,tố tụng hình sự,
211,a,1,47,hình sự,
211,b,1,47,hình sự,
211,d,1,125,tố tụng hình sự,
211,,2,51,hình sự,
211,s,1,51,hình sự,
211,a,1,244,hình sự,
212,,,260,tố tụng hình sự,
212,,,136,tố tụng hình sự,
212,,,47,hình sự,
212,,,106,tố tụng hình sự,
212,,,65,hình sự,
212,,,38,hình sự,
212,,1,51,hình sự,
212,,4,244,hình sự,
212,,1,244,hình sự,
212,,2,51,hình sự,
212,s,1,51,hình sự,
213,,,333,tố tụng hình sự,74/2021/HS-ST
213,,,332,tố tụng hình sự,74/2021/HS-ST
213,,,356,tố tụng hình sự,74/2021/HS-ST
213,,,38,hình sự,74/2021/HS-ST
213,a,2,355,tố tụng hình sự,74/2021/HS-ST
213,s,1,51,hình sự,74/2021/HS-ST
213,a,3,244,hình sự,74/2021/HS-ST
214,,3,106,tố tụng hình sự,
214,,2,106,tố tụng hình sự,
214,g,1,52,hình sự,
214,s,1,51,hình sự,
214,a,1,244,hình sự,
215,,,244,hình sự,
215,,,65,hình sự,
215,,,234,hình sự,
215,,3,92,thi hành án hình sự,
215,,2,136,tố tụng hình sự,
215,,1,106,tố tụng hình sự,
215,d,3,106,tố tụng hình sự,
215,,2,51,hình sự,
215,s,1,51,hình sự,
215,b,1,244,hình sự,
216,,,333,tố tụng hình sự,
216,,,331,tố tụng hình sự,
216,,,106,tố tụng hình sự,
216,,,38,hình sự,
216,,,54,hình sự,
216,,,234,hình sự,
216,,2,136,tố tụng hình sự,
216,,1,47,hình sự,
216,,4,244,hình sự,
216,,2,51,hình sự,
216,s,1,51,hình sự,
216,h,1,51,hình sự,
216,b,3,244,hình sự,
217,,,106,tố tụng hình sự,
217,,,47,hình sự,
217,,,244,hình sự,
217,,2,136,tố tụng hình sự,
217,,1,92,thi hành án hình sự,
217,,5,65,hình sự,
217,,2,65,hình sự,
217,,1,65,hình sự,
217,v,1,51,hình sự,
217,s,1,51,hình sự,
217,b,1,244,hình sự,
217,a,1,244,hình sự,
218,,,30,,thi hành án dân sự
218,,,9,,thi hành án dân sự
218,,,7,,thi hành án dân sự
218,,,6,,thi hành án dân sự
218,,,2,,thi hành án dân sự
218,,,246,,tố tụng dân sự
218,,,589,,dân sự
218,,,585,,dân sự
218,,,584,,dân sự
218,,,48,hình sự,
218,,,136,tố tụng hình sự,
218,,,135,tố tụng hình sự,
218,,,106,tố tụng hình sự,
218,,,47,hình sự,
218,,,38,hình sự,
218,,1,232,hình sự,
218,,2,51,hình sự,
218,s,1,51,hình sự,
218,,4,232,hình sự,
218,d,2,232,hình sự,
219,,,106,tố tụng hình sự,
219,,,46,hình sự,
219,,,136,tố tụng hình sự,
219,,,135,tố tụng hình sự,
219,,,38,hình sự,
219,,1,244,hình sự,
219,,2,51,hình sự,
219,s,1,51,hình sự,
219,,4,244,hình sự,
219,a,1,244,hình sự,
220,,,333,tố tụng hình sự,
220,,,331,tố tụng hình sự,
220,,,106,tố tụng hình sự,
220,,,47,hình sự,
220,,,38,hình sự,
220,,2,106,tố tụng hình sự,
220,,4,244,hình sự,
220,,1,52,hình sự,
220,s,1,51,hình sự,
220,a,1,244,hình sự,
221,,,55,hình sự,
221,,,58,hình sự,
221,,,17,hình sự,
221,,,244,hình sự,
221,,2,106,tố tụng hình sự,
221,,1,47,hình sự,
221,,5,249,hình sự,
221,,4,244,hình sự,
221,,2,249,hình sự,
221,,1,194,hình sự,
221,a,1,55,hình sự,
221,,2,51,hình sự,
221,n,2,249,hình sự,
221,s,1,51,hình sự,
221,a,1,244,hình sự,
221,,2,46,hình sự,
221,p,1,46,hình sự,
222,,,244,hình sự,
222,,,47,hình sự,
222,,,106,tố tụng hình sự,
222,,,46,hình sự,
222,,,38,hình sự,
222,,2,136,tố tụng hình sự,
222,,,54,hình sự,
222,x,1,51,hình sự,
222,s,1,51,hình sự,
222,o,1,51,hình sự,
222,b,3,244,hình sự,
223,,,357,tố tụng hình sự,62/2021/HS-ST
223,,,348,tố tụng hình sự,62/2021/HS-ST
223,,,342,tố tụng hình sự,62/2021/HS-ST
223,,2,106,tố tụng hình sự,62/2021/HS-ST
223,,1,106,tố tụng hình sự,62/2021/HS-ST
223,,1,47,hình sự,62/2021/HS-ST
223,b,1,355,tố tụng hình sự,62/2021/HS-ST
223,,2,51,hình sự,62/2021/HS-ST
223,s,1,51,hình sự,62/2021/HS-ST
223,i,2,244,hình sự,62/2021/HS-ST
223,d,2,244,hình sự,62/2021/HS-ST
224,,,333,tố tụng hình sự,
224,,,331,tố tụng hình sự,
224,,,296,tố tụng hình sự,
224,,,293,tố tụng hình sự,
224,,,292,tố tụng hình sự,
224,,,65,hình sự,
224,,,50,hình sự,
224,,,38,hình sự,
224,,5,65,hình sự,
224,,4,328,tố tụng hình sự,
224,,2,65,hình sự,
224,,1,65,hình sự,
224,,4,244,hình sự,
224,,2,136,tố tụng hình sự,
224,,1,244,hình sự,
224,b,3,106,tố tụng hình sự,
224,a,2,106,tố tụng hình sự,
224,c,2,106,tố tụng hình sự,
224,a,1,47,hình sự,
224,,2,51,hình sự,
224,s,1,51,hình sự,
224,a,1,244,hình sự,
225,,,30,,thi hành án dân sự
225,,,9,,thi hành án dân sự
225,,,7a,,thi hành án dân sự
225,,,6,,thi hành án dân sự
225,,,7,,thi hành án dân sự
225,,,2,,thi hành án dân sự
225,,,92,thi hành án hình sự,
225,,,333,tố tụng hình sự,
225,,,331,tố tụng hình sự,
225,,,244,hình sự,
225,,,234,hình sự,
225,,2,136,tố tụng hình sự,
225,,,65,hình sự,
225,,1,51,hình sự,
225,,1,106,tố tụng hình sự,
225,,4,244,hình sự,
225,d,3,106,tố tụng hình sự,
225,a,2,106,tố tụng hình sự,
225,,2,51,hình sự,
225,s,1,51,hình sự,
225,a,1,244,hình sự,
226,,,92,thi hành án hình sự,
226,,,333,tố tụng hình sự,
226,,,331,tố tụng hình sự,
226,,,52,hình sự,
226,,,42,tố tụng hình sự,
226,,,41,tố tụng hình sự,
226,,,37,tố tụng hình sự,
226,,,36,tố tụng hình sự,
226,,,20,tố tụng hình sự,
226,,,34,tố tụng hình sự,
226,,,19,tố tụng hình sự,
226,,,17,tố tụng hình sự,
226,,,106,tố tụng hình sự,
226,,,47,hình sự,
226,,,58,hình sự,
226,,,17,hình sự,
226,,,65,hình sự,
226,,2,135,tố tụng hình sự,
226,,4,244,hình sự,
226,,2,51,hình sự,
226,s,1,51,hình sự,
226,b,1,244,hình sự,
227,,,356,tố tụng hình sự,45/2021/HS-ST
227,,2,51,hình sự,45/2021/HS-ST
227,,1,244,hình sự,45/2021/HS-ST
227,c,1,357,tố tụng hình sự,45/2021/HS-ST
227,b,1,355,tố tụng hình sự,45/2021/HS-ST
227,b,1,244,hình sự,45/2021/HS-ST
227,a,1,355,tố tụng hình sự,45/2021/HS-ST
227,a,1,244,hình sự,45/2021/HS-ST
227,s,1,51,hình sự,45/2021/HS-ST
229,,,333,tố tụng hình sự,
229,,,136,tố tụng hình sự,
229,,,331,tố tụng hình sự,
229,,,106,tố tụng hình sự,
229,,,47,hình sự,
229,,2,51,hình sự,
229,,,65,hình sự,
229,s,1,51,hình sự,
229,b,1,244,hình sự,
230,,,30,,thi hành án dân sự
230,,,2,,thi hành án dân sự
230,,,136,tố tụng hình sự,
230,,,47,hình sự,
230,,,106,tố tụng hình sự,
230,s,1,51,hình sự,
230,b,1,244,hình sự,
231,,,136,tố tụng hình sự,
231,,,54,hình sự,
231,,,292,tố tụng hình sự,
231,,,290,tố tụng hình sự,
231,,,244,hình sự,
231,,,234,hình sự,
231,,2,51,hình sự,
231,s,1,51,hình sự,
231,a,2,244,hình sự,
232,,,333,tố tụng hình sự,
232,,,331,tố tụng hình sự,
232,,,328,tố tụng hình sự,
232,,,136,tố tụng hình sự,
232,,,65,hình sự,
232,i,1,51,hình sự,
232,h,1,51,hình sự,
232,,2,51,hình sự,
232,s,1,51,hình sự,
232,a,1,244,hình sự,
233,,,333,tố tụng hình sự,
233,,,332,tố tụng hình sự,
233,,,331,tố tụng hình sự,
233,,,52,hình sự,
233,,,244,hình sự,
233,,,54,hình sự,
233,,,35,hình sự,
233,,1,106,tố tụng hình sự,
233,,2,136,tố tụng hình sự,
233,,1,51,hình sự,
233,a,3,106,tố tụng hình sự,
233,c,2,106,tố tụng hình sự,
233,a,1,47,hình sự,
233,a,2,106,tố tụng hình sự,
233,,3,35,hình sự,
233,b,1,35,hình sự,
233,t,1,51,hình sự,
233,a,2,244,hình sự,
233,s,1,51,hình sự,
234,,,30,,thi hành án dân sự
234,,,9,,thi hành án dân sự
234,,,7b,,thi hành án dân sự
234,,,7a,,thi hành án dân sự
234,,,6,,thi hành án dân sự
234,,,7,,thi hành án dân sự
234,,,2,,thi hành án dân sự
234,,,92,thi hành án hình sự,
234,,,333,tố tụng hình sự,
234,,,331,tố tụng hình sự,
234,,,65,hình sự,
234,,2,136,tố tụng hình sự,
234,,2,135,tố tụng hình sự,
234,d,3,106,tố tụng hình sự,
234,,4,244,hình sự,
234,c,2,106,tố tụng hình sự,
234,b,1,47,hình sự,
234,,2,51,hình sự,
234,b,1,244,hình sự,
234,s,1,51,hình sự,
235,,,333,tố tụng hình sự,
235,,,136,tố tụng hình sự,
235,,,331,tố tụng hình sự,
235,,,65,hình sự,
235,,,58,hình sự,
235,,,38,hình sự,
235,,4,244,hình sự,
235,,2,35,hình sự,
235,d,3,106,tố tụng hình sự,
235,c,2,106,tố tụng hình sự,
235,a,1,47,hình sự,
235,a,2,106,tố tụng hình sự,
235,,2,51,hình sự,
235,s,1,51,hình sự,
235,a,1,244,hình sự,
236,,,333,tố tụng hình sự,
236,,,331,tố tụng hình sự,
236,,,65,hình sự,
236,,,136,tố tụng hình sự,
236,,,58,hình sự,
236,,,38,hình sự,
236,,4,244,hình sự,
236,,2,35,hình sự,
236,d,3,106,tố tụng hình sự,
236,c,2,106,tố tụng hình sự,
236,a,2,106,tố tụng hình sự,
236,a,1,47,hình sự,
236,,2,51,hình sự,
236,s,1,51,hình sự,
236,a,1,244,hình sự,
237,,,333,tố tụng hình sự,
237,,,331,tố tụng hình sự,
237,,,92,thi hành án hình sự,
237,,,52,hình sự,
237,,2,136,tố tụng hình sự,
237,,,65,hình sự,
237,,5,65,hình sự,
237,,2,65,hình sự,
237,,1,65,hình sự,
237,,3,106,tố tụng hình sự,
237,,4,244,hình sự,
237,,2,106,tố tụng hình sự,
237,,1,244,hình sự,
237,d,3,106,tố tụng hình sự,
237,,2,47,hình sự,
237,c,2,106,tố tụng hình sự,
237,a,1,47,hình sự,
237,,2,51,hình sự,
237,s,1,51,hình sự,
237,a,1,244,hình sự,
237,b,1,244,hình sự,
238,,,30,,thi hành án dân sự
238,,,9,,thi hành án dân sự
238,,,7,,thi hành án dân sự
238,,,6,,thi hành án dân sự
238,,,136,tố tụng hình sự,
238,,,64,thi hành án hình sự,
238,,,69,thi hành án hình sự,
238,,,106,tố tụng hình sự,
238,,,47,hình sự,
238,,,65,hình sự,
238,,4,244,hình sự,
238,,2,51,hình sự,
238,s,1,51,hình sự,
238,c,1,244,hình sự,
239,,,136,tố tụng hình sự,
239,,,106,tố tụng hình sự,
239,,,47,hình sự,
239,,,52,hình sự,
239,,,38,hình sự,
239,,,54,hình sự,
239,,4,244,hình sự,
239,v,1,51,hình sự,
239,,2,51,hình sự,
239,s,1,51,hình sự,
239,a,2,244,hình sự,
240,,,136,tố tụng hình sự,
240,,,47,hình sự,
240,,,106,tố tụng hình sự,
240,t,1,51,hình sự,
240,,2,51,hình sự,
240,s,1,51,hình sự,
240,a,1,244,hình sự,
241,,,65,hình sự,
241,,2,136,tố tụng hình sự,
241,,1,69,thi hành án hình sự,
241,s,1,51,hình sự,
241,a,1,244,hình sự,
242,c,1,357,tố tụng hình sự,08/2020/HS-ST
242,,,38,hình sự,08/2020/HS-ST
242,b,1,355,tố tụng hình sự,08/2020/HS-ST
242,,4,244,hình sự,08/2020/HS-ST
242,,2,51,hình sự,08/2020/HS-ST
242,s,1,51,hình sự,08/2020/HS-ST
242,d,3,244,hình sự,08/2020/HS-ST
243,,,136,tố tụng hình sự,60/2019/HS-ST
243,,,135,tố tụng hình sự,60/2019/HS-ST
243,,,65,hình sự,60/2019/HS-ST
243,,,56,hình sự,60/2019/HS-ST
243,,,356,tố tụng hình sự,60/2019/HS-ST
243,,1,69,thi hành án hình sự,60/2019/HS-ST
243,,1,38,hình sự,60/2019/HS-ST
243,b,1,355,tố tụng hình sự,60/2019/HS-ST
243,e,1,357,tố tụng hình sự,60/2019/HS-ST
243,a,1,355,tố tụng hình sự,60/2019/HS-ST
243,,2,51,hình sự,60/2019/HS-ST
243,s,1,51,hình sự,60/2019/HS-ST
243,a,1,244,hình sự,60/2019/HS-ST
245,,,17,hình sự,
245,,,58,hình sự,
245,,,136,tố tụng hình sự,
245,,4,244,hình sự,
245,,1,51,hình sự,
245,,5,65,hình sự,
245,,2,65,hình sự,
245,,1,65,hình sự,
245,b,1,47,hình sự,
245,a,2,106,tố tụng hình sự,
245,a,3,106,tố tụng hình sự,
245,c,2,106,tố tụng hình sự,
245,c,3,106,tố tụng hình sự,
245,,2,51,hình sự,
245,b,1,244,hình sự,
245,s,1,51,hình sự,
246,,,99,tố tụng hình sự,240/2019/HSST
246,,,47,hình sự,240/2019/HSST
246,,,46,hình sự,240/2019/HSST
246,,,38,hình sự,240/2019/HSST
246,,1,51,hình sự,240/2019/HSST
246,a,1,355,tố tụng hình sự,240/2019/HSST
246,s,1,51,hình sự,240/2019/HSST
246,,2,51,hình sự,240/2019/HSST
246,c,1,244,hình sự,240/2019/HSST
247,,,30,luật  khác,thi hành án dân sự
247,,,9,luật khác,thi hành án dân sự
247,,,6,luật khác,thi hành án dân sự
247,,,7,luật khác,thi hành án dân sự
247,,,26,luật khác,thi hành án dân sự
247,,,244,hình sự,
247,,,47,hình sự,
247,,,106,tố tụng hình sự,
247,,2,136,tố tụng hình sự,
247,d,3,106,tố tụng hình sự,
247,,2,51,hình sự,
247,a,1,47,hình sự,
247,s,1,51,hình sự,
247,a,3,244,hình sự,
248,,,333,tố tụng hình sự,
248,,,106,tố tụng hình sự,
248,,,331,tố tụng hình sự,
248,,,47,hình sự,
248,,,65,hình sự,
248,,1,69,thi hành án hình sự,
248,,2,136,tố tụng hình sự,
248,,4,244,hình sự,
248,d,3,106,tố tụng hình sự,
248,,2,51,hình sự,
248,s,1,51,hình sự,
248,a,1,244,hình sự,
249,,,58,hình sự,149/2018/HS-ST
249,,,50,hình sự,149/2018/HS-ST
249,,3,244,hình sự,149/2018/HS-ST
249,,,38,hình sự,149/2018/HS-ST
249,,1,54,hình sự,149/2018/HS-ST
249,c,1,357,tố tụng hình sự,149/2018/HS-ST
249,e,1,357,tố tụng hình sự,149/2018/HS-ST
249,b,1,355,tố tụng hình sự,149/2018/HS-ST
249,,2,51,hình sự,149/2018/HS-ST
249,s,1,51,hình sự,149/2018/HS-ST
249,a,3,244,hình sự,149/2018/HS-ST
250,,,244,hình sự,14/2018/HSST
250,,2,5,,"Luật quản lý, sử dụng vũ khí, vật liệu nổ và công cụ hỗ trợ năm 2017"
250,,,38,hình sự,14/2018/HSST
250,,1,5,,"Luật quản lý, sử dụng vũ khí, vật liệu nổ và công cụ hỗ trợ năm 2017"
250,,2,244,hình sự,14/2018/HSST
250,,1,54,hình sự,14/2018/HSST
250,b,1,355,tố tụng hình sự,14/2018/HSST
250,a,2,357,tố tụng hình sự,14/2018/HSST
250,b,1,51,hình sự,14/2018/HSST
250,,2,51,hình sự,14/2018/HSST
250,s,1,51,hình sự,14/2018/HSST
250,h,2,244,hình sự,14/2018/HSST
250,a,2,244,hình sự,14/2018/HSST
250,g,2,244,hình sự,14/2018/HSST
251,,,106,tố tụng hình sự,
251,,,47,hình sự,
251,,,87,thi hành án hình sự,
251,,,56,hình sự,
251,,,244,hình sự,
251,,,65,hình sự,
251,,,58,hình sự,
251,,,50,hình sự,
251,,2,92,thi hành án hình sự,
251,,2,51,hình sự,
251,s,1,51,hình sự,
251,a,1,244,hình sự,
252,,,30,thi hành án dân sự,
252,,,9,thi hành án dân sự,
252,,,7,thi hành án dân sự,
252,,,6,thi hành án dân sự,
252,,,2,thi hành án dân sự,
252,,,26,thi hành án dân sự,
252,,,106,tố tụng hình sự,
252,,,333,tố tụng hình sự,
252,,,331,tố tụng hình sự,
252,,,136,tố tụng hình sự,
252,,5,65,hình sự,
252,,2,65,hình sự,
252,,1,65,hình sự,
252,,2,51,hình sự,
252,s,1,51,hình sự,
252,a,1,244,hình sự,
253,,,333,tố tụng hình sự,
253,,,331,tố tụng hình sự,
253,,,136,tố tụng hình sự,
253,,,106,tố tụng hình sự,
253,,,47,hình sự,
253,,,65,hình sự,
253,,2,51,hình sự,
253,s,1,51,hình sự,
253,a,1,244,hình sự,
254,,,278,tố tụng hình sự,
254,,,125,tố tụng hình sự,
254,,,293,tố tụng hình sự,
254,,,292,tố tụng hình sự,
254,,,136,tố tụng hình sự,
254,,,65,hình sự,
254,,,50,hình sự,
254,,,38,hình sự,
254,,1,68,thi hành án hình sự,
254,,5,65,hình sự,
254,,1,244,hình sự,
254,,2,51,hình sự,
254,s,1,51,hình sự,
254,b,1,244,hình sự,
254,a,1,244,hình sự,
255,,,333,tố tụng hình sự,
255,,,331,tố tụng hình sự,
255,,,50,hình sự,
255,,,38,hình sự,
255,,,234,hình sự,
255,,2,136,tố tụng hình sự,
255,,1,106,tố tụng hình sự,
255,,1,244,hình sự,
255,c,2,106,tố tụng hình sự,
255,b,2,106,tố tụng hình sự,
255,a,2,106,tố tụng hình sự,
255,q,1,51,hình sự,
255,,2,51,hình sự,
255,s,1,51,hình sự,
255,b,1,244,hình sự,
255,a,1,244,hình sự,
256,,,333,tố tụng hình sự,
256,,,331,tố tụng hình sự,
256,,,106,tố tụng hình sự,
256,,,47,hình sự,
256,,,70,hình sự,
256,,,38,hình sự,
256,,2,136,tố tụng hình sự,
256,h,1,52,hình sự,
256,s,1,51,hình sự,
256,a,1,244,hình sự,
257,,,333,tố tụng hình sự,
257,,,331,tố tụng hình sự,
257,,,136,tố tụng hình sự,
257,,,106,tố tụng hình sự,
257,,,47,hình sự,
257,,,65,hình sự,
257,,2,51,hình sự,
257,s,1,51,hình sự,
257,b,1,244,hình sự,
258,,,92,thi hành án hình sự,
258,,,52,hình sự,
258,,,65,hình sự,
258,,2,136,tố tụng hình sự,
258,,4,244,hình sự,
258,d,1,125,tố tụng hình sự,
258,c,2,106,tố tụng hình sự,
258,a,2,106,tố tụng hình sự,
258,a,1,47,hình sự,
258,t,1,51,hình sự,
258,,2,51,hình sự,
258,s,1,51,hình sự,
258,a,1,244,hình sự,
259,,,56,hình sự,
259,,,68,thi hành án hình sự,
259,,,92,thi hành án hình sự,
259,,,260,tố tụng hình sự,
259,,,337,tố tụng hình sự,
259,,,333,tố tụng hình sự,
259,,,331,tố tụng hình sự,
259,,,136,tố tụng hình sự,
259,,,135,tố tụng hình sự,
259,,,47,hình sự,
259,,,50,hình sự,
259,,,65,hình sự,
259,,,38,hình sự,
259,,2,106,tố tụng hình sự,
259,m,1,51,hình sự,
259,,2,51,hình sự,
259,s,1,51,hình sự,
259,b,1,244,hình sự,
260,,,58,hình sự,14/2021/HS-ST
260,,,234,hình sự,14/2021/HS-ST
260,,,244,hình sự,14/2021/HS-ST
260,,,356,tố tụng hình sự,14/2021/HS-ST
260,,2,136,tố tụng hình sự,14/2021/HS-ST
260,,1,54,hình sự,14/2021/HS-ST
260,a,1,355,tố tụng hình sự,14/2021/HS-ST
260,v,1,51,hình sự,14/2021/HS-ST
260,,2,51,hình sự,14/2021/HS-ST
260,s,1,51,hình sự,14/2021/HS-ST
260,a,3,244,hình sự,14/2021/HS-ST
261,,,56,hình sự,74/2021/HS-ST
261,,,65,hình sự,74/2021/HS-ST
261,,,47,hình sự,74/2021/HS-ST
261,,1,51,hình sự,74/2021/HS-ST
261,e,1,357,tố tụng hình sự,74/2021/HS-ST
261,b,1,355,tố tụng hình sự,74/2021/HS-ST
261,t,1,51,hình sự,74/2021/HS-ST
261,,2,51,hình sự,74/2021/HS-ST
261,s,1,51,hình sự,74/2021/HS-ST
261,b,1,244,hình sự,74/2021/HS-ST
263,,5,65,hình sự,105/2021/HSST
263,,2,65,hình sự,105/2021/HSST
263,,1,65,hình sự,105/2021/HSST
263,,,58,hình sự,105/2021/HSST
263,,,17,hình sự,105/2021/HSST
263,,3,92,thi hành án hình sự,105/2021/HSST
263,b,1,244,hình sự,105/2021/HSST
263,,3,357,tố tụng hình sự,105/2021/HSST
263,c,1,357,tố tụng hình sự,105/2021/HSST
263,b,1,355,tố tụng hình sự,105/2021/HSST
263,,2,51,hình sự,105/2021/HSST
263,s,1,51,hình sự,105/2021/HSST
264,,,94,thi hành án hình sự,
264,,,65,hình sự,
264,,2,136,tố tụng hình sự,
264,,1,92,thi hành án hình sự,
264,,2,136,tố tụng hình sự,
264,a,2,106,tố tụng hình sự,
264,c,2,106,tố tụng hình sự,
264,b,1,47,hình sự,
264,a,1,47,hình sự,
264,,2,51,hình sự,
264,s,1,51,hình sự,
264,a,1,244,hình sự,
265,,,94,thi hành án hình sự,
265,,,92,thi hành án hình sự,
265,,,65,hình sự,
265,,2,136,tố tụng hình sự,
265,,2,135,tố tụng hình sự,
265,,4,244,hình sự,
265,,2,51,hình sự,
265,s,1,51,hình sự,
265,b,1,244,hình sự,
266,,,92,thi hành án hình sự,
266,,,68,thi hành án hình sự,
266,,2,136,tố tụng hình sự,
266,,2,135,tố tụng hình sự,
266,,5,65,hình sự,
266,,2,65,hình sự,
266,,1,65,hình sự,
266,c,2,106,tố tụng hình sự,
266,a,2,106,tố tụng hình sự,
266,a,1,47,hình sự,
266,,2,51,hình sự,
266,s,1,51,hình sự,
266,a,1,244,hình sự,
267,,,333,tố tụng hình sự,
267,,,331,tố tụng hình sự,
267,,,136,tố tụng hình sự,
267,,,244,hình sự,
267,,,234,hình sự,
267,,5,65,hình sự,
267,,2,65,hình sự,
267,,1,65,hình sự,
267,d,1,125,tố tụng hình sự,
267,c,2,106,tố tụng hình sự,
267,a,2,106,tố tụng hình sự,
267,a,1,47,hình sự,
267,,2,51,hình sự,
267,s,1,51,hình sự,
267,a,1,244,hình sự,
268,,,333,tố tụng hình sự,
268,,,331,tố tụng hình sự,
268,,,65,hình sự,
268,,3,92,thi hành án hình sự,
268,,2,136,tố tụng hình sự,
268,,1,292,tố tụng hình sự,
268,,4,244,hình sự,
268,,1,244,hình sự,
268,b,3,106,tố tụng hình sự,
268,c,2,106,tố tụng hình sự,
268,a,2,106,tố tụng hình sự,
268,,2,136,tố tụng hình sự,
268,d,1,125,tố tụng hình sự,
268,a,1,47,hình sự,
268,t,1,51,hình sự,
268,,2,51,hình sự,
268,s,1,51,hình sự,
268,a,1,244,hình sự,
269,,,136,tố tụng hình sự,
269,,,106,tố tụng hình sự,
269,,,47,hình sự,
269,,,65,hình sự,
269,,,244,hình sự,
269,h,1,51,hình sự,
269,,2,51,hình sự,
269,s,1,51,hình sự,
269,a,1,244,hình sự,
270,,,30,,thi hành án dân sự
270,,,9,,thi hành án dân sự
270,,,7b,,thi hành án dân sự
270,,,7a,,thi hành án dân sự
270,,,7,,thi hành án dân sự
270,,,6,,thi hành án dân sự
270,,,2,,thi hành án dân sự
270,,,333,tố tụng hình sự,
270,,,331,tố tụng hình sự,
270,,,54,hình sự,
270,,,38,hình sự,
270,,2,136,tố tụng hình sự,
270,,2,135,tố tụng hình sự,
270,,4,244,hình sự,
270,,1,51,hình sự,
270,,3,54,hình sự,
270,,1,54,hình sự,
270,t,1,51,hình sự,
270,,2,51,hình sự,
270,s,1,51,hình sự,
270,a,1,244,hình sự,
271,,,356,tố tụng hình sự,89/2021/HS-ST
271,a,1,355,tố tụng hình sự,89/2021/HS-ST
271,s,1,51,hình sự,89/2021/HS-ST
271,b,2,244,hình sự,89/2021/HS-ST
272,,,30,,thi hành án dân sự
272,,,2,,thi hành án dân sự
272,,2,136,tố tụng hình sự,
272,a,2,106,tố tụng hình sự,
272,a,1,47,hình sự,
272,h,1,52,hình sự,
272,,2,51,hình sự,
272,s,1,51,hình sự,
272,a,1,244,hình sự,
273,,,136,tố tụng hình sự,21/2022/HSST
273,,,65,hình sự,21/2022/HSST
273,,,38,hình sự,21/2022/HSST
273,,,58,hình sự,21/2022/HSST
273,e,1,357,tố tụng hình sự,21/2022/HSST
273,b,1,355,tố tụng hình sự,21/2022/HSST
273,a,1,355,tố tụng hình sự,21/2022/HSST
273,,2,51,hình sự,21/2022/HSST
273,s,1,51,hình sự,21/2022/HSST
273,a,1,244,hình sự,21/2022/HSST
274,,,69,thi hành án hình sự,
274,,,136,tố tụng hình sự,
274,,,106,tố tụng hình sự,
274,,,47,hình sự,
274,,,333,tố tụng hình sự,
274,,,332,tố tụng hình sự,
274,,,331,tố tụng hình sự,
274,,,65,hình sự,
274,,4,244,hình sự,
274,,1,244,hình sự,
274,d,3,106,tố tụng hình sự,
274,,2,51,hình sự,
274,s,1,51,hình sự,
274,a,1,244,hình sự,
275,,,106,tố tụng hình sự,
275,,,50,hình sự,
275,,,35,hình sự,
275,,2,51,hình sự,
275,s,1,51,hình sự,
275,d,1,244,hình sự,
275,a,1,244,hình sự,
276,,,30,,thi hành án dân sự
276,,,9,,thi hành án dân sự
276,,,7,,thi hành án dân sự
276,,,6,,thi hành án dân sự
276,,,2,,thi hành án dân sự
276,,,136,tố tụng hình sự,
276,,,244,hình sự,
276,,,106,tố tụng hình sự,
276,,,47,hình sự,
276,,4,244,hình sự,
276,,2,51,hình sự,
276,s,1,51,hình sự,
276,b,1,244,hình sự,
277,,,30,,thi hành án dân sự
277,,,9,,thi hành án dân sự
277,,,7,,thi hành án dân sự
277,,,6,,thi hành án dân sự
277,,,2,,thi hành án dân sự
277,,,106,tố tụng hình sự,
277,,,47,hình sự,
277,,,50,hình sự,
277,,,38,hình sự,
277,,,65,hình sự,
277,,2,136,tố tụng hình sự,
277,,3,92,thi hành án hình sự,
277,,1,51,hình sự,
277,,2,51,hình sự,
277,s,1,51,hình sự,
277,a,1,244,hình sự,
278,,,244,hình sự,
278,,,333,tố tụng hình sự,
278,,4,331,tố tụng hình sự,
278,,1,331,tố tụng hình sự,
278,,2,136,tố tụng hình sự,
278,,4,244,hình sự,
278,a,3,106,tố tụng hình sự,
278,c,2,106,tố tụng hình sự,
278,a,2,106,tố tụng hình sự,
278,c,1,47,hình sự,
278,a,1,47,hình sự,
278,g,1,52,hình sự,
278,,2,51,hình sự,
278,s,1,51,hình sự,
278,d,2,244,hình sự,
279,,,30,,thi hành án dân sự
279,,,9,,thi hành án dân sự
279,,,7,,thi hành án dân sự
279,,,6,,thi hành án dân sự
279,,,2,,thi hành án dân sự
279,,,331,tố tụng hình sự,
279,,,136,tố tụng hình sự,
279,,,106,tố tụng hình sự,
279,,,52,hình sự,
279,,,244,hình sự,
279,,,17,hình sự,
279,,,38,hình sự,
279,,,58,hình sự,
279,,1,333,tố tụng hình sự,
279,,4,244,hình sự,
279,,6,3,,"Luật quản lý, sử dụng vũ khí, vật liệu nổ và công cụ hỗ trợ năm 2017"
279,a,2,106,tố tụng hình sự,
279,a,1,47,hình sự,
279,,2,51,hình sự,
279,s,1,51,hình sự,
279,g,2,244,hình sự,
279,a,2,244,hình sự,
280,,,92,thi hành án hình sự,
280,,,333,tố tụng hình sự,
280,,,331,tố tụng hình sự,
280,,,106,tố tụng hình sự,
280,,,47,hình sự,
280,,,65,hình sự,
280,,,58,hình sự,
280,,,17,hình sự,
280,,2,136,tố tụng hình sự,
280,,4,244,hình sự,
280,c,2,106,tố tụng hình sự,
280,a,2,106,tố tụng hình sự,
280,a,1,47,hình sự,
280,,2,51,hình sự,
280,s,1,51,hình sự,
280,b,1,244,hình sự,
281,,,356,tố tụng hình sự,422/2021/HSST
281,,,38,hình sự,422/2021/HSST
281,a,1,355,tố tụng hình sự,422/2021/HSST
281,s,1,51,hình sự,422/2021/HSST
281,d,3,244,hình sự,422/2021/HSST
282,,,333,tố tụng hình sự,
282,,,331,tố tụng hình sự,
282,,,244,hình sự,
282,,,58,hình sự,
282,,,55,hình sự,
282,,,38,hình sự,
282,,4,244,hình sự,
282,,5,249,hình sự,
282,,3,329,tố tụng hình sự,
282,,1,329,tố tụng hình sự,
282,a,3,106,tố tụng hình sự,
282,c,2,106,tố tụng hình sự,
282,b,2,106,tố tụng hình sự,
282,a,2,106,tố tụng hình sự,
282,c,1,47,hình sự,
282,t,1,51,hình sự,
282,s,1,51,hình sự,
282,b,1,244,hình sự,
282,c,1,249,hình sự,
283,,,92,thi hành án hình sự,
283,,,65,hình sự,
283,,,106,tố tụng hình sự,
283,,,47,hình sự,
283,,,244,hình sự,
283,,2,136,tố tụng hình sự,
283,,2,65,hình sự,
283,,1,65,hình sự,
283,c,2,106,tố tụng hình sự,
283,a,2,106,tố tụng hình sự,
283,c,1,47,hình sự,
283,a,1,47,hình sự,
283,,2,51,hình sự,
283,s,1,51,hình sự,
283,b,1,244,hình sự,
284,,,333,tố tụng hình sự,
284,,,331,tố tụng hình sự,
284,,,52,hình sự,
284,,,106,tố tụng hình sự,
284,,,47,hình sự,
284,,,65,hình sự,
284,,2,136,tố tụng hình sự,
284,,2,51,hình sự,
284,s,1,51,hình sự,
284,b,1,244,hình sự,
285,,,35,hình sự,
285,,,38,hình sự,
285,s,1,51,hình sự,
285,a,1,244,hình sự,
286,,,333,tố tụng hình sự,
286,,,331,tố tụng hình sự,
286,,,65,hình sự,
286,,,51,hình sự,
286,,,58,hình sự,
286,,,17,hình sự,
286,,2,136,tố tụng hình sự,
286,,1,125,tố tụng hình sự,
286,,3,106,tố tụng hình sự,
286,,1,106,tố tụng hình sự,
286,,4,244,hình sự,
286,,5,65,hình sự,
286,,2,65,hình sự,
286,,1,65,hình sự,
286,a,3,106,tố tụng hình sự,
286,c,2,106,tố tụng hình sự,
286,a,2,106,tố tụng hình sự,
286,a,1,47,hình sự,
286,t,1,51,hình sự,
286,,2,51,hình sự,
286,s,1,51,hình sự,
286,a,1,244,hình sự,
287,,,30,,thi hành án dân sự
287,,,9,,thi hành án dân sự
287,,,7,,thi hành án dân sự
287,,,6,,thi hành án dân sự
287,,,2,,thi hành án dân sự
287,,,92,thi hành án hình sự,
287,,,106,tố tụng hình sự,
287,,,47,hình sự,
287,,,48,hình sự,
287,,,65,hình sự,
287,,2,51,hình sự,
287,s,1,51,hình sự,
287,a,1,244,hình sự,
288,,,30,,thi hành án dân sự
288,,,9,,thi hành án dân sự
288,,,7a,,thi hành án dân sự
288,,,7,,thi hành án dân sự
288,,,6,,thi hành án dân sự
288,,,2,,thi hành án dân sự
288,,,56,hình sự,
288,,,92,thi hành án hình sự,
288,,,68,thi hành án hình sự,
288,,,244,hình sự,
288,,,47,hình sự,
288,,,65,hình sự,
288,,2,136,tố tụng hình sự,
288,,2,106,tố tụng hình sự,
288,,4,244,hình sự,
288,s,1,51,hình sự,
288,b,1,244,hình sự,
289,,,333,tố tụng hình sự,
289,,,331,tố tụng hình sự,
289,,,234,hình sự,
289,,,52,hình sự,
289,,,106,tố tụng hình sự,
289,,,47,hình sự,
289,,,65,hình sự,
289,,2,136,tố tụng hình sự,
289,,3,92,thi hành án hình sự,
289,,4,244,hình sự,
289,a,1,244,hình sự,
289,d,3,106,tố tụng hình sự,
289,,2,51,hình sự,
289,s,1,51,hình sự,
289,d,1,244,hình sự,
290,,,333,tố tụng hình sự,
290,,,331,tố tụng hình sự,
290,,,136,tố tụng hình sự,
290,,,106,tố tụng hình sự,
290,,,47,hình sự,
290,,,65,hình sự,
290,,2,51,hình sự,
290,v,1,51,hình sự,
290,s,1,51,hình sự,
290,a,1,244,hình sự,
291,,,30,,thi hành án dân sự
291,,,9,,thi hành án dân sự
291,,,7,,thi hành án dân sự
291,,,6,,thi hành án dân sự
291,,,2,,thi hành án dân sự
291,,,56,hình sự,
291,,,244,hình sự,
291,,,106,tố tụng hình sự,
291,,,47,hình sự,
291,,,48,hình sự,
291,,,65,hình sự,
291,,2,135,tố tụng hình sự,
291,,1,92,thi hành án hình sự,
291,,1,46,hình sự,
291,,2,51,hình sự,
291,s,1,51,hình sự,
291,c,1,244,hình sự,
291,b,1,244,hình sự,
292,,,333,tố tụng hình sự,
292,,,331,tố tụng hình sự,
292,,,136,tố tụng hình sự,
292,,,106,tố tụng hình sự,
292,,,47,hình sự,
292,,,92,thi hành án hình sự,
292,,,52,hình sự,
292,,,65,hình sự,
292,,4,244,hình sự,
292,,2,51,hình sự,
292,s,1,51,hình sự,
292,b,1,244,hình sự,
293,,,333,tố tụng hình sự,
293,,,331,tố tụng hình sự,
293,,,136,tố tụng hình sự,
293,,,135,tố tụng hình sự,
293,,,65,hình sự,
293,,2,51,hình sự,
293,s,1,51,hình sự,
293,b,1,244,hình sự,
294,,,65,hình sự,01/2022/HS-ST
294,,,356,tố tụng hình sự,01/2022/HS-ST
294,,2,136,tố tụng hình sự,01/2022/HS-ST
294,a,1,355,tố tụng hình sự,01/2022/HS-ST
294,,2,51,hình sự,01/2022/HS-ST
294,s,1,51,hình sự,01/2022/HS-ST
294,a,1,244,hình sự,01/2022/HS-ST
296,,,30,,thi hành án dân sự
296,,,9,,thi hành án dân sự
296,,,7,,thi hành án dân sự
296,,,6,,thi hành án dân sự
296,,,2,,thi hành án dân sự
296,,,106,tố tụng hình sự,
296,,,47,hình sự,
296,,,65,hình sự,
296,,1,69,thi hành án hình sự,
296,,2,51,hình sự,
296,s,1,51,hình sự,
296,b,1,244,hình sự,
297,,,333,tố tụng hình sự,
297,,,331,tố tụng hình sự,
297,,,136,tố tụng hình sự,
297,,,106,tố tụng hình sự,
297,,,47,hình sự,
297,,,38,hình sự,
297,s,1,51,hình sự,
297,b,1,244,hình sự,
298,,,54,hình sự,17/2022/HS-ST
298,,,356,tố tụng hình sự,17/2022/HS-ST
298,c,1,357,tố tụng hình sự,17/2022/HS-ST
298,,2,51,hình sự,17/2022/HS-ST
298,s,1,51,hình sự,17/2022/HS-ST
298,b,1,244,hình sự,17/2022/HS-ST
299,,,54,hình sự,75/2022/HS-ST
299,,,356,tố tụng hình sự,75/2022/HS-ST
299,,,58,hình sự,75/2022/HS-ST
299,,,38,hình sự,75/2022/HS-ST
299,,3,357,tố tụng hình sự,75/2022/HS-ST
299,c,1,357,tố tụng hình sự,75/2022/HS-ST
299,b,1,355,tố tụng hình sự,75/2022/HS-ST
299,a,1,355,tố tụng hình sự,75/2022/HS-ST
299,,2,51,hình sự,75/2022/HS-ST
299,s,1,51,hình sự,75/2022/HS-ST
299,a,3,244,hình sự,75/2022/HS-ST
300,,,136,tố tụng hình sự,
300,,,135,tố tụng hình sự,
300,,,92,thi hành án hình sự,
300,,,56,hình sự,
300,,,106,tố tụng hình sự,
300,,,65,hình sự,
300,,2,106,tố tụng hình sự,
300,,1,47,hình sự,
300,,2,51,hình sự,
300,s,1,51,hình sự,
300,b,1,244,hình sự,
301,,,30,,thi hành án dân sự
301,,,9,,thi hành án dân sự
301,,,7b,,thi hành án dân sự
301,,,7a,,thi hành án dân sự
301,,,7,,thi hành án dân sự
301,,,6,,thi hành án dân sự
301,,,2,,thi hành án dân sự
301,,,333,tố tụng hình sự,
301,,,331,tố tụng hình sự,
301,,,106,tố tụng hình sự,
301,,,47,hình sự,
301,,,58,hình sự,
301,,,50,hình sự,
301,,,38,hình sự,
301,,2,135,tố tụng hình sự,
301,,1,244,hình sự,
301,,2,51,hình sự,
301,s,1,51,hình sự,
301,c,1,244,hình sự,
302,,,333,tố tụng hình sự,
302,,,331,tố tụng hình sự,
302,,,92,thi hành án hình sự,
302,,,65,hình sự,
302,,,244,hình sự,
302,,2,136,tố tụng hình sự,
302,,2,106,tố tụng hình sự,
302,,1,47,hình sự,
302,t,1,51,hình sự,
302,,2,51,hình sự,
302,s,1,51,hình sự,
302,a,1,244,hình sự,
303,,,333,tố tụng hình sự,
303,,,244,hình sự,
303,,,56,hình sự,
303,,4,331,tố tụng hình sự,
303,,1,331,tố tụng hình sự,
303,,2,136,tố tụng hình sự,
303,,4,244,hình sự,
303,,5,65,hình sự,
303,,2,65,hình sự,
303,,1,65,hình sự,
303,d,1,125,tố tụng hình sự,
303,a,3,106,tố tụng hình sự,
303,a,2,106,tố tụng hình sự,
303,c,1,47,hình sự,
303,a,1,47,hình sự,
303,,2,51,hình sự,
303,s,1,51,hình sự,
303,b,1,244,hình sự,
304,,,333,tố tụng hình sự,
304,,,331,tố tụng hình sự,
304,,,136,tố tụng hình sự,
304,,,92,thi hành án hình sự,
304,,,106,tố tụng hình sự,
304,,,65,hình sự,
304,,5,65,hình sự,
304,,1,47,hình sự,
304,,2,51,hình sự,
304,s,1,51,hình sự,
304,b,1,244,hình sự,
305,,,333,tố tụng hình sự,
305,,,331,tố tụng hình sự,
305,,,136,tố tụng hình sự,
305,,,106,tố tụng hình sự,
305,,,47,hình sự,
305,,,38,hình sự,
305,,2,51,hình sự,
305,h,1,52,hình sự,
305,s,1,51,hình sự,
305,a,1,244,hình sự,
306,,,136,tố tụng hình sự,
306,,,47,hình sự,
306,,,92,thi hành án hình sự,
306,,,65,hình sự,
306,,2,106,tố tụng hình sự,
306,,3,54,hình sự,
306,,2,51,hình sự,
306,b,1,51,hình sự,
306,i,1,51,hình sự,
306,m,1,51,hình sự,
306,s,1,51,hình sự,
306,b,1,244,hình sự,
306,a,1,244,hình sự,
307,,,244,hình sự,
307,,,106,tố tụng hình sự,
307,,,47,hình sự,
307,,2,136,tố tụng hình sự,
307,s,1,51,hình sự,
307,b,1,244,hình sự,
308,,,244,hình sự,
308,,2,136,tố tụng hình sự,
308,,4,244,hình sự,
308,c,2,106,tố tụng hình sự,
308,c,1,47,hình sự,
308,v,1,51,hình sự,
308,s,1,51,hình sự,
308,b,1,244,hình sự,
309,,,333,tố tụng hình sự,
309,,,331,tố tụng hình sự,
309,,,136,tố tụng hình sự,
309,,,106,tố tụng hình sự,
309,,,47,hình sự,
309,,,65,hình sự,
309,,2,51,hình sự,
309,s,1,51,hình sự,
309,a,1,244,hình sự,
310,,,136,tố tụng hình sự,
310,,,38,hình sự,
310,s,1,51,hình sự,
310,a,2,244,hình sự,
311,,,333,tố tụng hình sự,
311,,,331,tố tụng hình sự,
311,,,136,tố tụng hình sự,
311,,,65,hình sự,
311,,3,92,thi hành án hình sự,
311,x,1,51,hình sự,
311,t,1,51,hình sự,
311,,2,51,hình sự,
311,s,1,51,hình sự,
311,b,1,244,hình sự,
312,,,30,,thi hành án dân sự
312,,,9,,thi hành án dân sự
312,,,7b,,thi hành án dân sự
312,,,7a,,thi hành án dân sự
312,,,7,,thi hành án dân sự
312,,,6,,thi hành án dân sự
312,,,2,,thi hành án dân sự
312,,,234,hình sự,
312,,,244,hình sự,
312,,,106,tố tụng hình sự,
312,,,47,hình sự,
312,,,65,hình sự,
312,,2,136,tố tụng hình sự,
312,,2,106,tố tụng hình sự,
312,,4,244,hình sự,
312,,2,51,hình sự,
312,s,1,51,hình sự,
312,b,1,244,hình sự,
314,,,65,hình sự,11/2022/HS-ST
314,,,358,tố tụng hình sự,11/2022/HS-ST
314,,,356,tố tụng hình sự,11/2022/HS-ST
314,,2,136,tố tụng hình sự,11/2022/HS-ST
314,,1,355,tố tụng hình sự,11/2022/HS-ST
314,b,1,51,hình sự,11/2022/HS-ST
314,a,1,355,tố tụng hình sự,11/2022/HS-ST
314,,2,51,hình sự,11/2022/HS-ST
314,s,1,51,hình sự,11/2022/HS-ST
314,g,2,244,hình sự,11/2022/HS-ST
315,,,30,,thi hành án dân sự
315,,,9,,thi hành án dân sự
315,,,7,,thi hành án dân sự
315,,,6,,thi hành án dân sự
315,,,2,,thi hành án dân sự
315,,,333,tố tụng hình sự,
315,,,332,tố tụng hình sự,
315,,,331,tố tụng hình sự,
315,,,106,tố tụng hình sự,
315,,,50,hình sự,
315,,,292,tố tụng hình sự,
315,,,244,hình sự,
315,,,54,hình sự,
315,,,38,hình sự,
315,,2,136,tố tụng hình sự,
315,,1,51,hình sự,
315,,1,293,tố tụng hình sự,
315,t,1,51,hình sự,
315,,2,51,hình sự,
315,s,1,51,hình sự,
315,i,2,244,hình sự,
315,a,2,244,hình sự,
316,,,69,thi hành án hình sự,
316,,,333,tố tụng hình sự,
316,,,331,tố tụng hình sự,
316,,,106,tố tụng hình sự,
316,,,47,hình sự,
316,,,65,hình sự,
316,,2,136,tố tụng hình sự,
316,,1,52,hình sự,
316,,2,51,hình sự,
316,s,1,51,hình sự,
316,a,1,244,hình sự,
317,,,136,tố tụng hình sự,
317,,,135,tố tụng hình sự,
317,,,106,tố tụng hình sự,
317,,,47,hình sự,
317,,,92,thi hành án hình sự,
317,,,65,hình sự,
317,,,50,hình sự,
317,,,38,hình sự,
317,,4,244,hình sự,
317,,1,52,hình sự,
317,,1,51,hình sự,
317,h,1,51,hình sự,
317,,2,51,hình sự,
317,s,1,51,hình sự,
317,a,1,244,hình sự,
318,,,333,tố tụng hình sự,
318,,,331,tố tụng hình sự,
318,,,106,tố tụng hình sự,
318,,,47,hình sự,
318,,,46,hình sự,
318,,,58,hình sự,
318,,,17,hình sự,
318,,,54,hình sự,
318,,,38,hình sự,
318,,4,244,hình sự,
318,,2,51,hình sự,
318,s,1,51,hình sự,
318,d,3,244,hình sự,
319,,,136,tố tụng hình sự,
319,,,135,tố tụng hình sự,
319,,,106,tố tụng hình sự,
319,,,35,hình sự,
319,,2,106,tố tụng hình sự,
319,,1,47,hình sự,
319,,2,51,hình sự,
319,s,1,51,hình sự,
319,b,1,244,hình sự,
320,,,56,hình sự,
320,,,92,thi hành án hình sự,
320,,,65,hình sự,
320,,,58,hình sự,
320,,2,136,tố tụng hình sự,
320,,5,65,hình sự,
320,,2,65,hình sự,
320,,1,65,hình sự,
320,a,3,106,tố tụng hình sự,
320,c,2,106,tố tụng hình sự,
320,a,2,106,tố tụng hình sự,
320,a,1,47,hình sự,
320,,2,51,hình sự,
320,s,1,51,hình sự,
320,a,1,244,hình sự,
321,,,135,tố tụng hình sự,
321,,,52,hình sự,
321,,,244,hình sự,
321,,,106,tố tụng hình sự,
321,,,47,hình sự,
321,,2,65,hình sự,
321,,1,65,hình sự,
321,a,2,106,tố tụng hình sự,
321,a,1,47,hình sự,
321,,2,51,hình sự,
321,s,1,51,hình sự,
321,a,1,244,hình sự,
322,,,333,tố tụng hình sự,
322,,,331,tố tụng hình sự,
322,,,136,tố tụng hình sự,
322,,,38,hình sự,
322,,4,244,hình sự,
322,,4,7,,Luật Đa dạng sinh học
322,c,2,106,tố tụng hình sự,
322,a,2,106,tố tụng hình sự,
322,a,1,47,hình sự,
322,s,1,51,hình sự,
322,a,1,244,hình sự,
323,,,92,thi hành án hình sự,
323,,,331,tố tụng hình sự,
323,,,333,tố tụng hình sự,
323,,,106,tố tụng hình sự,
323,,,47,hình sự,
323,,,65,hình sự,
323,,,50,hình sự,
323,,,38,hình sự,
323,,1,244,hình sự,
323,,3,106,tố tụng hình sự,
323,a,2,106,tố tụng hình sự,
323,,2,47,hình sự,
323,a,1,47,hình sự,
323,v,1,51,hình sự,
323,,2,51,hình sự,
323,s,1,51,hình sự,
323,b,1,244,hình sự,
324,,,136,tố tụng hình sự,
324,,,135,tố tụng hình sự,
324,,,68,thi hành án hình sự,
324,,,92,thi hành án hình sự,
324,,,106,tố tụng hình sự,
324,,,47,hình sự,
324,,,65,hình sự,
324,,,50,hình sự,
324,,,38,hình sự,
324,,4,244,hình sự,
324,,2,51,hình sự,
324,s,1,51,hình sự,
324,a,1,244,hình sự,
325,,,30,,thi hành án dân sự
325,,,9,,thi hành án dân sự
325,,,7,,thi hành án dân sự
325,,,6,,thi hành án dân sự
325,,,2,,thi hành án dân sự
325,,,333,tố tụng hình sự,
325,,,331,tố tụng hình sự,
325,,,234,hình sự,
325,,,38,hình sự,
325,,2,136,tố tụng hình sự,
325,,2,135,tố tụng hình sự,
325,,4,244,hình sự,
325,c,1,47,hình sự,
325,a,2,106,tố tụng hình sự,
325,a,1,47,hình sự,
325,g,1,52,hình sự,
325,s,1,51,hình sự,
325,b,1,244,hình sự,
326,,,333,tố tụng hình sự,17/2022/HS-ST
326,,,38,hình sự,17/2022/HS-ST
326,,2,244,hình sự,17/2022/HS-ST
326,a,1,355,tố tụng hình sự,17/2022/HS-ST
326,c,1,47,hình sự,17/2022/HS-ST
326,a,1,47,hình sự,17/2022/HS-ST
326,s,1,51,hình sự,17/2022/HS-ST
326,h,2,244,hình sự,17/2022/HS-ST
327,,,92,thi hành án hình sự,
327,,,244,hình sự,
327,,,65,hình sự,
327,,2,136,tố tụng hình sự,
327,,2,135,tố tụng hình sự,
327,,2,35,hình sự,
327,,4,244,hình sự,
327,,1,54,hình sự,
327,a,3,106,tố tụng hình sự,
327,c,2,106,tố tụng hình sự,
327,a,2,106,tố tụng hình sự,
327,a,1,47,hình sự,
327,e,2,32,hình sự,
327,t,1,51,hình sự,
327,,2,51,hình sự,
327,s,1,51,hình sự,
327,c,2,244,hình sự,
328,,,333,tố tụng hình sự,
328,,,331,tố tụng hình sự,
328,,,47,hình sự,
328,,,135,tố tụng hình sự,
328,,,52,hình sự,
328,,,65,hình sự,
328,,2,136,tố tụng hình sự,
328,,2,106,tố tụng hình sự,
328,,3,244,hình sự,
328,h,1,51,hình sự,
328,,2,51,hình sự,
328,s,1,51,hình sự,
328,a,1,244,hình sự,
329,,,56,hình sự,
329,,,55,hình sự,
329,,,92,thi hành án hình sự,
329,,,333,tố tụng hình sự,
329,,,331,tố tụng hình sự,
329,,,135,tố tụng hình sự,
329,,,106,tố tụng hình sự,
329,,,65,hình sự,
329,,2,136,tố tụng hình sự,
329,,1,51,hình sự,
329,,4,244,hình sự,
329,a,1,47,hình sự,
329,,2,51,hình sự,
329,s,1,51,hình sự,
329,b,1,244,hình sự,
330,,,332,tố tụng hình sự,
330,,,331,tố tụng hình sự,
330,,,106,tố tụng hình sự,
330,,,47,hình sự,
330,,,46,hình sự,
330,,,65,hình sự,
330,,2,136,tố tụng hình sự,
330,,4,244,hình sự,
330,,1,244,hình sự,
330,i,1,51,hình sự,
330,,2,51,hình sự,
330,s,1,51,hình sự,
330,b,1,244,hình sự,
331,,,135,tố tụng hình sự,
331,,,65,hình sự,
331,,2,136,tố tụng hình sự,
331,,1,47,hình sự,
331,,3,92,thi hành án hình sự,
331,,4,244,hình sự,
331,c,2,106,tố tụng hình sự,
331,v,1,51,hình sự,
331,,2,51,hình sự,
331,s,1,51,hình sự,
331,a,1,244,hình sự,
332,,,30,,thi hành án dân sự
332,,,9,,thi hành án dân sự
332,,,7a,,thi hành án dân sự
332,,,7,,thi hành án dân sự
332,,,6,,thi hành án dân sự
332,,,2,,thi hành án dân sự
332,,,333,tố tụng hình sự,
332,,,331,tố tụng hình sự,
332,,,136,tố tụng hình sự,
332,,,68,thi hành án hình sự,
332,,,106,tố tụng hình sự,
332,,,47,hình sự,
332,,,48,hình sự,
332,,,65,hình sự,
332,,2,468,,dân sự
332,,2,92,thi hành án hình sự,
332,,4,244,hình sự,
332,,1,244,hình sự,
332,h,1,51,hình sự,
332,,2,51,hình sự,
332,s,1,51,hình sự,
334,,,333,tố tụng hình sự,
334,,,331,tố tụng hình sự,
334,,,56,hình sự,
334,,,92,thi hành án hình sự,
334,,,50,hình sự,
334,,,17,hình sự,
334,,,65,hình sự,
334,,,58,hình sự,
334,,2,136,tố tụng hình sự,
334,,2,135,tố tụng hình sự,
334,,1,51,hình sự,
334,,2,106,tố tụng hình sự,
334,,1,47,hình sự,
334,,2,51,hình sự,
334,s,1,51,hình sự,
334,b,1,244,hình sự,
335,,,106,tố tụng hình sự,
335,,,47,hình sự,
335,,,92,thi hành án hình sự,
335,,,65,hình sự,
335,,,50,hình sự,
335,,,38,hình sự,
335,,2,51,hình sự,
335,s,1,51,hình sự,
335,b,1,244,hình sự,
336,,,56,hình sự,
336,,,92,thi hành án hình sự,
336,,,333,tố tụng hình sự,
336,,,331,tố tụng hình sự,
336,,,50,hình sự,
336,,,244,hình sự,
336,,,65,hình sự,
336,,,58,hình sự,
336,,4,244,hình sự,
336,,4,328,tố tụng hình sự,
336,b,3,106,tố tụng hình sự,
336,a,2,106,tố tụng hình sự,
336,a,1,47,hình sự,
336,t,1,51,hình sự,
336,,2,51,hình sự,
336,s,1,51,hình sự,
336,a,1,244,hình sự,
337,,,136,tố tụng hình sự,
337,,,106,tố tụng hình sự,
337,,,38,hình sự,
337,,,54,hình sự,
337,,,244,hình sự,
337,,1,47,hình sự,
337,,3,244,hình sự,
337,,2,51,hình sự,
337,s,1,51,hình sự,
337,a,3,244,hình sự,
338,,,356,tố tụng hình sự,58/2018/HS-ST
338,,,38,hình sự,58/2018/HS-ST
338,,,37,hình sự,58/2018/HS-ST
338,,,58,hình sự,58/2018/HS-ST
338,a,1,355,tố tụng hình sự,58/2018/HS-ST
338,s,1,51,hình sự,58/2018/HS-ST
338,b,1,244,hình sự,58/2018/HS-ST
339,,,356,tố tụng hình sự,74/2018/HS-ST
339,,,244,hình sự,74/2018/HS-ST
339,a,1,355,tố tụng hình sự,74/2018/HS-ST
339,h,1,244,hình sự,74/2018/HS-ST
339,b,1,51,hình sự,74/2018/HS-ST
339,,2,51,hình sự,74/2018/HS-ST
339,s,1,51,hình sự,74/2018/HS-ST
339,h,2,244,hình sự,74/2018/HS-ST
340,,,30,,thi hành án dân sự
340,,,9,,thi hành án dân sự
340,,,7,,thi hành án dân sự
340,,,6,,thi hành án dân sự
340,,,2,,thi hành án dân sự
340,,,54,hình sự,
340,,,38,hình sự,
340,,2,136,tố tụng hình sự,
340,,1,47,hình sự,
340,,1,51,hình sự,
340,a,2,106,tố tụng hình sự,
340,t,1,51,hình sự,
340,,2,51,hình sự,
340,s,1,51,hình sự,
340,a,3,244,hình sự,
341,,,136,tố tụng hình sự,280/2018/HSST
341,,,356,tố tụng hình sự,280/2018/HSST
341,,,357,tố tụng hình sự,280/2018/HSST
341,,,348,tố tụng hình sự,280/2018/HSST
341,,,65,hình sự,280/2018/HSST
341,,,36,hình sự,280/2018/HSST
341,,,54,hình sự,280/2018/HSST
341,,,47,hình sự,280/2018/HSST
341,,,38,hình sự,280/2018/HSST
341,,1,51,hình sự,280/2018/HSST
341,a,1,355,tố tụng hình sự,280/2018/HSST
341,u,1,51,hình sự,280/2018/HSST
341,c,1,357,tố tụng hình sự,280/2018/HSST
341,b,1,355,tố tụng hình sự,280/2018/HSST
341,t,1,51,hình sự,280/2018/HSST
341,p,1,51,hình sự,280/2018/HSST
341,,2,51,hình sự,280/2018/HSST
341,s,1,51,hình sự,280/2018/HSST
341,b,1,244,hình sự,280/2018/HSST
342,,,69,thi hành án hình sự,
342,,,136,tố tụng hình sự,
342,,,106,tố tụng hình sự,
342,,,47,hình sự,
342,,,65,hình sự,
342,,1,244,hình sự,
342,,1,51,hình sự,
342,,2,51,hình sự,
342,s,1,51,hình sự,
343,,,65,hình sự,03/2019/HSST
343,,2,51,hình sự,03/2019/HSST
343,e,1,357,tố tụng hình sự,03/2019/HSST
343,b,1,355,tố tụng hình sự,03/2019/HSST
343,h,1,51,hình sự,03/2019/HSST
343,s,1,51,hình sự,03/2019/HSST
343,a,1,244,hình sự,03/2019/HSST
344,,,65,hình sự,16/2019/HS-ST
344,,2,69,hình sự,16/2019/HS-ST
344,,2,54,hình sự,16/2019/HS-ST
344,,1,54,hình sự,16/2019/HS-ST
344,e,1,357,tố tụng hình sự,16/2019/HS-ST
344,b,1,355,tố tụng hình sự,16/2019/HS-ST
344,l,1,51,hình sự,16/2019/HS-ST
344,,2,51,hình sự,16/2019/HS-ST
344,s,1,51,hình sự,16/2019/HS-ST
344,a,2,244,hình sự,16/2019/HS-ST
345,,,92,thi hành án hình sự,
345,,,333,tố tụng hình sự,
345,,,331,tố tụng hình sự,
345,,,136,tố tụng hình sự,
345,,,106,tố tụng hình sự,
345,,,47,hình sự,
345,,,65,hình sự,
345,,1,244,hình sự,
345,,3,54,hình sự,
345,t,1,51,hình sự,
345,,2,51,hình sự,
345,s,1,51,hình sự,
345,b,1,244,hình sự,
346,,,356,tố tụng hình sự,12/2022/HSST
346,,,38,hình sự,12/2022/HSST
346,a,1,355,tố tụng hình sự,12/2022/HSST
346,h,1,52,hình sự,12/2022/HSST
346,,2,51,hình sự,12/2022/HSST
346,s,1,51,hình sự,12/2022/HSST
346,b,1,244,hình sự,12/2022/HSST
347,,,136,tố tụng hình sự,38/2022/HS-ST
347,,,356,tố tụng hình sự,38/2022/HS-ST
347,,2,135,tố tụng hình sự,38/2022/HS-ST
347,,4,244,hình sự,38/2022/HS-ST
347,c,1,351,tố tụng hình sự,38/2022/HS-ST
347,a,1,352,tố tụng hình sự,38/2022/HS-ST
347,c,1,357,tố tụng hình sự,38/2022/HS-ST
347,b,1,355,tố tụng hình sự,38/2022/HS-ST
347,a,1,355,tố tụng hình sự,38/2022/HS-ST
347,,2,51,hình sự,38/2022/HS-ST
347,s,1,51,hình sự,38/2022/HS-ST
347,a,1,244,hình sự,38/2022/HS-ST
349,,,333,tố tụng hình sự,
349,,,331,tố tụng hình sự,
349,,,65,hình sự,
349,,2,136,tố tụng hình sự,
349,,1,69,thi hành án hình sự,
349,b,3,106,tố tụng hình sự,
349,a,2,106,tố tụng hình sự,
349,,2,47,hình sự,
349,a,1,47,hình sự,
349,,2,51,hình sự,
349,s,1,51,hình sự,
349,a,1,244,hình sự,
350,,,333,tố tụng hình sự,
350,,,331,tố tụng hình sự,
350,,,106,tố tụng hình sự,
350,,,47,hình sự,
350,,,38,hình sự,
350,,,244,hình sự,
350,,3,106,tố tụng hình sự,
350,,2,47,hình sự,
350,,2,106,tố tụng hình sự,
350,,1,47,hình sự,
350,,4,244,hình sự,
350,,2,51,hình sự,
350,s,1,51,hình sự,
350,a,1,244,hình sự,
351,,,125,tố tụng hình sự,
351,,5,65,hình sự,
351,,3,92,thi hành án hình sự,
351,,1,333,tố tụng hình sự,
351,,4,331,tố tụng hình sự,
351,,1,331,tố tụng hình sự,
351,,4,244,hình sự,
351,,1,51,hình sự,
351,,2,136,tố tụng hình sự,
351,,2,65,hình sự,
351,,1,65,hình sự,
351,đ,1,125,tố tụng hình sự,
351,i,1,51,hình sự,
351,,2,47,hình sự,
351,,2,51,hình sự,
351,b,3,106,tố tụng hình sự,
351,c,2,106,tố tụng hình sự,
351,a,2,106,tố tụng hình sự,
351,a,1,47,hình sự,
351,d,3,106,tố tụng hình sự,
351,t,1,51,hình sự,
351,s,1,51,hình sự,
351,a,1,244,hình sự,
352,d,3,106,hình sự,
352,,4,244,hình sự,
352,,2,136,tố tụng hình sự,
352,,2,135,tố tụng hình sự,
352,c,2,106,tố tụng hình sự,
352,a,2,106,tố tụng hình sự,
352,a,1,47,hình sự,
352,s,1,51,hình sự,
352,,,38,hình sự,
352,a,1,244,hình sự,
353,,4,244,hình sự,
353,,2,136,tố tụng hình sự,
353,,2,135,tố tụng hình sự,
353,c,2,106,tố tụng hình sự,
353,a,2,106,tố tụng hình sự,
353,a,1,47,hình sự,
353,,,38,hình sự,
353,s,1,51,hình sự,
353,b,1,244,hình sự,
354,,,333,tố tụng hình sự,
354,,,331,tố tụng hình sự,
354,,2,136,tố tụng hình sự,
354,,3,92,thi hành án hình sự,
354,,4,244,hình sự,
354,,,106,tố tụng hình sự,
354,,,65,hình sự,
354,,,58,hình sự,
354,,,52,hình sự,
354,,2,51,hình sự,
354,,,47,hình sự,
354,s,1,51,hình sự,
354,b,1,244,hình sự,
355,,,333,tố tụng hình sự,
355,,,331,tố tụng hình sự,
355,,,106,tố tụng hình sự,
355,,,47,hình sự,
355,,,46,hình sự,
355,,1,92,thi hành án hình sự,
355,,,65,hình sự,
355,,,38,hình sự,
355,,2,51,hình sự,
355,s,1,51,hình sự,
355,a,1,244,hình sự,
356,,,333,tố tụng hình sự,
356,,,331,tố tụng hình sự,
356,,1,69,thi hành án hình sự,
356,,,136,tố tụng hình sự,
356,,,135,tố tụng hình sự,
356,a,3,106,tố tụng hình sự,
356,,1,60,hình sự,
356,,2,60,hình sự,
356,,1,46,hình sự,
356,,2,46,hình sự,
356,h,1,46,hình sự,
356,,,60,hình sự,
356,,,33,hình sự,
356,e,2,245,hình sự,
356,p,1,46,hình sự,
356,,,53,hình sự,
356,,,20,hình sự,
356,,2,245,hình sự,
356,,2,7,hình sự,
356,,1,245,hình sự,
357,,,136,tố tụng hình sự,
357,,,38,hình sự,
357,,1,47,hình sự,
357,a,1,47,hình sự,
357,a,1,46,hình sự,
357,a,2,106,tố tụng hình sự,
357,i,1,51,hình sự,
357,,2,51,hình sự,
357,s,1,51,hình sự,
357,c,1,247,hình sự,
358,,,333,tố tụng hình sự,
358,,,332,tố tụng hình sự,
358,,,331,tố tụng hình sự,
358,,,136,tố tụng hình sự,
358,,,135,tố tụng hình sự,
358,,2,106,tố tụng hình sự,
358,,1,106,tố tụng hình sự,
358,,,47,hình sự,
358,,,38,hình sự,
358,c,1,247,hình sự,
358,i,1,51,hình sự,
358,s,1,51,hình sự,
359,,,65,hình sự,
359,,1,247,hình sự,
359,,2,136,tố tụng hình sự,
359,,,135,tố tụng hình sự,
359,,2,106,tố tụng hình sự,
359,,,47,hình sự,
359,,3,247,hình sự,
359,,,331,tố tụng hình sự,
359,a,2,106,tố tụng hình sự,
359,,,50,hình sự,
359,a,1,47,hình sự,
359,,,38,hình sự,
359,,2,51,hình sự,
359,s,1,51,hình sự,
359,i,1,51,hình sự,
359,c,1,247,hình sự,
360,,,331,tố tụng hình sự,
360,,,50,tố tụng hình sự,
360,,,38,tố tụng hình sự,
360,,,65,hình sự,
360,,,54,hình sự,
360,,1,247,hình sự,
360,,2,51,hình sự,
360,,2,136,tố tụng hình sự,
360,,,135,tố tụng hình sự,
360,,3,247,hình sự,
360,,2,51,hình sự,
360,s,1,51,hình sự,
360,i,1,51,hình sự,
360,c,1,247,hình sự,
360,c,1,47,hình sự,
361,,1,69,thi hành án hình sự,23/2019/HS-ST
361,,,65,hình sự,23/2019/HS-ST
361,e,1,357,tố tụng hình sự,23/2019/HS-ST
361,b,1,355,tố tụng hình sự,23/2019/HS-ST
361,s,1,51,hình sự,23/2019/HS-ST
361,m,1,51,hình sự,23/2019/HS-ST
361,i,1,51,hình sự,23/2019/HS-ST
361,h,1,51,hình sự,23/2019/HS-ST
361,c,1,247,hình sự,23/2019/HS-ST
362,,,30,thi hành án hình sự,
362,,,7b,thi hành án hình sự,
362,,,9,thi hành án hình sự,
362,,,7a,thi hành án hình sự,
362,,,6,thi hành án hình sự,
362,,,2,thi hành án hình sự,
362,,2,136,tố tụng hình sự,
362,,1,69,thi hành án hình sự,
362,a,2,106,tố tụng hình sự,
362,,,47,hình sự,
362,,,65,hình sự,
362,x,1,51,hình sự,
362,s,1,51,hình sự,
362,i,1,51,hình sự,
362,c,1,247,hình sự,
363,,1,247,hình sự,
363,,3,247,hình sự,
363,,,38,hình sự,
363,,,50,hình sự,
363,,,333,tố tụng hình sự,
363,,,331,tố tụng hình sự,
363,,,54,hình sự,
363,a,2,106,tố tụng hình sự,
363,a,1,47,hình sự,
363,,2,51,hình sự,
363,s,1,51,hình sự,
363,i,1,51,hình sự,
363,c,1,247,hình sự,
364,,,135,tố tụng hình sự,
364,,,136,tố tụng hình sự,
364,,,52,hình sự,
364,a,2,106,tố tụng hình sự,
364,c,1,47,hình sự,
364,,,38,hình sự,
364,s,1,51,hình sự,
364,i,1,51,hình sự,
364,b,1,247,hình sự,
365,,,465,tố tụng hình sự,22/2020/HSST
365,,,464,tố tụng hình sự,22/2020/HSST
365,,,356,tố tụng hình sự,22/2020/HSST
365,a,1,355,tố tụng hình sự,22/2020/HSST
365,,,38,hình sự,22/2020/HSST
365,s,1,51,hình sự,22/2020/HSST
365,i,1,51,hình sự,22/2020/HSST
365,c,1,247,hình sự,22/2020/HSST
366,,,52,hình sự,
366,,3,347,hình sự,
366,,,135,tố tụng hình sự,
366,,,3,hình sự,
366,,,38,hình sự,
366,,,65,hình sự,
366,c,1,247,hình sự,
366,s,1,51,hình sự,
366,i,1,51,hình sự,
367,,,30,,thi hành án dân sự
367,,,9,,thi hành án dân sự
367,,,7,,thi hành án dân sự
367,,,6,,thi hành án dân sự
367,,,2,,thi hành án dân sự
367,,,92,thi hành án hình sự,
367,,,331,tố tụng hình sự,
367,,,262,tố tụng hình sự,
367,,,293,tố tụng hình sự,
367,,,136,tố tụng hình sự,
367,,,333,tố tụng hình sự,
367,,,331,tố tụng hình sự,
367,,,136,tố tụng hình sự,
367,,5,65,hình sự,
367,,3,247,hình sự,
367,,1,292,tố tụng hình sự,
367,,,65,hình sự,
367,c,3,106,tố tụng hình sự,
367,,,50,hình sự,
367,r,1,51,hình sự,
367,o,1,51,hình sự,
367,i,1,51,hình sự,
367,c,1,247,hình sự,
368,,3,247,hình sự,
368,,,333,tố tụng hình sự,
368,,,331,tố tụng hình sự,
368,,,54,hình sự,
368,,,38,hình sự,
368,,2,51,hình sự,
368,s,1,51,hình sự,
368,i,1,51,hình sự,
368,c,1,247,hình sự,
369,,3,247,hình sự,
369,,,1,hình sự,
369,,,333,tố tụng hình sự,
369,,,331,tố tụng hình sự,
369,,2,136,tố tụng hình sự,
369,,2,135,tố tụng hình sự,
369,,,50,hình sự,
369,,,38,hình sự,
369,,2,51,hình sự,
369,s,1,51,hình sự,
369,i,1,51,hình sự,
369,c,1,247,hình sự,
370,,,136,tố tụng hình sự,
370,,,47,hình sự,
370,,,106,hình sự,
370,,3,247,hình sự,
370,,,329,hình sự,
370,,2,247,hình sự,
370,,,38,hình sự,
370,,2,51,hình sự,
370,s,1,51,hình sự,
370,b,2,247,hình sự,
371,,,30,,thi hành án dân sự
371,,,9,,thi hành án dân sự
371,,,7a,,thi hành án dân sự
371,,,7,,thi hành án dân sự
371,,,6,,thi hành án dân sự
371,,,2,,thi hành án dân sự
371,,2,136,tố tụng hình sự,
371,c,2,106,tố tụng hình sự,
371,c,3,106,tố tụng hình sự,
371,,1,247,hình sự,
371,a,2,106,tố tụng hình sự,
371,a,1,47,hình sự,
371,i,1,51,hình sự,
371,s,1,51,hình sự,
371,c,1,247,hình sự,
372,,2,136,tố tụng hình sự,
372,b,3,106,tố tụng hình sự,
372,,1,106,tố tụng hình sự,
372,a,1,47,hình sự,
372,a,3,106,tố tụng hình sự,
372,c,2,106,tố tụng hình sự,
372,a,2,106,tố tụng hình sự,
372,a,1,247,hình sự,
372,,2,51,hình sự,
372,,,65,hình sự,
372,,,38,hình sự,
372,,,17,hình sự,
372,,,50,hình sự,
372,s,1,51,hình sự,
372,i,1,51,hình sự,
372,c,1,247,hình sự,
373,,,47,hình sự,
373,,,136,tố tụng hình sự,
373,,,106,tố tụng hình sự,
373,,3,247,hình sự,
373,,,38,hình sự,
373,,2,51,hình sự,
373,s,1,51,hình sự,
373,i,1,51,hình sự,
373,c,1,247,hình sự,
374,,,333,tố tụng hình sự,
374,,,331,tố tụng hình sự,
374,,,136,tố tụng hình sự,
374,,3,247,hình sự,
374,,,38,hình sự,
374,,2,51,hình sự,
374,s,1,51,hình sự,
374,i,1,51,hình sự,
374,c,1,247,hình sự,
375,,,247,hình sự,
375,,3,247,hình sự,
375,c,2,106,tố tụng hình sự,
375,a,2,106,tố tụng hình sự,
375,,1,106,tố tụng hình sự,
375,c,1,47,hình sự,
375,a,1,47,hình sự,
375,,2,51,hình sự,
375,s,1,51,hình sự,
375,o,1,51,hình sự,
375,i,1,51,hình sự,
375,,,38,hình sự,
375,c,1,247,hình sự,
376,,,348,tố tụng hình sự,13/2021/HS-ST
376,,,247,hình sự,13/2021/HS-ST
376,,1,348,tố tụng hình sự,13/2021/HS-ST
376,,1,247,hình sự,13/2021/HS-ST
376,c,1,357,tố tụng hình sự,13/2021/HS-ST
376,b,1,355,tố tụng hình sự,13/2021/HS-ST
376,,2,51,hình sự,13/2021/HS-ST
376,s,1,51,hình sự,13/2021/HS-ST
376,i,1,51,hình sự,13/2021/HS-ST
376,c,1,247,hình sự,13/2021/HS-ST
377,,,106,tố tụng hình sự,
377,,2,135,tố tụng hình sự,
377,,2,106,tố tụng hình,
377,,1,106,tố tụng hình sự,
377,,,47,hình sự,
377,,3,247,hình sự,
377,,2,51,hình sự,
377,s,1,51,hình sự,
377,i,1,51,hình sự,
377,,1,247,hình sự,
377,c,1,247,hình sự,
378,,2,99,tố tụng hình sự,
378,,,98,tố tụng hình sự,
378,s,1,51,hình sự,
378,i,1,51,hình sự,
378,c,1,247,hình sự,
379,,,356,tố tụng hình sự,72/2021/HS-ST
379,a,1,355,tố tụng hình sự,72/2021/HS-ST
379,s,1,51,hình sự,72/2021/HS-ST
379,i,1,51,hình sự,72/2021/HS-ST
379,b,1,247,hình sự,72/2021/HS-ST
380,,,247,hình sự,
380,,1,333,tố tụng hình sự,
380,,,331,tố tụng hình sự,
380,,3,247,hình sự,
380,,1,52,hình,
380,,,50,hình sự,
380,,2,136,tố tụng hình sự,
380,s,1,51,hình sự,
380,,,38,hình sự,
380,b,2,247,hình sự,
381,,,123,tố tụng hình sự,
381,,,65,hình,
381,,,52,hình sự,
381,,3,247,hình sự,
381,,,333,tố tụng hình sự,
381,,,331,tố tụng hình sự,
381,,,38,hình sự,
381,c,2,106,tố tụng hình sự,
381,a,2,106,tố tụng hình sự,
381,a,1,47,hình sự,
381,,,38,hình sự,
381,,2,51,hình sự,
381,s,1,51,hình sự,
381,i,1,51,hình sự,
381,c,1,247,hình sự,
383,,,52,hình sự,
383,,,461,tố tụng hình sự,
383,,,456,tố tụng hình sự,
383,,1,333,tố tụng hình sự,
383,,,331,tố tụng hình sự,
383,,2,136,tố tụng hình sự,
383,,3,247,hình sự,
383,a,2,106,tố tụng hình sự,
383,,1,106,tố tụng hình sự,
383,a,1,47,hình sự,
383,,,38,hình sự,
383,s,1,51,hình sự,
383,i,1,51,hình sự,
383,c,1,247,hình sự,
384,,,333,tố tụng hình sự,
384,,,331,tố tụng hình sự,
384,,2,136,tố tụng hình sự,
384,,2,135,tố tụng hình sự,
384,c,2,106,tố tụng hình sự,
384,a,2,106,tố tụng hình sự,
384,,,50,hình sự,
384,a,1,47,hình sự,
384,,,38,hình sự,
384,,2,51,hình sự,
384,s,1,51,hình sự,
384,b,2,247,hình sự,
385,,,333,tố tụng hình sự,
385,,,331,tố tụng hình sự,
385,,2,136,tố tụng hình sự,
385,,2,135,tố tụng hình sự,
385,c,2,106,tố tụng hình sự,
385,a,2,106,tố tụng hình sự,
385,,,50,hình sự,
385,a,1,47,hình sự,
385,,,38,hình sự,
385,,2,51,hình sự,
385,s,1,51,hình sự,
385,b,2,247,hình sự,
386,,,92,thi hành án hình sự,
386,,,333,tố tụng hình sự,
386,,,331,tố tụng hình sự,
386,,,65,hình sự,
386,,1,106,tố tụng hình sự,
386,,1,247,hình sự,
386,c,3,106,tố tụng hình sự,
386,,5,65,hình sự,
386,,2,65,hình sự,
386,,1,65,hình sự,
386,,,38,hình sự,
386,,2,51,hình sự,
386,s,1,51,hình sự,
386,i,1,51,hình sự,
386,c,1,247,hình sự,
387,,,333,tố tụng hình sự,
387,,,247,hình sự,
387,,,331,tố tụng hình sự,
387,,,136,tố tụng hình sự,
387,,,135,tố tụng hình sự,
387,,,106,tố tụng hình sự,
387,,,47,hình sự,
387,,2,51,hình sự,
387,,1,291,tố tụng hình sự,
387,,1,247,hình sự,
387,,2,51,hình sự,
387,,,65,hình sự,
387,s,1,51,hình sự,
387,i,1,51,hình sự,
387,c,1,247,hình sự,
388,,,333,tố tụng hình sự,
388,,,331,tố tụng hình sự,
388,,1,106,tố tụng hình sự,
388,,1,136,tố tụng hình sự,
388,,1,106,tố tụng hình sự,
388,,1,51,hình sự,
388,,2,51,hình sự,
388,s,1,51,hình sự,
388,,,47,hình sự,
388,,,106,tố tụng hình sự,
388,,,38,hình sự,
388,c,1,249,hình sự,
389,,3,92,thi hành án hình sự,20/2022/HS-ST
389,,5,65,hình sự,20/2022/HS-ST
389,,2,65,hình sự,20/2022/HS-ST
389,,1,65,hình sự,20/2022/HS-ST
389,,,65,hình sự,20/2022/HS-ST
389,e,1,357,tố tụng hình sự,20/2022/HS-ST
389,b,1,355,tố tụng hình sự,20/2022/HS-ST
389,s,1,51,hình sự,20/2022/HS-ST
389,i,1,51,hình sự,20/2022/HS-ST
389,c,1,247,hình sự,20/2022/HS-ST
390,,,136,tố tụng hình sự,
390,,,38,hình sự,
390,s,1,51,hình sự,
390,i,1,51,hình sự,
390,c,1,247,hình sự,
391,,,56,hình sự,
391,,,92,thi hành án hình sự,
391,,,247,hình sự,
391,,,47,hình sự,
391,,,106,tố tụng hình sự,
391,,2,106,tố tụng hình sự,
391,,1,106,tố tụng hình sự,
391,,1,47,hình sự,
391,,1,51,hình sự,
391,,2,65,hình sự,
391,,1,65,hình sự,
391,s,1,51,hình sự,
391,i,1,51,hình sự,
391,c,1,247,hình sự,
392,,,30,,thi hành án dân sự
392,,,9,,thi hành án dân sự
392,,,7,,thi hành án dân sự
392,,,6,,thi hành án dân sự
392,,,2,,thi hành án dân sự
392,,,234,tố tụng hình sự,
392,,,231,tố tụng hình sự,
392,,,99,tố tụng hình sự,
392,,,357,,bộ luật dân sự
392,c,2,76,tố tụng hình sự,
392,b,1,41,hình sự,
392,,1,357,,bộ luật dân sự
392,,4,30,,
392,,1,30,,
392,,1,248,hình sự,
392,,2,46,hình sự,
392,h,1,46,hình sự,
392,p,1,46,hình sự,
393,,,332,tố tụng hình sự,
393,,,331,tố tụng hình sự,
393,,,136,tố tụng hình sự,
393,,,106,tố tụng hình sự,
393,,,38,hình sự,
393,,,47,hình sự,
393,c,1,249,hình sự,
393,s,1,51,hình sự,
394,,,136,tố tụng hình sự,
394,,,106,tố tụng hình sự,
394,,,47,hình sự,
394,,,46,hình sự,
394,,1,38,hình sự,
394,s,1,51,hình sự,
394,c,1,249,hình sự,
395,,,136,tố tụng hình sự,
395,,,106,tố tụng hình sự,
395,,,30,,thi hành án dân sự
395,,,9,,thi hành án dân sự
395,,,7b,,thi hành án dân sự
395,,,7a,,thi hành án dân sự
395,,,7,,thi hành án dân sự
395,,,6,,thi hành án dân sự
395,,,2,,thi hành án dân sự
395,,3,7,hình sự,
395,o,2,194,hình sự,
395,s,1,51,hình sự,
395,n,2,249,hình sự,
396,,,136,tố tụng hình sự,
396,,,15,hình sự,
396,,,18,hình sự,
396,,,248,hình sự,
396,,,47,hình sự,
396,,,57,hình sự,
396,,5,248,hình sự,
396,a,3,106,tố tụng hình sự,
396,a,2,106,tố tụng hình sự,
396,,,38,hình sự,
396,,,54,hình sự,
396,,,15,hình sự,
396,,2,51,hình sự,
396,s,1,51,hình sự,
396,h,1,51,hình sự,
396,b,1,248,hình sự,
396,b,2,248,hình sự,
398,,,194,hình sự,
398,,,192,hình sự,
398,,2,136,tố tụng hình sự,
398,,5,248,hình sự,
398,,1,248,hình sự,
398,c,1,47,hình sự,
398,a,1,47,hình sự,
398,c,2,106,tố tụng hình sự,
398,a,2,106,tố tụng hình sự,
398,s,1,51,hình sự,
399,,,30,,thi hành án dân sự
399,,,9,,thi hành án dân sự
399,,,2,,thi hành án dân sự
399,,,38,hình sự,
399,,2,136,tố tụng hình sự,
399,,2,70,hình sự,
399,a,2,106,tố tụng hình sự,
399,,1,249,hình sự,
399,s,1,51,hình sự,
399,c,1,249,hình sự,
400,,,333,tố tụng hình sự,
400,,,293,tố tụng hình sự,
400,,,331,tố tụng hình sự,
400,,2,136,tố tụng hình sự,
400,,5,249,hình sự,
400,a,2,106,tố tụng hình sự,
400,s,1,51,hình sự,
400,c,1,47,hình sự,
400,o,2,249,hình sự,
401,,,135,tố tụng hình sự,
401,,,136,tố tụng hình sự,
401,,,106,tố tụng hình sự,
401,,,47,hình sự,
401,,1,249,hình sự,
401,s,1,51,hình sự,
401,c,1,249,hình sự,
402,,,333,tố tụng hình sự,
402,,,331,tố tụng hình sự,
402,,,38,hình sự,
402,,2,136,tố tụng hình sự,
402,,,106,tố tụng hình sự,
402,,3,7,hình sự,
402,,1,194,hình sự,
402,s,1,51,hình sự,
402,c,1,249,hình sự,
403,,,30,,thi hành án dân sự
403,,,9,,thi hành án dân sự
403,,,7a,,thi hành án dân sự
403,,,7,,thi hành án dân sự
403,,,2,,thi hành án dân sự
403,,,6,,thi hành án dân sự
403,,,136,tố tụng hình sự,
403,,,135,tố tụng hình sự,
403,c,1,47,hình sự,
403,,,47,hình sự,
403,,,106,tố tụng hình sự,
403,,,38,hình sự,
403,s,1,51,hình sự,
403,c,1,249,hình sự,
404,,,135,tố tụng hình sự,
404,,,333,tố tụng hình sự,
404,,,331,tố tụng hình sự,
404,,2,51,hình sự,
404,,3,329,tố tụng hình sự,
404,,1,329,tố tụng hình sự,
404,,,106,tố tụng hình sự,
404,,5,249,hình sự,
404,,,47,hình sự,
404,,,38,hình sự,
404,s,1,51,hình sự,
404,g,2,249,hình sự,
405,,2,136,tố tụng hình sự,
405,,,106,tố tụng hình sự,
405,,,47,hình sự,
405,h,1,52,hình sự,
405,s,1,51,hình sự,
405,c,1,249,hình sự,
406,,5,249,hình sự,
406,c,2,106,tố tụng hình sự,
406,,,136,tố tụng hình sự,
406,a,2,106,tố tụng hình sự,
406,c,1,47,hình sự,
406,,,38,hình sự,
406,s,1,51,hình sự,
406,c,1,249,hình sự,
407,,,30,,thi hành án dân sự
407,,,9,,thi hành án dân sự
407,,,6,,thi hành án dân sự
407,,,7,,thi hành án dân sự
407,,,2,,thi hành án dân sự
407,,3,106,tố tụng hình sự,
407,,2,106,tố tụng hình sự,
407,,2,136,tố tụng hình sự,
407,,,51,hình sự,
407,,2,51,hình sự,
407,,,106,tố tụng hình sự,
407,,,47,tố tụng hình sự,
407,,,58,hình sự,
407,,,56,hình sự,
407,,,55,hình sự,
407,,,50,hình sự,
407,,,17,hình sự,
407,,,38,hình sự,
407,s,1,51,hình sự,
407,i,1,249,hình sự,
407,,1,248,hình sự,
407,c,1,249,hình sự,
407,b,2,248,hình sự,
408,,,136,tố tụng hình sự,
408,,5,249,hình sự,
408,,2,51,hình sự,
408,,,47,hình sự,
408,,2,106,tố tụng hình sự,
408,a,2,106,tố tụng hình sự,
408,,2,249,hình sự,
408,s,1,51,hình sự,
408,c,1,249,hình sự,
408,h,1,52,hình sự,
409,,,99,tố tụng hình sự,43/2020/HSST
409,a,1,355,tố tụng hình sự,43/2020/HSST
409,,,38,hình sự,43/2020/HSST
409,s,1,51,hình sự,43/2020/HSST
409,,2,51,hình sự,43/2020/HSST
409,c,1,249,hình sự,43/2020/HSST
410,,2,136,tố tụng hình sự,
410,,2,135,tố tụng hình sự,
410,,1,51,hình sự,
410,a,3,106,tố tụng hình sự,
410,c,2,106,tố tụng hình sự,
410,a,2,106,tố tụng hình sự,
410,c,1,47,hình sự,
410,a,1,47,hình sự,
410,,,58,hình sự,
410,,,17,hình sự,
410,,,38,hình sự,
410,s,1,51,hình sự,
410,,5,249,hình sự,
410,c,1,249,hình sự,
411,,,333,tố tụng hình sự,
411,,,331,tố tụng hình sự,
411,,,106,tố tụng hình sự,
411,,,47,hình sự,
411,,,136,tố tụng hình sự,
411,,,135,tố tụng hình sự,
411,,2,51,hình sự,
411,s,1,51,hình sự,
411,g,2,249,hình sự,
411,b,2,249,hình sự,
412,,2,135,tố tụng hình sự,
412,a,2,106,tố tụng hình sự,
412,a,1,47,hình sự,
412,s,1,51,hình sự,
412,c,1,249,hình sự,
413,,,136,tố tụng hình sự,
413,,,106,tố tụng hình sự,
413,,1,47,hình sự,
413,s,1,51,hình sự,
413,c,1,249,hình sự,
414,,5,249,hình sự,
414,,,252,hình sự,
414,,,250,hình sự,
414,,,251,hình sự,
414,,,248,hình sự,
414,,,249,hình sự,
414,,2,136,tố tụng hình sự,
414,a,2,106,tố tụng hình sự,
414,c,1,47,hình sự,
414,,,38,hình sự,
414,h,1,52,hình sự,
414,s,1,51,hình sự,
414,,,50,hình sự,
414,c,1,249,hình sự,
415,,,331,tố tụng hình sự,
415,,,333,tố tụng hình sự,
415,,,135,tố tụng hình sự,
415,,,106,tố tụng hình sự,
415,,,46,hình sự,
415,,,38,hình sự,
415,,1,251,hình sự,
415,s,1,51,hình sự,
416,,,333,tố tụng hình sự,
416,,,331,tố tụng hình sự,
416,c,1,247,hình sự,
416,,1,329,tố tụng hình sự,
416,,3,329,tố tụng hình sự,
416,,,248,hình sự,
416,,1,47,hình sự,
416,a,2,106,tố tụng hình sự,
416,,5,248,hình sự,
416,,,38,hình sự,
416,,2,51,hình sự,
416,s,1,51,hình sự,
416,,1,248,hình sự,
417,,,333,tố tụng hình sự,
417,,,331,tố tụng hình sự,
417,,,56,hình sự,
417,g,2,173,hình sự,
417,b,2,53,hình sự,
417,,,136,tố tụng hình sự,
417,,,135,tố tụng hình sự,
417,c,2,106,tố tụng hình sự,
417,c,1,47,hình sự,
417,a,2,106,tố tụng hình sự,
417,,,38,hình sự,
417,s,1,51,hình sự,
417,o,2,249,hình sự,
419,,,333,tố tụng hình sự,
419,,,331,tố tụng hình sự,
419,,2,136,tố tụng hình sự,
419,,,135,tố tụng hình sự,
419,,,106,tố tụng hình sự,
419,,,47,hình sự,
419,,2,51,hình sự,
419,,,52,hình sự,
419,c,2,290,tố tụng hình sự,
419,s,1,51,hình sự,
419,b,3,249,hình sự,
420,,,333,tố tụng hình sự,
420,,,331,tố tụng hình sự,
420,,,136,hình sự,
420,,,248,hình sự,
420,,2,251,hình sự,
420,,,106,tố tụng hình sự,
420,,,58,hình sự,
420,,,47,hình sự,
420,,,17,hình sự,
420,,,38,hình sự,
420,,2,51,hình sự,
420,s,1,51,hình sự,
420,,1,248,hình sự,
422,,5,249,hình sự,
422,,2,136,tố tụng hình sự,
422,,2,135,tố tụng hình sự,
422,a,1,249,hình sự,
422,s,1,51,hình sự,
422,c,1,249,hình sự,
423,,,333,tố tụng hình sự,
423,,,331,tố tụng hình sự,
423,,,136,tố tụng hình sự,
423,,,248,hình sự,
423,,,135,tố tụng hình sự,
423,,,47,hình sự,
423,,,38,hình sự,
423,,,106,tố tụng hình sự,
423,,2,51,hình sự,
423,,1,248,hình sự,
423,m,1,51,hình sự,
423,s,1,51,hình sự,
424,,,106,hình sự,
424,,,47,hình sự,
424,,,136,tố tụng hình sự,
424,,,135,tố tụng hình sự,
424,,,38,hình sự,
424,,2,106,tố tụng hình sự,
424,,1,47,hình sự,
424,,2,51,hình sự,
424,,1,248,hình sự,
424,m,1,51,hình sự,
424,s,1,51,hình sự,
425,,,332,tố tụng hình sự,42/2022/HS-ST
425,,,356,tố tụng hình sự,42/2022/HS-ST
425,,,55,hình sự,42/2022/HS-ST
425,,,40,hình sự,42/2022/HS-ST
425,,,38,hình sự,42/2022/HS-ST
425,,,333,tố tụng hình sự,42/2022/HS-ST
425,,,331,tố tụng hình sự,42/2022/HS-ST
425,,,327,tố tụng hình sự,42/2022/HS-ST
425,,,326,tố tụng hình sự,42/2022/HS-ST
425,,,299,tố tụng hình sự,42/2022/HS-ST
425,,,298,tố tụng hình sự,42/2022/HS-ST
425,a,1,355,tố tụng hình sự,42/2022/HS-ST
425,s,1,51,hình sự,42/2022/HS-ST
425,i,1,249,hình sự,42/2022/HS-ST
425,đ,4,248,hình sự,42/2022/HS-ST
426,,,106,tố tụng hình sự,
426,,,47,hình sự,
426,,,46,hình sự,
426,,1,248,hình sự,
426,s,1,51,hình sự,
427,,,39,hình sự,10/2022/HSST
427,,,356,tố tụng hình sự,10/2022/HSST
427,,,136,tố tụng hình sự,10/2022/HSST
427,,,245,hình sự,10/2022/HSST
427,,,37,hình sự,10/2022/HSST
427,,,38,hình sự,10/2022/HSST
427,,,40,hình sự,10/2022/HSST
427,,,17,hình sự,10/2022/HSST
427,,2,54,hình sự,10/2022/HSST
427,,3,57,hình sự,10/2022/HSST
427,,5,248,hình sự,10/2022/HSST
427,,4,329,tố tụng hình sự,10/2022/HSST
427,a,1,355,tố tụng hình sự,10/2022/HSST
427,a,1,52,hình sự,10/2022/HSST
427,s,1,51,hình sự,10/2022/HSST
427,b,4,248,hình sự,10/2022/HSST
428,,,106,tố tụng hình sự,
428,,,47,hình sự,
428,,,38,hình sự,
428,s,1,51,hình sự,
428,i,1,249,hình sự,
429,,,38,hình sự,
429,,5,249,hình sự,
429,c,2,106,tố tụng hình sự,
429,a,2,106,tố tụng hình sự,
429,c,1,47,hình sự,
429,s,1,51,hình sự,
429,c,1,249,hình sự,
430,,,333,tố tụng hình sự,
430,,,331,tố tụng hình sự,
430,,,136,tố tụng hình sự,
430,,,106,tố tụng hình sự,
430,,,47,hình sự,
430,,,292,tố tụng hình sự,
430,,2,106,tố tụng hình sự,
430,,1,47,hình sự,
430,s,1,51,hình sự,
430,c,1,249,hình sự,
431,,,30,,thi hành án dân sự
431,,,9,,thi hành án dân sự
431,,,7a,,thi hành án dân sự
431,,,7b,,thi hành án dân sự
431,,,7,,thi hành án dân sự
431,,,6,,thi hành án dân sự
431,,,2,,thi hành án dân sự
431,,,333,tố tụng hình sự,
431,,,331,tố tụng hình sự,
431,,,38,hình sự,
431,,1,329,tố tụng hình sự,
431,,1,38,hình sự,
431,,2,136,tố tụng hình sự,
431,,3,106,tố tụng hình sự,
431,,2,47,hình sự,
431,a,2,106,tố tụng hình sự,
431,c,1,47,hình sự,
431,s,1,51,hình sự,
431,c,1,249,hình sự,
432,,,333,tố tụng hình sự,
432,,,331,tố tụng hình sự,
432,,,106,tố tụng hình sự,
432,,,47,hình sự,
432,,,52,hình sự,
432,,,38,hình sự,
432,,5,249,hình sự,
432,,2,136,tố tụng hình sự,
432,a,2,106,tố tụng hình sự,
432,c,1,47,hình sự,
432,c,1,249,hình sự,
432,s,1,51,hình sự,
433,,5,249,hình sự,
433,c,2,106,tố tụng hình sự,
433,b,2,106,tố tụng hình sự,
433,a,2,106,tố tụng hình sự,
433,a,1,47,hình sự,
433,s,1,51,hình sự,
433,i,1,249,hình sự,
433,b,2,251,hình sự,
434,,,252,hình sự,
434,,,251,hình sự,
434,,,250,hình sự,
434,,,248,hình sự,
434,,,106,tố tụng hình sự,
434,,,50,hình sự,
434,,,47,hình sự,
434,,,38,hình sự,
434,,,51,hình sự,
434,,,52,hình sự,
434,,,293,tố tụng hình sự,
434,,,292,tố tụng hình sự,
434,,,38,hình sự,
434,,2,136,tố tụng hình sự,
434,,2,135,tố tụng hình sự,
434,,5,249,hình sự,
434,s,1,51,hình sự,
434,a,1,249,hình sự,
434,c,1,249,hình sự,
435,,,136,tố tụng hình sự,
435,,,50,hình sự,
435,,,106,tố tụng hình sự,
435,,,47,hình sự,
435,,,38,hình sự,
435,,,50,hình sự,
435,,2,51,hình sự,
435,s,1,51,hình sự,
435,c,1,249,hình sự,
436,,,327,tố tụng hình sự,
436,,,326,tố tụng hình sự,
436,,,106,tố tụng hình sự,
436,,,47,hình sự,
436,,,46,hình sự,
436,,,38,hình sự,
436,,1,249,hình sự,
436,s,1,51,hình sự,
436,c,1,249,hình sự,
437,,,333,tố tụng hình sự,
437,,,331,tố tụng hình sự,
437,,,50,hình sự,
437,,,38,hình sự,
437,,5,249,hình sự,
437,,2,51,tố tụng hình sự,
437,c,2,106,tố tụng hình sự,
437,a,2,106,tố tụng hình sự,
437,a,1,47,hình sự,
437,s,1,51,hình sự,
437,c,1,249,hình sự,
438,,,136,tố tụng hình sự,
438,,,52,hình sự,
438,,,38,hình sự,
438,,2,136,tố tụng hình sự,
438,,1,50,hình sự,
438,c,2,106,tố tụng hình sự,
438,a,2,106,tố tụng hình sự,
438,c,1,47,hình sự,
438,s,1,51,hình sự,
438,c,1,249,hình sự,
440,,,333,tố tụng hình sự,
440,,,331,tố tụng hình sự,
440,,,106,tố tụng hình sự,
440,,,48,hình sự,
440,,,47,hình sự,
440,,2,136,tố tụng hình sự,
440,,1,51,hình sự,
440,s,1,51,hình sự,
440,h,1,52,hình sự,
441,,,47,hình sự,
441,,,38,hình sự,
441,,,51,hình sự,
441,,,38,hình sự,
441,,2,136,tố tụng hình sự,
441,c,2,106,tố tụng hình sự,
441,a,2,106,tố tụng hình sự,
441,s,1,51,hình sự,
441,g,2,249,hình sự,
443,,,38,hình sự,
443,,2,136,tố tụng hình sự,
443,c,1,249,hình sự,
443,a,2,106,tố tụng hình sự,
443,c,1,47,hình sự,
443,s,1,51,hình sự,
443,c,1,249,hình sự,
444,,,136,tố tụng hình sự,
444,,,106,tố tụng hình sự,
444,,,47,hình sự,
444,,2,136,tố tụng hình sự,
444,,5,249,hình sự,
444,s,1,51,hình sự,
444,c,1,249,hình sự,
445,,,106,tố tụng hình sự,
445,,,47,hình sự,
445,,,46,hình sự,
445,,,329,tố tụng hình sự,
445,,,249,hình sự,
445,,,58,hình sự,
445,,,50,hình sự,
445,,,38,hình sự,
445,,,17,hình sự,
445,,2,136,tố tụng hình sự,
445,,2,135,tố tụng hình sự,
445,,2,51,hình sự,
445,,2,51,hình sự,
445,s,1,51,hình sự,
445,c,1,249,hình sự,
446,,,51,hình sự,
446,,,52,hình sự,
446,,,249,hình sự,
446,,,136,tố tụng hình sự,
446,,,106,tố tụng hình sự,
446,,,47,hình sự,
446,,,58,hình sự,
446,,,38,hình sự,
446,,,17,hình sự,
446,,2,136,tố tụng hình sự,
446,,5,249,hình sự,
446,a,2,106,tố tụng hình sự,
446,c,1,47,hình sự,
446,s,1,51,hình sự,
446,c,1,249,hình sự,
447,,,38,tố tụng hình sự,
447,,2,136,tố tụng hình sự,
447,,2,106,tố tụng hình sự,
447,,1,47,hình sự,
447,h,1,52,hình sự,
447,s,1,51,hình sự,
447,r,1,51,hình sự,
447,g,2,249,hình sự,
449,,,106,tố tụng hình sự,
449,,,47,hình sự,
449,,,38,hình sự,
449,s,1,51,hình sự,
449,c,1,249,hình sự,
450,,,135,tố tụng hình sự,
450,,,38,hình sự,
450,,5,249,hình sự,
450,,2,136,tố tụng hình sự,
450,b,2,70,hình sự,
450,a,3,106,tố tụng hình sự,
450,c,2,106,tố tụng hình sự,
450,a,2,106,tố tụng hình sự,
450,c,1,47,hình sự,
450,a,1,47,hình sự,
450,s,1,51,hình sự,
450,c,1,249,hình sự,
451,,,326,tố tụng hình sự,
451,,,299,tố tụng hình sự,
451,,,333,tố tụng hình sự,
451,,,331,tố tụng hình sự,
451,,,38,hình sự,
451,,2,136,tố tụng hình sự,
451,,2,135,tố tụng hình sự,
451,,3,106,tố tụng hình sự,
451,,1,52,hình sự,
451,c,1,249,hình sự,
451,c,2,106,tố tụng hình sự,
451,a,2,106,tố tụng hình sự,
451,c,1,47,hình sự,
451,b,1,46,hình sự,
451,a,1,46,hình sự,
451,s,1,51,hình sự,
451,o,2,249,hình sự,
451,g,2,249,hình sự,
452,,,30,,thi hành án dân sự
452,,,9,,thi hành án dân sự
452,,,7,,thi hành án dân sự
452,,,6,,thi hành án dân sự
452,,,2,,thi hành án dân sự
452,,,136,tố tụng hình sự,
452,,,106,tố tụng hình sự,
452,,,47,hình sự,
452,,,333,tố tụng hình sự,
452,,,331,tố tụng hình sự,
452,,,327,tố tụng hình sự,
452,,,298,tố tụng hình sự,
452,,,38,hình sự,
452,,2,51,hình sự,
452,,1,53,hình sự,
452,,5,249,hình sự,
452,h,1,52,hình sự,
452,s,1,51,hình sự,
452,c,1,249,hình sự,
453,,,333,tố tụng hình sự,
453,,,331,tố tụng hình sự,
453,,,136,tố tụng hình sự,
453,,,135,tố tụng hình sự,
453,,,106,tố tụng hình sự,
453,,,58,hình sự,
453,,,291,tố tụng hình sự,
453,,,47,hình sự,
453,,,38,hình sự,
453,,2,51,hình sự,
453,s,1,51,hình sự,
453,c,1,249,hình sự,
454,,,333,tố tụng hình sự,
454,,,331,tố tụng hình sự,
454,,,50,hình sự,
454,,,38,hình sự,
454,,5,249,hình sự,
454,,2,51,hình sự,
454,c,1,249,hình sự,
454,c,2,106,tố tụng hình sự,
454,a,2,106,tố tụng hình sự,
454,a,1,47,hình sự,
454,s,1,51,hình sự,
455,,,30,,thi hành án dân sự
455,,,2,,thi hành án dân sự
455,,,333,tố tụng hình sự,
455,,,331,tố tụng hình sự,
455,,,136,tố tụng hình sự,
455,,5,249,hình sự,
455,,2,106,tố tụng hình sự,
455,h,1,52,hình sự,
455,s,1,51,hình sự,
455,c,1,249,hình sự,
456,,,136,tố tụng hình sự,
456,,,106,tố tụng hình sự,
456,,,47,hình sự,
456,,,38,hình sự,
456,,2,51,hình sự,
456,s,1,51,hình sự,
456,c,1,249,hình sự,
457,,,30,,thi hành án dân sự
457,,,9,,thi hành án dân sự
457,,,7,,thi hành án dân sự
457,,,6,,thi hành án dân sự
457,,,2,,thi hành án dân sự
457,,,333,tố tụng hình sự,
457,,,331,tố tụng hình sự,
457,,,293,tố tụng hình sự,
457,,,38,hình sự,
457,,2,136,tố tụng hình sự,
457,a,3,106,tố tụng hình sự,
457,c,2,106,tố tụng hình sự,
457,a,2,106,tố tụng hình sự,
457,a,1,47,hình sự,
457,a,1,46,hình sự,
457,,2,51,hình sự,
457,s,1,51,hình sự,
457,g,2,249,hình sự,
458,,2,99,tố tụng hình sự,
458,,2,76,tố tụng hình sự,
458,,3,7,hình sự,
458,p,1,46,hình sự,
458,,1,194,hình sự,
458,c,1,249,hình sự,
459,,,30,,thi hành án dân sự
459,,,9,,thi hành án dân sự
459,,,7,,thi hành án dân sự
459,,,6,,thi hành án dân sự
459,,2,135,tố tụng hình sự,
459,,2,106,tố tụng hình sự,
459,,1,106,tố tụng hình sự,
459,,2,136,tố tụng hình sự,
459,,3,106,tố tụng hình sự,
459,,3,47,hình sự,
459,,1,47,hình sự,
459,c,2,106,tố tụng hình sự,
459,a,2,106,tố tụng hình sự,
459,s,1,51,hình sự,
459,c,1,249,hình sự,
460,,,249,hình sự,
460,,,106,tố tụng hình sự,
460,,,47,hình sự,
460,,,50,hình sự,
460,,,38,hình sự,
460,,3,106,tố tụng hình sự,
460,,2,47,hình sự,
460,,1,52,hình sự,
460,a,2,106,tố tụng hình sự,
460,c,1,47,hình sự,
460,,2,51,hình sự,
460,s,1,51,hình sự,
460,c,1,249,hình sự,
461,,,333,tố tụng hình sự,
461,,,331,tố tụng hình sự,
461,,,136,tố tụng hình sự,
461,,,106,tố tụng hình sự,
461,,,47,hình sự,
461,,,38,hình sự,
461,,5,249,hình sự,
461,,2,106,tố tụng hình sự,
461,s,1,51,hình sự,
461,c,1,249,hình sự,
462,,,136,tố tụng hình sự,
462,,,50,hình sự,
462,,,38,hình sự,
462,,2,106,tố tụng hình sự,
462,,2,136,tố tụng hình sự,
462,,1,106,tố tụng hình sự,
462,,1,47,hình sự,
462,n,1,51,hình sự,
462,,2,51,hình sự,
462,s,1,51,hình sự,
462,c,1,249,hình sự,
463,,,106,tố tụng hình sự,
463,,1,47,hình sự,
463,,2,51,hình sự,
463,,5,249,hình sự,
463,s,1,51,hình sự,
463,i,1,249,hình sự,
464,,,30,,thi hành án dân sự
464,,,2,,thi hành án dân sự
464,,,332,tố tụng hình sự,
464,,,333,tố tụng hình sự,
464,,,331,tố tụng hình sự,
464,,,136,tố tụng hình sự,
464,,,106,tố tụng hình sự,
464,,,47,hình sự,
464,s,1,51,hình sự,
464,c,1,249,hình sự,
465,,,136,tố tụng hình sự,
465,,,106,tố tụng hình sự,
465,,,47,hình sự,
465,s,1,51,hình sự,
465,c,1,249,hình sự,
466,,,30,,thi hành án dân sự
466,,,9,,thi hành án dân sự
466,,,7,,thi hành án dân sự
466,,,6,,thi hành án dân sự
466,,,2,,thi hành án dân sự
466,,,333,tố tụng hình sự,
466,,,331,tố tụng hình sự,
466,,,136,tố tụng hình sự,
466,,,135,tố tụng hình sự,
466,,,106,tố tụng hình sự,
466,h,1,51,hình sự,
466,,5,249,hình sự,
466,h,1,52,hình sự,
466,s,1,51,hình sự,
466,c,1,249,hình sự,
467,,,30,,thi hành án dân sự
467,,,9,,thi hành án dân sự
467,,,7,,thi hành án dân sự
467,,,6,,thi hành án dân sự
467,,,2,,thi hành án dân sự
467,,,333,tố tụng hình sự,
467,,,331,tố tụng hình sự,
467,,,135,tố tụng hình sự,
467,,,136,tố tụng hình sự,
467,,,106,tố tụng hình sự,
467,,2,291,hình sự,
467,,5,249,hình sự,
467,,2,51,hình sự,
467,s,1,51,hình sự,
467,i,1,249,hình sự,
468,,,331,tố tụng hình sự,
468,,,333,tố tụng hình sự,
468,,,136,tố tụng hình sự,
468,,,106,tố tụng hình sự,
468,,,47,hình sự,
468,,,249,hình sự,
468,,,50,hình sự,
468,,,38,hình sự,
468,s,1,51,hình sự,
468,c,1,249,hình sự,
469,,,47,hình sự,
469,,,106,tố tụng hình sự,
469,,,38,hình sự,
469,h,1,52,hình sự,
469,,2,51,hình sự,
469,s,1,51,hình sự,
469,c,1,249,hình sự,
470,,,356,tố tụng hình sự,76/2020/HS-ST
470,,,136,tố tụng hình sự,76/2020/HS-ST
470,,,333,tố tụng hình sự,76/2020/HS-ST
470,,,38,hình sự,76/2020/HS-ST
470,,,58,hình sự,76/2020/HS-ST
470,,,17,hình sự,76/2020/HS-ST
470,,2,355,tố tụng hình sự,76/2020/HS-ST
470,a,1,355,tố tụng hình sự,76/2020/HS-ST
470,s,1,51,hình sự,76/2020/HS-ST
470,c,1,249,hình sự,76/2020/HS-ST
471,,,136,tố tụng hình sự,
471,,,106,tố tụng hình sự,
471,,,291,tố tụng hình sự,
471,,,38,hình sự,
471,s,1,51,hình sự,
471,c,1,249,hình sự,
472,,,249,hình sự,17/2021/HS-ST
472,,,38,hình sự,17/2021/HS-ST
472,,2,73,hình sự,17/2021/HS-ST
472,b,1,355,tố tụng hình sự,17/2021/HS-ST
472,a,2,357,tố tụng hình sự,17/2021/HS-ST
472,c,1,70,hình sự,17/2021/HS-ST
472,c,2,70,hình sự,17/2021/HS-ST
472,o,2,249,hình sự,17/2021/HS-ST
472,s,1,51,hình sự,17/2021/HS-ST
472,c,1,249,hình sự,17/2021/HS-ST
474,,,30,,thi hành án dân sự
474,,,9,,thi hành án dân sự
474,,,7,,thi hành án dân sự
474,,,6,,thi hành án dân sự
474,,,2,,thi hành án dân sự
474,,,333,tố tụng hình sự,
474,,,331,tố tụng hình sự,
474,,,106,tố tụng hình sự,
474,,,136,tố tụng hình sự,
474,,,47,hình sự,
474,,,35,hình sự,
474,,5,249,hình sự,
474,,,38,hình sự,
474,s,1,51,hình sự,
474,c,1,249,hình sự,
475,,,333,tố tụng hình sự,
475,,,106,tố tụng hình sự,
475,,,331,tố tụng hình sự,
475,,,47,hình sự,
475,,,38,hình sự,
475,,1,136,tố tụng hình sự,
475,,2,106,tố tụng hình sự,
475,h,1,52,hình sự,
475,c,1,249,hình sự,
475,s,1,51,hình sự,
476,,,136,tố tụng hình sự,
476,,,47,hình sự,
476,,,135,tố tụng hình sự,
476,,,38,hình sự,
476,,2,106,tố tụng hình sự,
476,s,1,51,hình sự,
476,c,1,249,hình sự,
477,,,30,,thi hành án dân sự
477,,,2,,thi hành án dân sự
477,,,136,tố tụng hình sự,
477,,,106,tố tụng hình sự,
477,,,47,hình sự,
477,s,1,51,hình sự,
477,c,1,249,hình sự,
478,,,47,hình sự,
478,,,333,tố tụng hình sự,
478,,,331,tố tụng hình sự,
478,,,293,tố tụng hình sự,
478,,,292,tố tụng hình sự,
478,,,50,hình sự,
478,,,38,hình sự,
478,,2,136,tố tụng hình sự,
478,,2,135,tố tụng hình sự,
478,a,3,106,tố tụng hình sự,
478,a,2,106,tố tụng hình sự,
478,,2,51,hình sự,
478,s,1,51,hình sự,
478,c,1,249,hình sự,
480,,,106,tố tụng hình sự,
480,s,1,51,hình sự,
480,,,47,hình sự,
480,i,1,249,hình sự,
481,,,249,hình sự,
481,,,136,tố tụng hình sự,
481,,,135,tố tụng hình sự,
481,c,2,106,tố tụng hình sự,
481,a,2,106,tố tụng hình sự,
481,c,1,47,hình sự,
481,,2,51,hình sự,
481,s,1,51,hình sự,
481,c,1,249,hình sự,
482,,,333,tố tụng hình sự,
482,,,331,tố tụng hình sự,
482,,,106,tố tụng hình sự,
482,,,47,hình sự,
482,,,50,hình sự,
482,,,38,hình sự,
482,,5,249,hình sự,
482,c,2,106,tố tụng hình sự,
482,a,1,47,hình sự,
482,,2,51,hình sự,
482,s,1,51,hình sự,
482,b,1,249,hình sự,
483,,,30,,thi hành án dân sự
483,,,9,,thi hành án dân sự
483,,,7a,,thi hành án dân sự
483,,,2,,thi hành án dân sự
483,,,136,tố tụng hình sự,
483,,,38,hình sự,
483,,1,47,hình sự,
483,b,2,106,tố tụng hình sự,
483,a,2,106,tố tụng hình sự,
483,s,1,51,hình sự,
483,c,1,249,hình sự,
484,,,333,tố tụng hình sự,
484,,,331,tố tụng hình sự,
484,,,136,tố tụng hình sự,
484,,1,38,hình sự,
484,c,2,106,tố tụng hình sự,
484,a,2,106,tố tụng hình sự,
484,c,1,47,hình sự,
484,,2,51,hình sự,
484,s,1,51,hình sự,
484,c,1,249,hình sự,
485,,,38,hình sự,
485,,2,136,tố tụng hình sự,
485,,5,249,hình sự,
485,c,2,106,tố tụng hình sự,
485,a,2,106,tố tụng hình sự,
485,c,1,47,hình sự,
485,s,1,51,hình sự,
485,c,1,249,hình sự,
486,,,333,tố tụng hình sự,
486,,,331,tố tụng hình sự,
486,,,136,tố tụng hình sự,
486,,,106,tố tụng hình sự,
486,,,47,hình sự,
486,,,38,hình sự,
486,s,1,51,hình sự,
486,c,1,249,hình sự,
487,,,47,hình sự,
487,,,135,tố tụng hình sự,
487,,2,136,tố tụng hình sự,
487,,5,249,hình sự,
487,c,2,106,tố tụng hình sự,
487,a,2,106,tố tụng hình sự,
487,s,1,51,hình sự,
487,g,2,249,hình sự,
488,,,333,tố tụng hình sự,
488,,,331,tố tụng hình sự,
488,,,136,tố tụng hình sự,
488,,,38,hình sự,
488,,2,106,tố tụng hình sự,
488,h,1,52,hình sự,
488,m,1,51,hình sự,
488,s,1,51,hình sự,
488,c,1,249,hình sự,
489,,,52,hình sự,
489,,,249,hình sự,
489,,,106,tố tụng hình sự,
489,,,47,hình sự,
489,,,38,hình sự,
489,,,50,hình sự,
489,,2,136,tố tụng hình sự,
489,,1,293,tố tụng hình sự,
489,,2,51,hình sự,
489,s,1,51,hình sự,
489,c,1,249,hình sự,
490,,,54,hình sự,
490,,2,136,tố tụng hình sự,
490,,5,249,hình sự,
490,c,1,47,hình sự,
490,b,3,106,tố tụng hình sự,
490,a,2,106,tố tụng hình sự,
490,,2,51,hình sự,
490,s,1,51,hình sự,
490,n,2,249,hình sự,
491,,,333,tố tụng hình sự,
491,,,331,tố tụng hình sự,
491,,5,249,hình sự,
491,,1,249,hình sự,
491,,1,106,tố tụng hình sự,
491,c,1,47,hình sự,
491,c,2,106,tố tụng hình sự,
491,a,2,106,tố tụng hình sự,
491,,2,51,hình sự,
491,s,1,51,hình sự,
491,c,1,249,hình sự,
492,,,30,,thi hành án dân sự
492,,,9,,thi hành án dân sự
492,,,7,,thi hành án dân sự
492,,,6,,thi hành án dân sự
492,,,2,,thi hành án dân sự
492,,,333,tố tụng hình sự,
492,,,331,tố tụng hình sự,
492,,,136,tố tụng hình sự,
492,,,47,hình sự,
492,,,106,tố tụng hình sự,
492,,,35,hình sự,
492,,,329,tố tụng hình sự,
492,,,38,hình sự,
492,,5,249,hình sự,
492,,2,51,hình sự,
492,s,1,51,hình sự,
492,c,1,249,hình sự,
493,,,30,,thi hành án dân sự
493,,,9,,thi hành án dân sự
493,,,7b,,thi hành án dân sự
493,,,7,,thi hành án dân sự
493,,,7a,,thi hành án dân sự
493,,,6,,thi hành án dân sự
493,,,2,,thi hành án dân sự
493,,,65,hình sự,
493,,,136,tố tụng hình sự,
493,,,47,hình sự,
493,,,106,tố tụng hình sự,
493,,,38,hình sự,
493,,,101,hình sự,
493,,,91,hình sự,
493,,,17,hình sự,
493,,2,136,tố tụng hình sự,
493,,2,106,tố tụng hình sự,
493,,2,51,hình sự,
493,s,1,51,hình sự,
493,c,1,249,hình sự,
494,,,38,hình sự,
494,,2,136,tố tụng hình sự,
494,,5,294,hình sự,
494,,2,47,hình sự,
494,a,2,106,tố tụng hình sự,
494,c,2,106,tố tụng hình sự,
494,a,1,47,hình sự,
494,h,1,52,hình sự,
494,,2,51,hình sự,
494,b,2,249,hình sự,
494,s,1,51,hình sự,
495,,,326,tố tụng hình sự,
495,,,299,tố tụng hình sự,
495,,,50,hình sự,
495,,,38,hình sự,
495,,2,136,tố tụng hình sự,
495,a,2,106,tố tụng hình sự,
495,,5,249,hình sự,
495,s,1,51,hình sự,
495,c,1,249,hình sự,
496,,,326,tố tụng hình sự,
496,,,299,tố tụng hình sự,
496,,,50,hình sự,
496,,,38,hình sự,
496,,2,136,tố tụng hình sự,
496,,5,249,hình sự,
496,a,3,106,tố tụng hình sự,
496,a,2,106,tố tụng hình sự,
496,s,1,51,hình sự,
496,b,2,249,hình sự,
497,,,106,tố tụng hình sự,
497,,,136,tố tụng hình sự,
497,,,47,hình sự,
497,s,1,51,hình sự,
497,c,1,249,hình sự,
498,,,337,tố tụng hình sự,
498,,,333,tố tụng hình sự,
498,,,331,tố tụng hình sự,
498,,,136,tố tụng hình sự,
498,,,135,tố tụng hình sự,
498,,,50,hình sự,
498,,,260,tố tụng hình sự,
498,,,38,hình sự,
498,,2,106,tố tụng hình sự,
498,,5,249,hình sự,
498,c,1,47,hình sự,
498,s,1,51,hình sự,
498,c,1,249,hình sự,
499,,,337,tố tụng hình sự,
499,,,333,tố tụng hình sự,
499,,,331,tố tụng hình sự,
499,,,136,tố tụng hình sự,
499,,,135,tố tụng hình sự,
499,,,50,hình sự,
499,,,260,tố tụng hình sự,
499,,,38,hình sự,
499,,2,106,tố tụng hình sự,
499,,5,249,hình sự,
499,c,1,47,hình sự,
499,s,1,51,hình sự,
499,g,2,249,hình sự,
500,,2,136,tố tụng hình sự,
500,,3,106,tố tụng hình sự,
500,,5,249,hình sự,
500,a,2,106,tố tụng hình sự,
500,c,1,47,hình sự,
500,s,1,51,hình sự,
500,c,1,249,hình sự,
501,,,106,tố tụng hình sự,
501,,,47,hình sự,
501,,,38,hình sự,
501,,,136,tố tụng hình sự,
501,,,50,hình sự,
501,s,1,51,hình sự,
501,c,1,249,hình sự,
502,,1,38,hình sự,
502,c,2,106,tố tụng hình sự,
502,a,2,106,tố tụng hình sự,
502,c,1,47,hình sự,
502,a,1,47,hình sự,
502,,2,51,hình sự,
502,c,1,249,hình sự,
502,s,1,51,hình sự,
503,,,136,tố tụng hình sự,
503,,,52,hình sự,
503,,,106,tố tụng hình sự,
503,,,38,hình sự,
503,,1,48,hình sự,
503,,1,47,hình sự,
503,s,1,51,hình sự,
503,c,1,249,hình sự,
504,,,71,hình sự,
504,,,70,hình sự,
504,,,53,hình sự,
504,,,38,hình sự,
504,,2,136,tố tụng hình sự,
504,,5,249,hình sự,
504,c,1,47,hình sự,
504,a,1,47,hình sự,
504,a,2,106,tố tụng hình sự,
504,,2,51,hình sự,
504,h,1,52,hình sự,
504,s,1,51,hình sự,
504,c,1,249,hình sự,
505,,,136,tố tụng hình sự,
505,,,47,hình sự,
505,,,106,tố tụng hình sự,
505,,,55,hình sự,
505,,,38,hình sự,
505,,2,106,tố tụng hình sự,
505,s,1,51,hình sự,
505,,1,173,hình sự,
505,c,1,249,hình sự,
505,c,1,294,hình sự,
506,,,30,,thi hành án dân sự
506,,,9,,thi hành án dân sự
506,,,7,,thi hành án dân sự
506,,,6,,thi hành án dân sự
506,,,2,,thi hành án dân sự
506,,,136,tố tụng hình sự,
506,,,106,tố tụng hình sự,
506,,,135,tố tụng hình sự,
506,,,47,hình sự,
506,s,1,51,hình sự,
506,a,1,249,hình sự,
507,,,249,hình sự,
507,,2,135,tố tụng hình sự,
507,,,54,hình sự,
507,,1,51,hình sự,
507,c,1,47,hình sự,
507,a,1,47,hình sự,
507,c,2,106,tố tụng hình sự,
507,c,1,249,hình sự,
507,a,2,106,tố tụng hình sự,
507,r,1,51,hình sự,
507,,2,51,hình sự,
507,s,1,51,hình sự,
507,b,2,249,hình sự,
508,,,333,tố tụng hình sự,
508,,,331,tố tụng hình sự,
508,,,136,tố tụng hình sự,
508,,,52,hình sự,
508,,,106,tố tụng hình sự,
508,,,47,hình sự,
508,,,38,hình sự,
508,,1,138,hình sự,
508,s,1,51,hình sự,
508,c,1,249,hình sự,
509,,,106,tố tụng hình sự,
509,,,47,hình sự,
509,,,46,hình sự,
509,,,52,hình sự,
509,,,135,tố tụng hình sự,
509,,,251,hình sự,
509,,,249,hình sự,
509,,,55,hình sự,
509,,1,251,hình sự,
509,r,1,51,hình sự,
509,s,1,51,hình sự,
509,h,1,52,hình sự,
509,c,1,249,hình sự,
510,,,136,tố tụng hình sự,
510,,,135,tố tụng hình sự,
510,,,106,tố tụng hình sự,
510,,,47,hình sự,
510,,,38,hình sự,
510,s,1,51,hình sự,
510,c,1,249,hình sự,
511,,,21,hình sự,
511,,,54,hình sự,
511,,2,135,tố tụng hình sự,
511,p,1,51,hình sự,
511,a,2,106,tố tụng hình sự,
511,c,1,47,hình sự,
511,q,1,51,hình sự,
511,c,1,249,hình sự,
511,s,1,51,hình sự,
512,,,52,hình sự,
512,,,138,hình sự,
512,,,133,hình sự,
512,,,252,hình sự,
512,,,251,hình sự,
512,,,250,hình sự,
512,,,248,hình sự,
512,,,38,hình sự,
512,,,249,hình sự,
512,,,50,hình sự,
512,,,136,tố tụng hình sự,
512,,5,249,hình sự,
512,a,2,106,tố tụng hình sự,
512,s,1,51,hình sự,
512,c,1,47,hình sự,
512,c,1,249,hình sự,
513,,,331,tố tụng hình sự,
513,,,333,tố tụng hình sự,
513,,,106,tố tụng hình sự,
513,,,47,hình sự,
513,,,38,hình sự,
513,,1,194,hình sự,
513,,,50,hình sự,
513,,5,249,hình sự,
513,a,2,106,tố tụng hình sự,
513,a,1,47,hình sự,
513,c,2,106,tố tụng hình sự,
513,,2,51,hình sự,
513,s,1,51,hình sự,
513,b,1,249,hình sự,
514,,,333,tố tụng hình sự,
514,,,331,tố tụng hình sự,
514,,,106,tố tụng hình sự,
514,,,47,hình sự,
514,,,38,hình sự,
514,,,50,hình sự,
514,,5,249,hình sự,
514,,1,138,hình sự,
514,,1,56,hình sự,
514,a,2,106,tố tụng hình sự,
514,c,1,47,hình sự,
514,a,1,47,hình sự,
514,a,1,55,hình sự,
514,g,2,249,hình sự,
514,,2,51,hình sự,
514,s,1,51,hình sự,
514,c,1,249,hình sự,
514,,2,46,hình sự,
514,h,1,46,hình sự,
514,p,1,46,hình sự,
515,,,136,tố tụng hình sự,
515,,,329,tố tụng hình sự,
515,,,106,tố tụng hình sự,
515,,,47,hình sự,
515,,,38,hình sự,
515,,5,249,hình sự,
515,,1,52,hình sự,
515,s,1,51,hình sự,
515,c,1,249,hình sự,
516,,2,136,tố tụng hình sự,
516,c,2,106,tố tụng hình sự,
516,a,2,106,tố tụng hình sự,
516,s,1,51,hình sự,
516,,2,51,hình sự,
516,c,1,249,hình sự,
517,,2,136,tố tụng hình sự,
517,,1,251,hình sự,
517,,2,106,tố tụng hình sự,
517,s,1,51,hình sự,
518,,2,136,tố tụng hình sự,
518,c,2,106,tố tụng hình sự,
518,a,2,106,tố tụng hình sự,
518,p,1,51,hình sự,
518,,2,51,hình sự,
518,s,1,51,hình sự,
518,c,1,249,hình sự,
519,,2,136,tố tụng hình sự,
519,a,2,106,tố tụng hình sự,
519,c,1,47,hình sự,
519,s,1,51,hình sự,
519,c,1,249,hình sự,
520,,,30,,thi hành án dân sự
520,,,9,,thi hành án dân sự
520,,,7,,thi hành án dân sự
520,,,6,,thi hành án dân sự
520,,,2,,thi hành án dân sự
520,,,106,tố tụng hình sự,
520,,,47,hình sự,
520,,,38,hình sự,
520,s,1,51,hình sự,
520,c,1,249,hình sự,
521,,,106,tố tụng hình sự,
521,,,47,hình sự,
521,,,326,tố tụng hình sự,
521,,,329,tố tụng hình sự,
521,,,333,tố tụng hình sự,
521,,,331,tố tụng hình sự,
521,,,136,tố tụng hình sự,
521,,,38,hình sự,
521,s,1,51,hình sự,
521,c,1,249,hình sự,
522,,2,136,tố tụng hình sự,
522,,1,249,hình sự,
522,a,3,106,tố tụng hình sự,
522,b,2,106,tố tụng hình sự,
522,a,2,106,tố tụng hình sự,
522,c,1,47,hình sự,
522,s,1,51,hình sự,
522,h,1,52,hình sự,
522,c,1,249,hình sự,
523,,,136,tố tụng hình sự,
523,,,106,tố tụng hình sự,
523,,,47,hình sự,
523,,2,106,tố tụng hình sự,
523,s,1,51,hình sự,
523,c,1,249,hình sự,
524,,,17,hình sự,
524,,,58,hình sự,
524,,,38,hình sự,
524,,2,106,tố tụng hình sự,
524,,1,52,hình sự,
524,,1,47,hình sự,
524,s,1,51,hình sự,
524,c,1,249,hình sự,
525,,2,136,tố tụng hình sự,
525,,5,249,hình sự,
525,,1,249,hình sự,
525,c,1,249,hình sự,
525,c,2,106,tố tụng hình sự,
525,a,2,106,tố tụng hình sự,
525,s,1,51,hình sự,
525,c,1,47,hình sự,
526,,,136,tố tụng hình sự,
526,,,249,hình sự,
526,,,106,tố tụng hình sự,
526,,,47,hình sự,
526,r,1,51,hình sự,
526,,2,51,hình sự,
526,s,1,51,hình sự,
526,,5,249,hình sự,
526,c,1,249,hình sự,
527,,,30,,thi hành án dân sự
527,,,136,tố tụng hình sự,
527,,,2,,thi hành án dân sự
527,,,106,tố tụng hình sự,
527,,,47,hình sự,
527,,2,51,hình sự,
527,s,1,51,hình sự,
527,c,1,249,hình sự,
528,,,333,tố tụng hình sự,
528,,,331,tố tụng hình sự,
528,,,47,hình sự,
528,,,38,hình sự,
528,,2,106,tố tụng hình sự,
528,,2,51,hình sự,
528,s,1,51,hình sự,
528,c,1,249,hình sự,
529,,,136,tố tụng hình sự,
529,,,55,hình sự,
529,,,38,hình sự,
529,,,50,hình sự,
529,h,1,52,hình sự,
529,s,1,51,hình sự,
529,b,1,175,hình sự,
529,c,1,249,hình sự,
530,,,106,tố tụng hình sự,
530,,,47,hình sự,
530,,,46,hình sự,
530,s,1,51,hình sự,
530,i,1,249,hình sự,
530,h,3,249,hình sự,
531,,2,136,tố tụng hình sự,
531,,5,251,hình sự,
531,,5,249,hình sự,
531,,1,251,hình sự,
531,c,2,106,tố tụng hình sự,
531,b,2,106,tố tụng hình sự,
531,a,2,106,tố tụng hình sự,
531,c,1,47,hình sự,
531,b,1,47,hình sự,
531,a,1,55,hình sự,
531,,2,51,hình sự,
531,s,1,51,hình sự,
531,n,2,249,hình sự,
532,,,136,tố tụng hình sự,
532,,,38,hình sự,
532,,,55,hình sự,
532,,,50,hình sự,
532,h,1,52,hình sự,
532,s,1,51,hình sự,
532,b,1,175,hình sự,
532,c,1,249,hình sự,
533,,,30,,thi hành án dân sự
533,,,9,,thi hành án dân sự
533,,,7,,thi hành án dân sự
533,,,6,,thi hành án dân sự
533,,,2,,thi hành án dân sự
533,,,106,tố tụng hình sự,
533,,,47,hình sự,
533,,,38,hình sự,
533,,,35,hình sự,
533,,2,136,tố tụng hình sự,
533,,5,249,hình sự,
533,s,1,51,hình sự,
533,c,1,249,hình sự,
534,,,333,tố tụng hình sự,
534,,,331,tố tụng hình sự,
534,,,30,,thi hành án dân sự
534,,,9,,thi hành án dân sự
534,,,7,,thi hành án dân sự
534,,,6,,thi hành án dân sự
534,,,2,,thi hành án dân sự
534,,,47,hình sự,
534,,,106,tố tụng hình sự,
534,,,50,hình sự,
534,,2,136,tố tụng hình sự,
534,,5,249,hình sự,
534,,1,249,hình sự,
534,a,3,106,tố tụng hình sự,
534,a,2,106,tố tụng hình sự,
534,s,1,51,hình sự,
534,c,1,249,hình sự,
535,,,106,tố tụng hình sự,
535,,,47,hình sự,
535,,5,249,hình sự,
535,,2,136,tố tụng hình sự,
535,s,1,51,hình sự,
535,,2,135,tố tụng hình sự,
535,o,2,249,hình sự,
536,,2,135,tố tụng hình sự,
536,c,2,106,tố tụng hình sự,
536,a,2,106,tố tụng hình sự,
536,c,1,47,hình sự,
536,s,1,51,hình sự,
536,c,1,249,hình sự,
537,,,333,tố tụng hình sự,
537,,,331,tố tụng hình sự,
537,,,38,hình sự,
537,,5,249,hình sự,
537,,3,54,hình sự,
537,c,1,47,hình sự,
537,c,2,106,tố tụng hình sự,
537,o,1,51,hình sự,
537,,2,51,hình sự,
537,s,1,51,hình sự,
537,c,1,249,hình sự,
538,,,333,tố tụng hình sự,
538,,,106,tố tụng hình sự,
538,,,47,hình sự,
538,,4,331,tố tụng hình sự,
538,,1,331,tố tụng hình sự,
538,,2,136,tố tụng hình sự,
538,a,3,106,tố tụng hình sự,
538,c,2,106,tố tụng hình sự,
538,c,1,47,hình sự,
538,a,1,47,hình sự,
538,a,2,106,tố tụng hình sự,
538,c,2,47,hình sự,
538,s,1,51,hình sự,
538,c,1,249,hình sự,
539,,,136,tố tụng hình sự,
539,,1,249,hình sự,
539,a,2,106,tố tụng hình sự,
539,s,1,51,hình sự,
540,,,92,thi hành án hình sự,
540,,2,135,tố tụng hình sự,
540,,1,69,thi hành án hình sự,
540,,2,65,hình sự,
540,,1,65,hình sự,
540,,1,173,hình sự,
540,i,1,51,hình sự,
540,b,1,51,hình sự,
540,,2,51,hình sự,
540,s,1,51,hình sự,
541,,,47,hình sự,
541,,,38,hình sự,
541,,,136,tố tụng hình sự,
541,s,1,51,hình sự,
541,,,106,tố tụng hình sự,
541,i,1,249,hình sự,
542,,,136,tố tụng hình sự,
542,,,106,tố tụng hình sự,
542,,,47,hình sự,
542,s,1,51,hình sự,
542,c,1,249,hình sự,
543,,,333,tố tụng hình sự,
543,,,331,tố tụng hình sự,
543,,,30,,thi hành án dân sự
543,,,9,,thi hành án dân sự
543,,,6,,thi hành án dân sự
543,,,7,,thi hành án dân sự
543,,,2,,thi hành án dân sự
543,,,189,tố tụng hình sự,
543,,,183,tố tụng hình sự,
543,,,106,tố tụng hình sự,
543,,,47,hình sự,
543,,,50,hình sự,
543,,2,136,tố tụng hình sự,
543,,4,189,tố tụng hình sự,
543,,6,183,tố tụng hình sự,
543,,1,249,hình sự,
543,a,3,106,tố tụng hình sự,
543,a,2,106,tố tụng hình sự,
543,s,1,51,hình sự,
543,c,1,249,hình sự,
544,,,135,tố tụng hình sự,
544,,5,249,hình sự,
544,c,2,106,tố tụng hình sự,
544,a,2,106,tố tụng hình sự,
544,,2,51,hình sự,
544,c,1,47,hình sự,
544,s,1,51,hình sự,
544,c,1,249,hình sự,
545,,,333,tố tụng hình sự,
545,,,136,tố tụng hình sự,
545,,,331,tố tụng hình sự,
545,,,135,tố tụng hình sự,
545,,2,136,tố tụng hình sự,
545,,2,106,tố tụng hình sự,
545,,1,47,hình sự,
545,,5,249,hình sự,
545,c,2,106,tố tụng hình sự,
545,a,2,106,tố tụng hình sự,
545,a,1,47,hình sự,
545,c,1,47,hình sự,
545,s,1,51,hình sự,
545,i,1,249,hình sự,
547,,,106,tố tụng hình sự,
547,,,47,hình sự,
547,,2,136,tố tụng hình sự,
547,,1,46,hình sự,
547,s,1,51,hình sự,
547,c,1,249,hình sự,
548,,2,136,tố tụng hình sự,
548,c,2,106,tố tụng hình sự,
548,a,2,106,tố tụng hình sự,
548,c,1,47,hình sự,
548,a,1,47,hình sự,
548,s,1,51,hình sự,
548,c,1,249,hình sự,
549,,,333,tố tụng hình sự,
549,,,331,tố tụng hình sự,
549,,,329,tố tụng hình sự,
549,,,106,tố tụng hình sự,
549,,,47,hình sự,
549,,,48,hình sự,
549,,,38,hình sự,
549,,5,249,hình sự,
549,,2,51,hình sự,
549,s,1,51,hình sự,
549,c,1,249,hình sự,
550,,,331,tố tụng hình sự,
550,,1,333,tố tụng hình sự,
550,,2,136,tố tụng hình sự,
550,a,2,106,tố tụng hình sự,
550,c,2,106,tố tụng hình sự,
550,c,1,47,hình sự,
550,a,1,47,hình sự,
550,,2,51,hình sự,
550,s,1,51,hình sự,
550,c,1,249,hình sự,
551,,,329,tố tụng hình sự,
551,,,119,tố tụng hình sự,
551,,,113,tố tụng hình sự,
551,,,109,tố tụng hình sự,
551,,,106,tố tụng hình sự,
551,s,1,51,hình sự,
551,,2,136,tố tụng hình sự,
551,g,2,249,hình sự,
552,a,3,106,tố tụng hình sự,
552,c,2,106,tố tụng hình sự,
552,a,2,106,tố tụng hình sự,
552,c,1,47,hình sự,
552,h,1,52,hình sự,
552,s,1,51,hình sự,
552,c,1,249,hình sự,
553,,,136,tố tụng hình sự,
553,,,106,tố tụng hình sự,
553,,,47,hình sự,
553,,,101,hình sự,
553,,1,249,hình sự,
553,,,100,hình sự,
553,c,1,249,hình sự,
553,,2,51,hình sự,
553,s,1,51,hình sự,
553,i,1,249,hình sự,
554,,,30,,thi hành án dân sự
554,,,9,,thi hành án dân sự
554,,,7b,,thi hành án dân sự
554,,,7a,,thi hành án dân sự
554,,,7,,thi hành án dân sự
554,,,6,,thi hành án dân sự
554,,,2,,thi hành án dân sự
554,,,47,hình sự,
554,,,52,hình sự,
554,,,106,tố tụng hình sự,
554,,,38,hình sự,
554,,2,249,hình sự,
554,,2,51,hình sự,
554,a,2,106,tố tụng hình sự,
554,g,1,249,hình sự,
554,c,1,249,hình sự,
554,s,1,51,hình sự,
554,i,1,249,hình sự,
556,,,106,tố tụng hình sự,
556,,,47,hình sự,
556,,,136,tố tụng hình sự,
556,,,52,hình sự,
556,,,38,hình sự,
556,,2,138,hình sự,
556,s,1,51,hình sự,
556,h,3,249,hình sự,
557,,,136,tố tụng hình sự,
557,,,106,tố tụng hình sự,
557,,,47,hình sự,
557,,,293,tố tụng hình sự,
557,,đ,32,hình sự,
557,o,2,249,hình sự,
557,s,1,51,hình sự,
557,g,2,249,hình sự,
558,,,333,tố tụng hình sự,
558,,,331,tố tụng hình sự,
558,,,136,tố tụng hình sự,
558,,,135,tố tụng hình sự,
558,s,1,51,hình sự,
558,,,106,tố tụng hình sự,
558,,,47,hình sự,
558,,,38,hình sự,
558,i,1,249,hình sự,
559,,,30,,thi hành án dân sự
559,,,2,,thi hành án dân sự
559,,,136,tố tụng hình sự,
559,,,106,tố tụng hình sự,
559,,,47,hình sự,
559,s,1,51,hình sự,
559,c,1,249,hình sự,
560,,,332,tố tụng hình sự,
560,,,333,tố tụng hình sự,
560,,,331,tố tụng hình sự,
560,,,136,tố tụng hình sự,
560,,,106,tố tụng hình sự,
560,,,47,hình sự,
560,,,38,hình sự,
560,t,1,51,hình sự,
560,,2,51,hình sự,
560,s,1,51,hình sự,
560,c,1,249,hình sự,
561,,,136,tố tụng hình sự,
561,,,329,tố tụng hình sự,
561,,,106,tố tụng hình sự,
561,,,47,hình sự,
561,,,38,hình sự,
561,,1,52,hình sự,
561,s,1,51,hình sự,
561,c,1,249,hình sự,
562,,,333,tố tụng hình sự,
562,,,331,tố tụng hình sự,
562,,,38,hình sự,
562,,2,135,tố tụng hình sự,
562,b,3,106,tố tụng hình sự,
562,c,2,106,tố tụng hình sự,
562,a,2,106,tố tụng hình sự,
562,c,1,47,hình sự,
562,a,1,47,hình sự,
562,s,1,51,hình sự,
562,,5,249,hình sự,
562,c,1,249,hình sự,
563,,,333,tố tụng hình sự,
563,,,331,tố tụng hình sự,
563,,,106,tố tụng hình sự,
563,,,47,hình sự,
563,,,38,hình sự,
563,,2,136,tố tụng hình sự,
563,s,1,51,hình sự,
563,c,1,249,hình sự,
564,,,135,tố tụng hình sự,
564,,2,136,tố tụng hình sự,
564,,3,106,tố tụng hình sự,
564,,2,106,tố tụng hình sự,
564,,5,249,hình sự,
564,a,3,106,tố tụng hình sự,
564,a,2,106,tố tụng hình sự,
564,,2,51,hình sự,
564,s,1,51,hình sự,
564,g,2,249,hình sự,
565,,,106,tố tụng hình sự,
565,,,47,hình sự,
565,,,249,hình sự,
565,,,38,hình sự,
565,,2,136,tố tụng hình sự,
565,,5,249,hình sự,
565,,2,106,tố tụng hình sự,
565,,1,47,hình sự,
565,a,2,76,tố tụng hình sự,
565,a,1,41,tố tụng hình sự,
565,s,1,51,hình sự,
565,c,1,249,hình sự,
566,,,326,tố tụng hình sự,
566,,,299,tố tụng hình sự,
566,,1,249,hình sự,
566,,2,136,tố tụng hình sự,
566,c,1,47,hình sự,
566,c,2,106,tố tụng hình sự,
566,a,2,106,tố tụng hình sự,
566,s,1,51,hình sự,
566,c,1,249,hình sự,
567,,,329,tố tụng hình sự,
567,,,119,tố tụng hình sự,
567,,,113,tố tụng hình sự,
567,,,109,tố tụng hình sự,
567,,,106,tố tụng hình sự,
567,,c,249,hình sự,
567,,2,136,tố tụng hình sự,
567,,2,51,hình sự,
567,s,1,51,hình sự,
567,c,1,249,hình sự,
568,,,326,tố tụng hình sự,
568,,,260,tố tụng hình sự,
568,,,259,tố tụng hình sự,
568,,,254,tố tụng hình sự,
568,,,52,hình sự,
568,,,249,hình sự,
568,,,58,hình sự,
568,,,38,hình sự,
568,,2,136,tố tụng hình sự,
568,,2,135,tố tụng hình sự,
568,,5,249,hình sự,
568,,1,293,tố tụng hình sự,
568,,1,106,tố tụng hình sự,
568,,1,47,hình sự,
568,đ,1,12,tố tụng hình sự,
568,a,2,106,tố tụng hình sự,
568,,2,51,hình sự,
568,s,1,51,hình sự,
568,c,1,249,hình sự,
569,,,106,tố tụng hình sự,
569,,,47,hình sự,
569,,,54,hình sự,
569,,,106,tố tụng hình sự,
569,,2,136,tố tụng hình sự,
569,,2,135,tố tụng hình sự,
569,,5,249,hình sự,
569,v,1,51,hình sự,
569,u,1,51,hình sự,
569,,2,51,hình sự,
569,s,1,51,hình sự,
569,c,1,249,hình sự,
570,,,135,tố tụng hình sự,
570,,5,249,hình sự,
570,,2,51,hình sự,
570,c,2,70,hình sự,
570,c,2,106,tố tụng hình sự,
570,a,2,106,tố tụng hình sự,
570,c,1,47,hình sự,
570,h,2,52,hình sự,
570,s,1,51,hình sự,
570,c,1,249,hình sự,
571,,,30,,thi hành án dân sự
571,,,2,,thi hành án dân sự
571,,,332,tố tụng hình sự,
571,,,333,tố tụng hình sự,
571,,,331,tố tụng hình sự,
571,,,136,tố tụng hình sự,
571,,,106,tố tụng hình sự,
571,,,47,hình sự,
571,s,1,51,hình sự,
571,c,1,249,hình sự,
572,,,136,tố tụng hình sự,
572,,1,47,hình sự,
572,a,2,106,tố tụng hình sự,
572,h,1,52,hình sự,
572,s,1,51,hình sự,
572,c,1,249,hình sự,
573,,,106,tố tụng hình sự,
573,,,54,hình sự,
573,,,136,tố tụng hình sự,
573,,,47,hình sự,
573,,,38,hình sự,
573,,,101,hình sự,
573,,,98,hình sự,
573,,6,91,hình sự,
573,,2,51,hình sự,
573,s,1,51,hình sự,
573,c,1,249,hình sự,
574,,,30,,thi hành án dân sự
574,,,9,,thi hành án dân sự
574,,,7,,thi hành án dân sự
574,,,6,,thi hành án dân sự
574,,,2,,thi hành án dân sự
574,,,136,tố tụng hình sự,
574,,,135,tố tụng hình sự,
574,,,47,hình sự,
574,,,38,hình sự,
574,,5,249,hình sự,
574,,3,106,tố tụng hình sự,
574,,2,106,tố tụng hình sự,
574,h,1,52,hình sự,
574,s,1,51,hình sự,
574,c,1,249,hình sự,
575,,,54,hình sự,45/2020/HS-ST
575,,,356,tố tụng hình sự,45/2020/HS-ST
575,,2,249,hình sự,45/2020/HS-ST
575,a,1,355,tố tụng hình sự,45/2020/HS-ST
575,s,1,51,hình sự,45/2020/HS-ST
575,o,2,249,hình sự,45/2020/HS-ST
576,,,58,hình sự,
576,,,38,hình sự,
576,,1,135,tố tụng hình sự,
576,,2,136,tố tụng hình sự,
576,,2,135,tố tụng hình sự,
576,c,2,106,tố tụng hình sự,
576,a,2,106,tố tụng hình sự,
576,c,1,47,hình sự,
576,a,1,47,hình sự,
576,,2,51,hình sự,
576,s,1,51,hình sự,
576,c,1,249,hình sự,
577,,,106,tố tụng hình sự,
577,h,1,52,hình sự,
577,,2,51,hình sự,
577,s,1,51,hình sự,
577,c,1,249,hình sự,
578,,,337,tố tụng hình sự,
578,,,333,tố tụng hình sự,
578,,,331,tố tụng hình sự,
578,,,136,tố tụng hình sự,
578,,,135,tố tụng hình sự,
578,,,260,tố tụng hình sự,
578,,,50,hình sự,
578,,,38,hình sự,
578,,2,106,tố tụng hình sự,
578,,1,249,hình sự,
578,c,1,47,hình sự,
578,s,1,51,hình sự,
578,c,1,249,hình sự,
579,,,337,tố tụng hình sự,
579,,,333,tố tụng hình sự,
579,,,331,tố tụng hình sự,
579,,,136,tố tụng hình sự,
579,,,135,tố tụng hình sự,
579,,,260,tố tụng hình sự,
579,,,50,hình sự,
579,,,249,hình sự,
579,,,38,hình sự,
579,,2,106,tố tụng hình sự,
579,c,1,47,hình sự,
579,h,1,52,hình sự,
579,,2,51,hình sự,
579,s,1,51,hình sự,
579,c,1,249,hình sự,
580,,,38,hình sự,
580,,5,249,hình sự,
580,,1,47,hình sự,
580,c,2,106,tố tụng hình sự,
580,a,2,106,tố tụng hình sự,
580,s,1,51,hình sự,
580,b,1,249,hình sự,
581,,,329,tố tụng hình sự,
581,,,47,hình sự,
581,,,106,tố tụng hình sự,
581,,,38,hình sự,
581,,,17,hình sự,
581,,1,47,hình sự,
581,h,1,52,hình sự,
581,s,1,51,hình sự,
581,i,1,249,hình sự,
582,,,136,tố tụng hình sự,
582,,,106,tố tụng hình sự,
582,,,47,hình sự,
582,,,38,hình sự,
582,s,1,51,hình sự,
582,b,3,249,hình sự,
584,,,30,,thi hành án dân sự
584,,,9,,thi hành án dân sự
584,,,7a,,thi hành án dân sự
584,,,7,,thi hành án dân sự
584,,,2,,thi hành án dân sự
584,,,6,,thi hành án dân sự
584,,,47,hình sự,
584,,,106,tố tụng hình sự,
584,,2,136,tố tụng hình sự,
584,,2,51,hình sự,
584,s,1,51,hình sự,
584,c,1,249,hình sự,
585,,,136,tố tụng hình sự,
585,,,106,tố tụng hình sự,
585,,5,249,hình sự,
585,,1,249,hình sự,
585,,2,106,tố tụng hình sự,
585,,2,47,hình sự,
585,,1,47,hình sự,
585,b,1,9,hình sự,
585,s,1,51,hình sự,
585,c,1,249,hình sự,
586,,,99,tố tụng hình sự,
586,,,228,tố tụng hình sự,
586,,,48,hình sự,
586,,,33,hình sự,
586,,,326,tố tụng hình sự,
586,,,52,hình sự,
586,,,299,tố tụng hình sự,
586,,,249,hình sự,
586,,,106,tố tụng hình sự,
586,,,47,hình sự,
586,,,38,hình sự,
586,,1,138,hình sự,
586,,2,136,tố tụng hình sự,
586,,5,249,hình sự,
586,p,1,46,hình sự,
586,s,1,51,hình sự,
586,c,1,249,hình sự,
587,,,249,hình sự,
587,,2,99,tố tụng hình sự,
587,,3,7,hình sự,
587,,1,194,hình sự,
587,a,2,76,tố tụng hình sự,
587,c,1,41,hình sự,
587,p,1,46,hình sự,
587,c,1,249,hình sự,
588,,,249,hình sự,
588,,2,99,tố tụng hình sự,
588,,3,7,hình sự,
588,,1,194,hình sự,
588,c,1,41,hình sự,
588,a,2,76,tố tụng hình sự,
588,c,1,249,hình sự,
588,p,1,46,hình sự,
589,,,337,tố tụng hình sự,
589,,,333,tố tụng hình sự,
589,,,331,tố tụng hình sự,
589,,,47,hình sự,
589,,,46,hình sự,
589,,,106,tố tụng hình sự,
589,,1,249,hình sự,
589,,2,51,hình sự,
589,s,1,51,hình sự,
589,c,1,249,hình sự,
590,,,136,tố tụng hình sự,
590,,,135,tố tụng hình sự,
590,,,47,hình sự,
590,,,106,tố tụng hình sự,
590,,,46,hình sự,
590,,2,51,hình sự,
590,s,1,51,hình sự,
590,c,1,249,hình sự,
591,,,249,hình sự,
591,,,47,hình sự,
591,,,106,tố tụng hình sự,
591,,2,136,tố tụng hình sự,
591,,2,56,hình sự,
591,h,1,52,hình sự,
591,,2,51,hình sự,
591,h,3,249,hình sự,
591,s,1,51,hình sự,
592,,,41,hình sự,
592,,,53,hình sự,
592,,,33,hình sự,
592,,,20,hình sự,
592,,,326,tố tụng hình sự,
592,,,299,tố tụng hình sự,
592,,,38,hình sự,
592,,,136,tố tụng hình sự,
592,,,249,hình sự,
592,b,2,106,tố tụng hình sự,
592,,2,46,hình sự,
592,p,1,46,hình sự,
592,o,1,46,hình sự,
592,b,2,194,hình sự,
592,a,1,47,hình sự,
592,a,2,106,tố tụng hình sự,
592,c,1,47,hình sự,
592,s,1,51,hình sự,
592,,2,51,hình sự,
592,c,1,249,hình sự,
593,,,136,tố tụng hình sự,
593,,,135,tố tụng hình sự,
593,,,47,hình sự,
593,,,38,hình sự,
593,,2,106,tố tụng hình sự,
593,s,1,51,hình sự,
593,c,1,249,hình sự,
594,,,136,tố tụng hình sự,
594,,,46,hình sự,
594,,,106,tố tụng hình sự,
594,,,47,hình sự,
594,s,1,51,hình sự,
594,c,1,249,hình sự,
595,,,76,tố tụng hình sự,
595,,2,99,tố tụng hình sự,
595,,1,249,hình sự,
595,,3,7,hình sự,
595,,1,194,hình sự,
595,,2,46,hình sự,
595,p,1,46,hình sự,
596,,,30,,thi hành án dân sự
596,,,9,,thi hành án dân sự
596,,,7a,,thi hành án dân sự
596,,,7,,thi hành án dân sự
596,,,6,,thi hành án dân sự
596,,,2,,thi hành án dân sự
596,,,99,tố tụng hình sự,
596,,,48,hình sự,
596,,,33,hình sự,
596,,5,194,hình sự,
596,,1,194,hình sự,
596,,3,7,hình sự,
596,,1,249,hình sự,
596,a,2,76,tố tụng hình sự,
596,c,1,41,hình sự,
596,,2,46,hình sự,
596,p,1,46,hình sự,
597,,,30,,thi hành án dân sự
597,,,9,,thi hành án dân sự
597,,,7b,,thi hành án dân sự
597,,,7a,,thi hành án dân sự
597,,,7,,thi hành án dân sự
597,,,6,,thi hành án dân sự
597,,,2,,thi hành án dân sự
597,,,234,tố tụng hình sự,
597,,,231,tố tụng hình sự,
597,,,99,tố tụng hình sự,
597,,,33,hình sự,
597,,,76,tố tụng hình sự,
597,,5,194,hình sự,
597,,3,7,hình sự,
597,,1,249,hình sự,
597,,1,48,hình sự,
597,,1,194,hình sự,
597,c,1,41,hình sự,
597,a,1,41,hình sự,
597,x,1,51,hình sự,
597,p,1,46,hình sự,
598,,,30,,thi hành án dân sự
598,,,9,,thi hành án dân sự
598,,,7b,,thi hành án dân sự
598,,,7,,thi hành án dân sự
598,,,7a,,thi hành án dân sự
598,,,6,,thi hành án dân sự
598,,,2,,thi hành án dân sự
598,,,234,tố tụng hình sự,
598,,,231,tố tụng hình sự,
598,,,99,tố tụng hình sự,
598,,,76,tố tụng hình sự,
598,,,41,hình sự,
598,,,33,hình sự,
598,,3,7,hình sự,
598,,1,194,hình sự,
598,a,2,76,tố tụng hình sự,
598,g,1,48,hình sự,
598,c,1,41,hình sự,
598,p,1,46,hình sự,
599,,,38,hình sự,
599,,,52,hình sự,
599,,,106,tố tụng hình sự,
599,,5,249,hình sự,
599,,,47,hình sự,
599,a,2,106,tố tụng hình sự,
599,c,1,47,hình sự,
599,s,1,51,hình sự,
599,c,1,249,hình sự,
600,,,30,,thi hành án dân sự
600,,,9,,thi hành án dân sự
600,,,7b,,thi hành án dân sự
600,,,7a,,thi hành án dân sự
600,,,7,,thi hành án dân sự
600,,,6,,thi hành án dân sự
600,,,2,,thi hành án dân sự
600,,,234,tố tụng hình sự,
600,,,231,tố tụng hình sự,
600,,,99,tố tụng hình sự,
600,,,41,hình sự,
600,,,74,hình sự,
600,,,69,hình sự,
600,,,33,hình sự,
600,,2,76,tố tụng hình sự,
600,,1,48,hình sự,
600,,3,7,hình sự,
600,,5,60,hình sự,
600,,2,51,hình sự,
600,,1,194,hình sự,
600,b,1,107,hình sự,
600,p,1,46,hình sự,
601,,,30,,thi hành án dân sự
601,,,9,,thi hành án dân sự
601,,,7b,,thi hành án dân sự
601,,,7a,,thi hành án dân sự
601,,,7,,thi hành án dân sự
601,,,2,,thi hành án dân sự
601,,,6,,thi hành án dân sự
601,,,234,tố tụng hình sự,
601,,,99,tố tụng hình sự,
601,,,231,tố tụng hình sự,
601,,,41,hình sự,
601,,,74,hình sự,
601,,,69,hình sự,
601,,,33,hình sự,
601,,2,76,tố tụng hình sự,
601,,1,48,hình sự,
601,,2,51,hình sự,
601,,3,7,hình sự,
601,,1,194,hình sự,
601,,5,60,hình sự,
601,b,1,107,hình sự,
601,p,1,46,hình sự,
602,,,38,hình sự,
602,,2,136,tố tụng hình sự,
602,,5,249,hình sự,
602,,2,135,tố tụng hình sự,
602,a,3,106,tố tụng hình sự,
602,c,2,106,tố tụng hình sự,
602,,2,47,hình sự,
602,a,2,106,tố tụng hình sự,
602,c,1,47,hình sự,
602,a,1,47,hình sự,
602,s,1,51,hình sự,
602,c,1,249,hình sự,
603,,,33,hình sự,
603,,,99,tố tụng hình sự,
603,,1,194,hình sự,
603,,3,76,tố tụng hình sự,
603,a,2,76,tố tụng hình sự,
603,p,1,46,hình sự,
605,,,106,tố tụng hình sự,
605,,,99,tố tụng hình sự,
605,,,50,hình sự,
605,,,38,hình sự,
605,,1,249,hình sự,
605,,2,136,tố tụng hình sự,
605,,2,135,tố tụng hình sự,
605,,2,106,tố tụng hình sự,
605,,2,51,hình sự,
605,,1,47,hình sự,
605,s,1,51,hình sự,
605,c,1,249,hình sự,
606,,2,136,tố tụng hình sự,
606,,2,106,tố tụng hình sự,
606,,1,47,hình sự,
606,,2,47,hình sự,
606,s,1,51,hình sự,
606,c,1,249,hình sự,
607,,,9,,thi hành án dân sự
607,,,30,,thi hành án dân sự
607,,,7,,thi hành án dân sự
607,,,2,,thi hành án dân sự
607,,,6,,thi hành án dân sự
607,,,58,hình sự,
607,,,17,hình sự,
607,,,38,hình sự,
607,,2,136,tố tụng hình sự,
607,,2,106,tố tụng hình sự,
607,,2,51,hình sự,
607,s,1,51,hình sự,
607,c,1,249,hình sự,
608,,,228,tố tụng hình sự,
608,,,99,tố tụng hình sự,
608,,,76,tố tụng hình sự,
608,,,41,hình sự,
608,,,33,hình sự,
608,,5,194,hình sự,
608,,3,7,hình sự,
608,c,1,249,hình sự,
608,,1,194,hình sự,
608,p,1,46,hình sự,
609,,,99,tố tụng hình sự,
609,,,228,tố tụng hình sự,
609,,,76,tố tụng hình sự,
609,,,41,hình sự,
609,,,33,hình sự,
609,,3,7,hình sự,
609,,5,194,hình sự,
609,,1,194,hình sự,
609,p,1,46,hình sự,
610,,,333,tố tụng hình sự,
610,,,331,tố tụng hình sự,
610,,2,136,tố tụng hình sự,
610,c,2,106,tố tụng hình sự,
610,,1,106,tố tụng hình sự,
610,a,2,106,tố tụng hình sự,
610,c,1,47,hình sự,
610,s,1,51,hình sự,
610,c,1,249,hình sự,
611,,,76,tố tụng hình sự,
611,,,41,hình sự,
611,,,33,hình sự,
611,,2,99,tố tụng hình sự,
611,a,2,76,tố tụng hình sự,
611,c,1,41,hình sự,
611,b,2,249,hình sự,
611,p,1,46,hình sự,
611,b,2,194,hình sự,
612,,,9,,thi hành án dân sự
612,,,30,,thi hành án dân sự
612,,,7,,thi hành án dân sự
612,,,2,,thi hành án dân sự
612,,,6,,thi hành án dân sự
612,,,99,tố tụng hình sự,
612,,,76,tố tụng hình sự,
612,,,41,hình sự,
612,,,33,hình sự,
612,,1,194,hình sự,
612,,5,194,hình sự,
612,,3,7,hình sự,
612,,1,249,hình sự,
612,,2,46,hình sự,
612,p,1,46,hình sự,
613,,,333,tố tụng hình sự,
613,,,332,tố tụng hình sự,
613,,,331,tố tụng hình sự,
613,,,52,hình sự,
613,,,249,hình sự,
613,,2,136,tố tụng hình sự,
613,,1,106,tố tụng hình sự,
613,a,2,106,tố tụng hình sự,
613,c,1,47,hình sự,
613,,5,249,hình sự,
613,s,1,51,hình sự,
613,c,1,249,hình sự,
614,,5,249,hình sự,
614,,1,47,hình sự,
614,a,3,106,tố tụng hình sự,
614,s,1,51,hình sự,
614,a,2,106,tố tụng hình sự,
614,c,1,249,hình sự,
615,,,99,tố tụng hình sự,
615,,,48,hình sự,
615,,,76,tố tụng hình sự,
615,,,33,hình sự,
615,,,41,hình sự,
615,,2,76,tố tụng hình sự,
615,,5,194,hình sự,
615,,1,194,hình sự,
615,p,1,46,hình sự,
616,,2,99,tố tụng hình sự,
616,,1,99,tố tụng hình sự,
616,,5,194,hình sự,
616,,2,249,hình sự,
616,,2,76,tố tụng hình sự,
616,,3,76,tố tụng hình sự,
616,,1,76,tố tụng hình sự,
616,,3,7,hình sự,
616,,1,249,hình sự,
616,,1,194,hình sự,
616,a,2,76,tố tụng hình sự,
616,,2,46,hình sự,
616,p,1,46,hình sự,
617,,,252,hình sự,
617,,,251,hình sự,
617,,,250,hình sự,
617,,,58,hình sự,
617,,,248,hình sự,
617,,2,135,tố tụng hình sự,
617,,1,135,tố tụng hình sự,
617,,1,249,hình sự,
617,,3,106,tố tụng hình sự,
617,a,2,106,tố tụng hình sự,
617,c,1,47,hình sự,
617,s,1,51,hình sự,
617,c,1,249,hình sự,
618,,2,99,tố tụng hình sự,
618,,3,7,hình sự,
618,,1,194,hình sự,
618,,1,249,hình sự,
618,a,2,76,tố tụng hình sự,
618,a,1,41,hình sự,
618,,2,46,hình sự,
618,p,1,46,hình sự,
619,,,99,tố tụng hình sự,
619,,,47,hình sự,
619,,2,46,hình sự,
619,b,2,76,tố tụng hình sự,
619,a,1,41,hình sự,
619,,2,41,hình sự,
619,,3,7,hình sự,
619,,1,194,hình sự,
619,a,2,76,tố tụng hình sự,
619,c,1,41,hình sự,
619,c,1,249,hình sự,
619,,2,46,hình sự,
619,q,1,46,hình sự,
619,p,1,46,hình sự,
619,h,1,46,hình sự,
620,,,99,tố tụng hình sự,
620,,3,7,hình sự,
620,,1,194,hình sự,
620,a,2,76,tố tụng hình sự,
620,p,1,46,hình sự,
620,c,1,41,hình sự,
620,c,1,249,hình sự,
621,,,99,tố tụng hình sự,
621,c,1,41,hình sự,
621,a,2,76,tố tụng hình sự,
621,,1,249,hình sự,
621,,1,194,hình sự,
621,p,1,46,hình sự,
622,,1,249,hình sự,
622,,3,7,hình sự,
622,,1,194,hình sự,
622,a,2,76,tố tụng hình sự,
622,,2,41,hình sự,
622,a,1,41,hình sự,
622,c,1,249,hình sự,
622,a,1,249,hình sự,
622,g,1,48,hình sự,
622,x,1,51,hình sự,
622,n,1,46,hình sự,
622,p,1,46,hình sự,
622,,2,46,hình sự,
623,,,76,tố tụng hình sự,
623,,,41,hình sự,
623,,,33,hình sự,
623,,1,194,hình sự,
623,g,1,48,hình sự,
623,p,1,48,hình sự,
623,p,1,46,hình sự,
624,,,76,tố tụng hình sự,
624,,,33,hình sự,
624,,,41,hình sự,
624,,1,249,hình sự,
624,,1,194,hình sự,
624,p,1,46,hình sự,
625,,,333,tố tụng hình sự,
625,,,331,tố tụng hình sự,
625,,,106,tố tụng hình sự,
625,,,47,hình sự,
625,,2,136,tố tụng hình sự,
625,,,38,hình sự,
625,,1,249,hình sự,
625,s,1,51,hình sự,
626,,1,25,hình sự,
626,,,99,tố tụng hình sự,
626,,,51,hình sự,
626,,,76,tố tụng hình sự,
626,,,33,hình sự,
626,,,41,hình sự,
626,,3,7,hình sự,
626,p,1,46,hình sự,
626,,1,194,hình sự,
627,,3,7,hình sự,
627,,,76,tố tụng hình sự,
627,,,33,hình sự,
627,,,41,hình sự,
627,,2,194,hình sự,
627,,1,49,hình sự,
627,,1,194,hình sự,
627,g,1,48,hình sự,
627,p,1,46,hình sự,
628,,,76,tố tụng hình sự,
628,,,99,tố tụng hình sự,
628,,,41,hình sự,
628,,,33,hình sự,
628,,3,7,hình sự,
628,,1,194,hình sự,
628,p,1,46,hình sự,
629,,,234,tố tụng hình sự,
629,,,231,tố tụng hình sự,
629,,,99,tố tụng hình sự,
629,,,76,tố tụng hình sự,
629,,,41,hình sự,
629,,,33,hình sự,
629,,1,194,hình sự,
629,,3,7,hình sự,
629,p,1,46,hình sự,
630,,,234,tố tụng hình sự,
630,,,231,tố tụng hình sự,
630,,,99,tố tụng hình sự,
630,,,76,tố tụng hình sự,
630,,,41,hình sự,
630,,,33,hình sự,
630,,3,7,hình sự,
630,,1,194,hình sự,
630,p,1,46,hình sự,
631,,,234,tố tụng hình sự,
631,,,99,tố tụng hình sự,
631,,,231,tố tụng hình sự,
631,,,41,hình sự,
631,,,76,tố tụng hình sự,
631,,,33,hình sự,
631,,3,7,hình sự,
631,p,1,46,hình sự,
631,,1,194,hình sự,
632,,,234,tố tụng hình sự,
632,,,231,tố tụng hình sự,
632,,,76,tố tụng hình sự,
632,,,99,tố tụng hình sự,
632,,,41,hình sự,
632,,,33,hình sự,
632,,3,7,hình sự,
632,,1,194,hình sự,
632,q,1,46,hình sự,
632,p,1,46,hình sự,
633,,,234,tố tụng hình sự,
633,,,231,tố tụng hình sự,
633,,,99,tố tụng hình sự,
633,,,76,tố tụng hình sự,
633,,,41,hình sự,
633,,3,7,hình sự,
633,,,33,hình sự,
633,,1,194,hình sự,
633,p,1,46,hình sự,
634,,,99,tố tụng hình sự,
634,,,41,hình sự,
634,,3,7,hình sự,
634,,1,41,hình sự,
634,,1,194,hình sự,
634,,2,76,tố tụng hình sự,
634,p,1,46,hình sự,
634,c,1,249,hình sự,
635,,,76,tố tụng hình sự,
635,,,45,hình sự,
635,,,194,hình sự,
635,,,33,hình sự,
635,,2,99,tố tụng hình sự,
635,,1,99,tố tụng hình sự,
635,,1,194,hình sự,
635,p,1,46,hình sự,
636,,,76,tố tụng hình sự,
636,,,33,hình sự,
636,,,234,tố tụng hình sự,
636,,,99,tố tụng hình sự,
636,,,231,tố tụng hình sự,
636,,1,76,tố tụng hình sự,
636,,,98,tố tụng hình sự,
636,,5,194,hình sự,
636,,1,194,hình sự,
636,a,2,76,tố tụng hình sự,
636,p,1,46,hình sự,
636,g,1,48,hình sự,
637,,,99,tố tụng hình sự,
637,,,98,tố tụng hình sự,
637,,,76,tố tụng hình sự,
637,,,3,,"Luật phòng, chống ma túy"
637,,,41,hình sự,
637,,1,249,hình sự,
637,,5,194,hình sự,
637,,3,7,hình sự,
637,o,2,194,hình sự,
637,p,1,46,hình sự,
637,p,2,194,hình sự,
638,,,99,tố tụng hình sự,
638,,1,76,tố tụng hình sự,
638,,1,194,hình sự,
638,,1,249,hình sự,
638,,3,7,hình sự,
638,đ,2,76,tố tụng hình sự,
638,a,2,76,tố tụng hình sự,
638,,2,46,hình sự,
638,c,1,41,hình sự,
638,p,1,46,hình sự,
639,,,99,tố tụng hình sự,
639,,5,194,hình sự,
639,,5,249,hình sự,
639,,3,8,hình sự,
639,,1,249,hình sự,
639,,3,7,hình sự,
639,,1,194,hình sự,
639,,2,76,tố tụng hình sự,
639,,2,41,hình sự,
639,c,1,249,hình sự,
639,,1,41,hình sự,
639,p,1,46,hình sự,
640,,,99,tố tụng hình sự,
640,,,76,tố tụng hình sự,
640,,,41,hình sự,
640,,,33,hình sự,
640,p,1,46,hình sự,
640,,1,194,hình sự,
641,,,99,tố tụng hình sự,
641,,,41,hình sự,
641,,,76,tố tụng hình sự,
641,,,33,hình sự,
641,p,1,46,hình sự,
641,,1,194,hình sự,
642,,,33,hình sự,
642,,1,194,hình sự,
642,,1,41,hình sự,
642,a,2,76,tố tụng hình sự,
642,p,1,46,hình sự,
643,,,194,hình sự,
643,,,33,hình sự,
643,,1,194,hình sự,
643,,1,41,hình sự,
643,a,2,76,tố tụng hình sự,
643,p,1,46,hình sự,
644,,,76,tố tụng hình sự,
644,,,41,hình sự,
644,,5,194,hình sự,
644,,,33,hình sự,
644,,1,194,hình sự,
644,p,1,46,hình sự,
645,,,231,tố tụng hình sự,
645,,,234,tố tụng hình sự,
645,,,99,tố tụng hình sự,
645,,,76,tố tụng hình sự,
645,,,41,hình sự,
645,,,33,hình sự,
645,,1,194,hình sự,
645,,1,249,hình sự,
645,g,1,48,hình sự,
645,p,1,46,hình sự,
646,,,234,tố tụng hình sự,
646,,,196,tố tụng hình sự,
646,,,231,tố tụng hình sự,
646,,,98,tố tụng hình sự,
646,,,76,tố tụng hình sự,
646,,,41,hình sự,
646,,,33,hình sự,
646,,2,99,tố tụng hình sự,
646,,5,194,hình sự,
646,,1,194,hình sự,
646,,5,195,hình sự,
646,,2,46,hình sự,
646,p,1,46,hình sự,
647,,2,99,tố tụng hình sự,
647,,1,99,tố tụng hình sự,
647,,2,76,tố tụng hình sự,
647,,1,76,tố tụng hình sự,
647,,1,41,hình sự,
647,,3,7,hình sự,
647,,1,194,hình sự,
647,đ,1,76,tố tụng hình sự,
647,a,1,76,tố tụng hình sự,
647,c,1,41,hình sự,
647,c,1,249,hình sự,
647,p,1,46,hình sự,
648,,1,99,tố tụng hình sự,
648,,2,99,tố tụng hình sự,
648,,1,76,tố tụng hình sự,
648,,3,7,hình sự,
648,,2,76,tố tụng hình sự,
648,,1,41,hình sự,
648,,3,30,hình sự,
648,,2,30,hình sự,
648,,5,194,hình sự,
648,,1,194,hình sự,
648,đ,1,76,tố tụng hình sự,
648,a,1,76,tố tụng hình sự,
648,c,1,41,hình sự,
648,c,1,249,hình sự,
648,,2,46,hình sự,
648,p,1,46,hình sự,
649,,,91,hình sự,
649,,,106,tố tụng hình sự,
649,,,249,hình sự,
649,,1,46,hình sự,
649,,1,101,hình sự,
649,,2,47,hình sự,
649,b,3,106,tố tụng hình sự,
649,c,1,47,hình sự,
649,a,2,106,tố tụng hình sự,
649,,2,51,hình sự,
649,s,1,51,hình sự,
649,c,1,249,hình sự,
650,,,333,tố tụng hình sự,
650,,,331,tố tụng hình sự,
650,,,52,hình sự,
650,,,249,hình sự,
650,,,47,hình sự,
650,,,106,tố tụng hình sự,
650,,2,136,tố tụng hình sự,
650,,5,249,hình sự,
650,,2,51,hình sự,
650,s,1,51,hình sự,
650,c,1,249,hình sự,
651,,,47,hình sự,
651,,,106,tố tụng hình sự,
651,,2,136,tố tụng hình sự,
651,,2,135,tố tụng hình sự,
651,,2,51,hình sự,
651,c,1,249,hình sự,
651,s,1,51,hình sự,
652,,2,76,tố tụng hình sự,
652,,,99,tố tụng hình sự,
652,,,41,hình sự,
652,,3,194,hình sự,
652,,3,7,hình sự,
652,,,49,hình sự,
652,b,3,194,hình sự,
652,g,1,48,hình sự,
652,p,1,46,hình sự,
653,,,231,tố tụng hình sự,
653,,1,234,tố tụng hình sự,
653,,2,99,tố tụng hình sự,
653,,1,249,hình sự,
653,,1,76,tố tụng hình sự,
653,,3,7,hình sự,
653,,1,194,hình sự,
653,đ,2,76,tố tụng hình sự,
653,a,2,76,tố tụng hình sự,
653,p,1,46,hình sự,
653,c,1,249,hình sự,
654,,,99,tố tụng hình sự,
654,,2,46,hình sự,
654,,1,46,hình sự,
654,,1,249,hình sự,
654,,3,7,hình sự,
654,,1,194,hình sự,
654,a,2,76,tố tụng hình sự,
654,c,1,41,hình sự,
654,,2,46,hình sự,
654,p,1,46,hình sự,
655,,1,249,hình sự,
655,,3,7,hình sự,
655,,1,194,hình sự,
655,c,1,249,hình sự,
655,a,2,76,tố tụng hình sự,
655,c,1,41,hình sự,
655,a,1,41,hình sự,
655,p,1,46,hình sự,
656,,1,249,hình sự,
656,,3,7,hình sự,
656,b,2,76,tố tụng hình sự,
656,,1,194,hình sự,
656,a,2,76,tố tụng hình sự,
656,p,1,46,hình sự,
657,,1,249,hình sự,
657,,1,249,hình sự,
657,,1,194,hình sự,
657,,3,7,hình sự,
657,a,2,76,tố tụng hình sự,
657,p,1,46,hình sự,
658,,,30,,thi hành án dân sự
658,,,9,,thi hành án dân sự
658,,,7,,thi hành án dân sự
658,,,6,,thi hành án dân sự
658,,,2,,thi hành án dân sự
658,,,331,tố tụng hình sự,
658,,,333,tố tụng hình sự,
658,,,47,hình sự,
658,,2,106,tố tụng hình sự,
658,,2,136,tố tụng hình sự,
658,,1,106,tố tụng hình sự,
658,c,2,106,tố tụng hình sự,
658,a,3,106,tố tụng hình sự,
658,g,2,249,hình sự,
658,e,2,249,hình sự,
658,s,1,51,hình sự,
658,c,1,249,hình sự,
658,b,1,249,hình sự,
659,,,234,tố tụng hình sự,
659,,,231,tố tụng hình sự,
659,,,70,hình sự,
659,,,99,tố tụng hình sự,
659,,,76,tố tụng hình sự,
659,,,41,hình sự,
659,,,33,hình sự,
659,,5,194,hình sự,
659,,3,7,hình sự,
659,,1,194,hình sự,
659,c,1,249,hình sự,
659,p,1,46,hình sự,
660,,,234,tố tụng hình sự,
660,,,99,tố tụng hình sự,
660,,,231,tố tụng hình sự,
660,,,76,tố tụng hình sự,
660,,,41,hình sự,
660,,,33,hình sự,
660,,5,194,hình sự,
660,,3,7,hình sự,
660,,1,194,hình sự,
660,c,1,249,hình sự,
660,p,1,46,hình sự,
661,,,234,tố tụng hình sự,
661,,,231,tố tụng hình sự,
661,,,99,tố tụng hình sự,
661,,,76,tố tụng hình sự,
661,,,41,hình sự,
661,,,33,hình sự,
661,,1,194,hình sự,
661,p,1,46,hình sự,
662,,,104,hình sự,
662,,,55,hình sự,
662,,,58,hình sự,
662,,,17,hình sự,
662,,2,136,tố tụng hình sự,
662,,2,56,hình sự,
662,,5,65,hình sự,
662,c,2,106,tố tụng hình sự,
662,a,2,106,tố tụng hình sự,
662,c,1,47,hình sự,
662,h,1,52,hình sự,
662,s,1,51,hình sự,
662,c,1,249,hình sự,
663,,,228,tố tụng hình sự,
663,,,48,hình sự,
663,,,99,tố tụng hình sự,
663,,,76,tố tụng hình sự,
663,,,41,hình sự,
663,,,33,hình sự,
663,,5,194,hình sự,
663,,1,249,hình sự,
663,,3,7,hình sự,
663,,1,194,hình sự,
663,p,1,46,hình sự,
664,,,228,tố tụng hình sự,
664,,,48,hình sự,
664,,,99,tố tụng hình sự,
664,,,76,tố tụng hình sự,
664,,,41,hình sự,
664,,5,194,hình sự,
664,,,33,hình sự,
664,,1,249,hình sự,
664,,3,7,hình sự,
664,,1,194,hình sự,
664,p,1,46,hình sự,
665,,,228,tố tụng hình sự,
665,,,48,hình sự,
665,,,99,tố tụng hình sự,
665,,,76,tố tụng hình sự,
665,,,41,hình sự,
665,,,33,hình sự,
665,,5,194,hình sự,
665,,1,249,hình sự,
665,,3,7,hình sự,
665,,1,194,hình sự,
665,p,1,46,hình sự,
666,,,48,hình sự,
666,,,228,tố tụng hình sự,
666,,,99,tố tụng hình sự,
666,,,76,tố tụng hình sự,
666,,,41,hình sự,
666,,,33,hình sự,
666,,5,194,hình sự,
666,,1,249,hình sự,
666,,3,7,hình sự,
666,,1,194,hình sự,
666,p,1,46,hình sự,
667,,,228,tố tụng hình sự,
667,,,194,hình sự,
667,,,48,hình sự,
667,,,99,tố tụng hình sự,
667,,,76,tố tụng hình sự,
667,,,41,hình sự,
667,,,33,hình sự,
667,,2,194,hình sự,
667,,2,249,hình sự,
667,,3,7,hình sự,
667,p,1,46,hình sự,
667,p,2,194,hình sự,
668,,,228,tố tụng hình sự,
668,,,99,tố tụng hình sự,
668,,,76,tố tụng hình sự,
668,,,41,hình sự,
668,,,33,hình sự,
668,,1,249,hình sự,
668,,5,194,hình sự,
668,,3,7,hình sự,
668,,1,194,hình sự,
668,g,1,48,hình sự,
668,p,1,46,hình sự,
669,,,48,hình sự,
669,,,228,tố tụng hình sự,
669,,,99,tố tụng hình sự,
669,,,76,tố tụng hình sự,
669,,,41,hình sự,
669,,,33,hình sự,
669,,5,194,hình sự,
669,,1,249,hình sự,
669,,3,7,hình sự,
669,,1,194,hình sự,
669,p,1,46,hình sự,
670,,,228,tố tụng hình sự,
670,,,48,hình sự,
670,,,99,tố tụng hình sự,
670,,,76,tố tụng hình sự,
670,,,41,hình sự,
670,,,33,hình sự,
670,,5,194,hình sự,
670,,1,249,hình sự,
670,,3,7,hình sự,
670,,1,194,hình sự,
670,p,1,46,hình sự,
671,,,48,hình sự,
671,,,228,tố tụng hình sự,
671,,,194,hình sự,
671,,,99,tố tụng hình sự,
671,,,76,tố tụng hình sự,
671,,,41,hình sự,
671,,,33,hình sự,
671,,5,194,hình sự,
671,,1,249,hình sự,
671,,3,7,hình sự,
671,,1,194,hình sự,
671,p,1,46,hình sự,
672,,,48,hình sự,
672,,,228,tố tụng hình sự,
672,,,194,hình sự,
672,,,99,tố tụng hình sự,
672,,,76,tố tụng hình sự,
672,,,41,hình sự,
672,,2,194,hình sự,
672,,,33,hình sự,
672,,2,249,hình sự,
672,p,1,46,hình sự,
672,,3,7,hình sự,
672,p,2,194,hình sự,
673,,,228,tố tụng hình sự,
673,,,48,hình sự,
673,,,194,hình sự,
673,,,99,tố tụng hình sự,
673,,,41,hình sự,
673,,,76,tố tụng hình sự,
673,,,33,hình sự,
673,,5,194,hình sự,
673,,1,249,hình sự,
673,,3,7,hình sự,
673,p,1,46,hình sự,
673,,1,194,hình sự,
674,,,228,tố tụng hình sự,
674,,,48,hình sự,
674,,,99,tố tụng hình sự,
674,,,76,tố tụng hình sự,
674,,,41,hình sự,
674,,,33,hình sự,
674,,5,194,hình sự,
674,,1,249,hình sự,
674,,3,7,hình sự,
674,,1,194,hình sự,
674,p,1,46,hình sự,
675,,,228,tố tụng hình sự,
675,,,99,tố tụng hình sự,
675,,,76,tố tụng hình sự,
675,,,33,hình sự,
675,,,41,hình sự,
675,,5,194,hình sự,
675,,1,249,hình sự,
675,,3,7,hình sự,
675,,1,194,hình sự,
675,g,1,48,hình sự,
675,p,1,46,hình sự,
677,,,194,hình sự,
677,,,249,hình sự,
677,,,106,tố tụng hình sự,
677,,1,194,hình sự,
677,,,47,hình sự,
677,,,56,hình sự,
677,,,55,hình sự,
677,,,38,hình sự,
677,,3,7,hình sự,
677,s,1,51,hình sự,
677,g,1,249,hình sự,
679,,,99,tố tụng hình sự,
679,,,41,hình sự,
679,,5,194,hình sự,
679,,2,46,hình sự,
679,,3,7,hình sự,
679,,1,194,hình sự,
679,đ,2,76,tố tụng hình sự,
679,a,2,76,tố tụng hình sự,
679,c,1,249,hình sự,
679,p,1,46,hình sự,
681,,,99,tố tụng hình sự,
681,,5,194,hình sự,
681,,3,8,hình sự,
681,,2,46,hình sự,
681,,1,249,hình sự,
681,,1,194,hình sự,
681,,3,7,hình sự,
681,,1,41,hình sự,
681,,2,76,tố tụng hình sự,
681,c,1,249,hình sự,
681,p,1,46,hình sự,
682,,,333,tố tụng hình sự,
682,,,331,tố tụng hình sự,
682,,,56,hình sự,
682,,2,136,tố tụng hình sự,
682,,2,56,hình sự,
682,,5,249,hình sự,
682,,5,65,hình sự,
682,a,3,106,tố tụng hình sự,
682,h,1,52,hình sự,
682,s,1,51,hình sự,
682,c,1,249,hình sự,
683,,,99,tố tụng hình sự,
683,,,42,hình sự,
683,,,76,tố tụng hình sự,
683,,,41,hình sự,
683,,1,194,hình sự,
683,,1,249,hình sự,
683,b,2,194,hình sự,
683,p,1,46,hình sự,
683,g,1,48,hình sự,
684,,,99,tố tụng hình sự,
684,,,51,hình sự,
684,,,76,tố tụng hình sự,
684,,,41,hình sự,
684,,1,194,hình sự,
684,p,1,46,hình sự,
684,g,1,48,hình sự,
685,,,99,tố tụng hình sự,
685,,,249,hình sự,
685,,1,41,hình sự,
685,,,194,hình sự,
685,,5,194,hình sự,
685,,1,194,hình sự,
685,,3,7,hình sự,
685,đ,2,76,tố tụng hình sự,
685,a,2,76,tố tụng hình sự,
685,p,1,46,hình sự,
686,,,99,tố tụng hình sự,
686,,,249,hình sự,
686,,1,41,hình sự,
686,,,194,hình sự,
686,,5,194,hình sự,
686,,1,194,hình sự,
686,,3,7,hình sự,
686,đ,2,76,tố tụng hình sự,
686,a,2,76,tố tụng hình sự,
686,p,1,46,hình sự,
687,,,9,,thi hành án dân sự
687,,,30,,thi hành án dân sự
687,,,7,,thi hành án dân sự
687,,,6,,thi hành án dân sự
687,,,2,,thi hành án dân sự
687,,,234,tố tụng hình sự,
687,,,231,tố tụng hình sự,
687,,,41,hình sự,
687,,,33,hình sự,
687,,,249,hình sự,
687,,2,99,tố tụng hình sự,
687,,2,76,tố tụng hình sự,
687,,5,194,hình sự,
687,,3,7,hình sự,
687,,1,194,hình sự,
687,,2,46,hình sự,
687,c,1,249,hình sự,
687,p,1,46,hình sự,
688,,,76,tố tụng hình sự,
688,,,41,hình sự,
688,,1,194,hình sự,
688,p,1,46,hình sự,
689,,3,7,hình sự,
689,,5,249,hình sự,
689,a,2,106,tố tụng hình sự,
689,s,1,51,hình sự,
689,c,1,47,hình sự,
689,c,1,249,hình sự,
690,,,30,,thi hành án dân sự
690,,,9,,thi hành án dân sự
690,,,6,,thi hành án dân sự
690,,,7,,thi hành án dân sự
690,,,2,,thi hành án dân sự
690,,,53,hình sự,
690,,,99,tố tụng hình sự,
690,,,76,tố tụng hình sự,
690,,2,76,tố tụng hình sự,
690,,,41,hình sự,
690,,1,76,tố tụng hình sự,
690,,3,7,hình sự,
690,,1,249,hình sự,
690,,1,194,hình sự,
690,,2,46,hình sự,
690,c,1,249,hình sự,
690,p,1,46,hình sự,
692,,,331,tố tụng hình sự,
692,,,333,tố tụng hình sự,
692,,,136,tố tụng hình sự,
692,,,106,tố tụng hình sự,
692,,,38,hình sự,
692,,1,249,hình sự,
692,,5,249,hình sự,
692,,1,194,hình sự,
692,c,1,249,hình sự,
692,s,1,51,hình sự,
693,,,234,tố tụng hình sự,
693,,,99,tố tụng hình sự,
693,,,231,tố tụng hình sự,
693,,,76,tố tụng hình sự,
693,,,33,hình sự,
693,,,41,hình sự,
693,,1,249,hình sự,
693,,1,194,hình sự,
693,,3,7,hình sự,
693,đ,2,76,tố tụng hình sự,
693,a,2,76,tố tụng hình sự,
693,a,1,41,hình sự,
693,p,1,46,hình sự,
693,c,1,249,hình sự,
694,,,106,tố tụng hình sự,
694,,,47,hình sự,
694,,2,136,tố tụng hình sự,
694,,2,135,tố tụng hình sự,
694,,1,194,hình sự,
694,c,1,47,hình sự,
694,a,2,106,tố tụng hình sự,
694,h,1,52,hình sự,
694,s,1,51,hình sự,
694,c,1,249,hình sự,
695,,,249,hình sự,
695,,,76,tố tụng hình sự,
695,,,41,hình sự,
695,,2,99,tố tụng hình sự,
695,,3,7,hình sự,
695,,1,194,hình sự,
695,,2,46,hình sự,
695,p,1,46,hình sự,
695,c,1,249,hình sự,
696,,,99,tố tụng hình sự,
696,,1,249,hình sự,
696,,,194,hình sự,
696,,3,7,hình sự,
696,,1,194,hình sự,
696,đ,2,76,tố tụng hình sự,
696,a,2,76,tố tụng hình sự,
696,a,1,41,hình sự,
696,c,1,41,hình sự,
696,,2,46,hình sự,
696,p,1,46,hình sự,
696,c,1,249,hình sự,
697,,,99,tố tụng hình sự,
697,,,194,hình sự,
697,,3,7,hình sự,
697,,1,249,hình sự,
697,,1,194,hình sự,
697,a,2,76,tố tụng hình sự,
697,c,1,41,hình sự,
697,,2,46,hình sự,
697,p,1,46,hình sự,
697,c,1,249,hình sự,
698,,,99,tố tụng hình sự,
698,,,76,tố tụng hình sự,
698,,,41,hình sự,
698,,1,249,hình sự,
698,,3,7,hình sự,
698,x,1,51,hình sự,
698,,1,194,hình sự,
698,a,1,249,hình sự,
698,s,1,46,hình sự,
698,,2,46,hình sự,
698,p,1,46,hình sự,
699,,,234,tố tụng hình sự,
699,,,99,tố tụng hình sự,
699,,,231,tố tụng hình sự,
699,,5,194,hình sự,
699,,1,249,hình sự,
699,,3,7,hình sự,
699,,1,194,hình sự,
699,đ,2,76,tố tụng hình sự,
699,a,2,76,tố tụng hình sự,
699,,2,46,hình sự,
699,p,1,46,hình sự,
700,,,33,hình sự,
700,,2,76,tố tụng hình sự,
700,,1,249,hình sự,
700,,2,41,hình sự,
700,,3,7,hình sự,
700,,1,194,hình sự,
700,p,1,46,hình sự,
700,,2,46,hình sự,
701,,,99,tố tụng hình sự,
701,,,76,tố tụng hình sự,
701,,,249,hình sự,
701,,1,41,hình sự,
701,,3,7,hình sự,
701,,1,194,hình sự,
701,c,1,249,hình sự,
701,p,1,46,hình sự,
702,,,76,tố tụng hình sự,
702,,,41,hình sự,
702,,2,99,tố tụng hình sự,
702,,2,249,hình sự,
702,,3,7,hình sự,
702,,2,194,hình sự,
702,p,1,46,hình sự,
702,p,2,194,hình sự,
702,h,2,194,hình sự,
702,b,2,194,hình sự,
703,,,234,tố tụng hình sự,
703,,,231,tố tụng hình sự,
703,,,99,tố tụng hình sự,
703,,,76,tố tụng hình sự,
703,,,41,hình sự,
703,,,33,hình sự,
703,,3,7,hình sự,
703,,1,194,hình sự,
703,p,1,46,hình sự,
704,,,234,tố tụng hình sự,
704,,,231,tố tụng hình sự,
704,,,99,tố tụng hình sự,
704,q,1,46,hình sự,
704,,,76,tố tụng hình sự,
704,,,41,hình sự,
704,,,33,hình sự,
704,,3,7,hình sự,
704,,1,194,hình sự,
704,p,1,46,hình sự,
705,,,231,tố tụng hình sự,
705,,,234,tố tụng hình sự,
705,,,99,tố tụng hình sự,
705,,,41,hình sự,
705,,,76,tố tụng hình sự,
705,,,33,hình sự,
705,,1,194,hình sự,
705,,3,7,hình sự,
705,p,1,46,hình sự,
706,,,231,tố tụng hình sự,
706,,,234,tố tụng hình sự,
706,,,99,tố tụng hình sự,
706,,,41,hình sự,
706,,,76,tố tụng hình sự,
706,,,33,hình sự,
706,,3,7,hình sự,
706,,1,194,hình sự,
706,p,1,46,hình sự,
707,,,234,tố tụng hình sự,
707,,,231,tố tụng hình sự,
707,,,76,tố tụng hình sự,
707,,,99,tố tụng hình sự,
707,,,41,hình sự,
707,,,33,hình sự,
707,,3,7,hình sự,
707,,1,194,hình sự,
707,p,1,46,hình sự,
708,,,30,,thi hành án dân sự
708,,,9,,thi hành án dân sự
708,,,7,,thi hành án dân sự
708,,,2,,thi hành án dân sự
708,,,6,,thi hành án dân sự
708,,,99,tố tụng hình sự,
708,,,33,hình sự,
708,,,76,tố tụng hình sự,
708,,2,76,tố tụng hình sự,
708,,3,7,hình sự,
708,,1,249,hình sự,
708,,1,194,hình sự,
708,g,1,48,hình sự,
708,p,1,46,hình sự,
709,,,99,tố tụng hình sự,
709,,3,76,tố tụng hình sự,
709,đ,2,76,tố tụng hình sự,
709,a,1,41,hình sự,
709,a,2,76,tố tụng hình sự,
709,p,1,46,hình sự,
709,c,1,41,hình sự,
709,p,2,194,hình sự,
710,,,45,hình sự,40/2017/HS - ST
710,,,33,hình sự,40/2017/HS - ST
710,,2,46,hình sự,40/2017/HS - ST
710,,1,194,hình sự,40/2017/HS - ST
710,c,1,249,hình sự,40/2017/HS - ST
710,b,2,248,tố tụng hình sự,40/2017/HS - ST
710,p,1,46,hình sự,40/2017/HS - ST
711,,,76,tố tụng hình sự,
711,,,41,hình sự,
711,,,33,hình sự,
711,,,99,tố tụng hình sự,
711,,,48,hình sự,
711,,3,7,hình sự,
711,g,2,249,hình sự,
711,p,1,46,hình sự,
711,h,2,194,hình sự,
712,,,99,tố tụng hình sự,
712,,,76,tố tụng hình sự,
712,,,41,hình sự,
712,,,249,hình sự,
712,,,194,hình sự,
712,,3,7,hình sự,
712,,2,194,hình sự,
712,p,1,46,hình sự,
712,,2,46,hình sự,
712,n,2,249,hình sự,
712,o,2,194,hình sự,
713,,,30,,thi hành án dân sự
713,,,2,,thi hành án dân sự
713,,,9,,thi hành án dân sự
713,,,99,tố tụng hình sự,
713,,,76,tố tụng hình sự,
713,,,41,hình sự,
713,,1,249,hình sự,
713,,3,7,hình sự,
713,,1,194,hình sự,
713,p,1,46,hình sự,
714,,,98,tố tụng hình sự,
714,,,99,tố tụng hình sự,
714,,,33,hình sự,
714,,,249,hình sự,
714,,,194,hình sự,
714,,1,249,hình sự,
714,,3,7,hình sự,
714,g,1,48,hình sự,
714,,1,194,hình sự,
714,p,1,46,hình sự,
716,,,234,tố tụng hình sự,
716,,,231,tố tụng hình sự,
716,,,41,hình sự,
716,,,99,tố tụng hình sự,
716,,,76,tố tụng hình sự,
716,,,196,tố tụng hình sự,
716,,,33,hình sự,
716,,3,7,hình sự,
716,,1,194,hình sự,
716,c,1,249,hình sự,
716,p,1,46,hình sự,
717,,2,99,tố tụng hình sự,
717,,,194,hình sự,
717,,5,194,hình sự,
717,,3,7,hình sự,
717,,1,249,hình sự,
717,,1,194,hình sự,
717,a,2,76,tố tụng hình sự,
717,p,1,46,hình sự,
717,c,1,41,hình sự,
718,,,234,tố tụng hình sự,
718,,,231,tố tụng hình sự,
718,,,99,tố tụng hình sự,
718,,,76,tố tụng hình sự,
718,,,41,hình sự,
718,,,33,hình sự,
718,,3,7,hình sự,
718,,1,194,hình sự,
718,c,1,249,hình sự,
718,p,1,46,hình sự,
719,,,234,tố tụng hình sự,
719,,,231,tố tụng hình sự,
719,,,225,tố tụng hình sự,
719,,,45,hình sự,
719,,,98,tố tụng hình sự,
719,,,76,tố tụng hình sự,
719,,,99,tố tụng hình sự,
719,,,41,hình sự,
719,,,33,hình sự,
719,,,249,hình sự,
719,,1,249,hình sự,
719,,1,194,hình sự,
719,p,1,46,hình sự,
722,,,30,,thi hành án dân sự
722,,,7,,thi hành án dân sự
722,,,9,,thi hành án dân sự
722,,,6,,thi hành án dân sự
722,,,2,,thi hành án dân sự
722,,,234,tố tụng hình sự,
722,,,231,tố tụng hình sự,
722,,,33,hình sự,
722,,,99,tố tụng hình sự,
722,,,51,hình sự,
722,,1,249,hình sự,
722,,3,7,hình sự,
722,,1,194,hình sự,
722,b,2,76,tố tụng hình sự,
722,a,2,76,tố tụng hình sự,
722,a,1,249,hình sự,
722,g,1,48,hình sự,
722,c,1,249,hình sự,
722,,2,46,hình sự,
722,p,1,46,hình sự,
723,,1,249,hình sự,
723,,1,194,hình sự,
724,,1,249,hình sự,
724,,1,194,hình sự,
725,,,53,hình sự,
725,,5,194,hình sự,
725,,,194,hình sự,
725,,3,7,hình sự,
725,,1,194,hình sự,
726,,,106,tố tụng hình sự,
726,,,136,tố tụng hình sự,
726,,,47,hình sự,
726,,5,249,hình sự,
726,a,2,106,tố tụng hình sự,
726,s,1,51,hình sự,
726,a,1,249,hình sự,
727,,,30,,thi hành án dân sự
727,,,2,,thi hành án dân sự
727,,,333,tố tụng hình sự,
727,,,331,tố tụng hình sự,
727,,,136,tố tụng hình sự,
727,,2,106,tố tụng hình sự,
727,,1,47,hình sự,
727,,5,249,hình sự,
727,,1,249,hình sự,
727,,2,106,tố tụng hình sự,
727,s,1,51,hình sự,
727,h,1,52,hình sự,
727,c,1,249,hình sự,
728,,,332,tố tụng hình sự,22/2022/HS-ST
728,,,333,tố tụng hình sự,22/2022/HS-ST
728,,,331,tố tụng hình sự,22/2022/HS-ST
728,,,355,tố tụng hình sự,22/2022/HS-ST
728,,,38,hình sự,22/2022/HS-ST
728,,,356,tố tụng hình sự,22/2022/HS-ST
728,a,1,355,tố tụng hình sự,22/2022/HS-ST
728,h,1,52,hình sự,22/2022/HS-ST
728,,2,51,hình sự,22/2022/HS-ST
728,s,1,51,hình sự,22/2022/HS-ST
728,g,1,249,hình sự,22/2022/HS-ST
728,b,1,249,hình sự,22/2022/HS-ST
729,,,333,tố tụng hình sự,
729,,,331,tố tụng hình sự,
729,,,106,tố tụng hình sự,
729,,,47,hình sự,
729,,,38,hình sự,
729,,1,136,tố tụng hình sự,
729,,1,106,tố tụng hình sự,
729,,2,51,hình sự,
729,s,1,51,hình sự,
729,c,1,249,hình sự,
730,,,333,tố tụng hình sự,
730,,,331,tố tụng hình sự,
730,,,106,tố tụng hình sự,
730,,,47,hình sự,
730,,,38,hình sự,
730,,1,136,tố tụng hình sự,
730,,1,106,tố tụng hình sự,
730,c,1,249,hình sự,
730,s,1,51,hình sự,
731,,,234,tố tụng hình sự,
731,,,231,tố tụng hình sự,
731,,,99,tố tụng hình sự,
731,,,76,tố tụng hình sự,
731,,1,194,hình sự,
731,p,1,46,hình sự,
732,,,234,tố tụng hình sự,
732,,,231,tố tụng hình sự,
732,,,99,tố tụng hình sự,
732,,,76,tố tụng hình sự,
732,p,2,194,hình sự,
732,,2,194,hình sự,
732,p,1,46,hình sự,
733,,,99,tố tụng hình sự,
733,,,231,tố tụng hình sự,
733,,,76,tố tụng hình sự,
733,,,41,hình sự,
733,,,48,hình sự,
733,,,33,hình sự,
733,,1,234,tố tụng hình sự,
733,,3,7,hình sự,
733,,1,194,hình sự,
733,p,1,46,hình sự,
735,,,76,tố tụng hình sự,
735,,,41,hình sự,
735,,,33,hình sự,
735,,1,249,hình sự,
735,,3,7,hình sự,
735,đ,2,76,tố tụng hình sự,
735,,1,194,hình sự,
735,b,2,76,tố tụng hình sự,
735,a,2,76,tố tụng hình sự,
735,p,1,46,hình sự,
735,g,1,48,hình sự,
736,,,76,tố tụng hình sự,
736,,,41,hình sự,
736,,1,249,hình sự,
736,,,33,hình sự,
736,,3,7,hình sự,
736,đ,2,76,tố tụng hình sự,
736,,1,194,hình sự,
736,b,2,76,tố tụng hình sự,
736,a,2,76,tố tụng hình sự,
736,p,1,46,hình sự,
737,,,99,tố tụng hình sự,
737,,,228,tố tụng hình sự,
737,,,76,tố tụng hình sự,
737,,,41,hình sự,
737,,,33,hình sự,
737,,1,249,hình sự,
737,,3,7,hình sự,
737,p,1,46,hình sự,
737,,1,194,hình sự,
738,,,99,tố tụng hình sự,
738,,,76,tố tụng hình sự,
738,,,228,tố tụng hình sự,
738,,,41,hình sự,
738,,,33,hình sự,
738,,1,249,hình sự,
738,,3,7,hình sự,
738,,1,194,hình sự,
738,c,1,249,hình sự,
738,p,1,46,hình sự,
738,,2,46,hình sự,
739,,,249,hình sự,
739,,,99,tố tụng hình sự,
739,,1,194,hình sự,
739,b,2,70,hình sự,
739,a,2,76,tố tụng hình sự,
739,đ,2,76,tố tụng hình sự,
739,x,1,51,hình sự,
739,c,1,249,hình sự,
739,,2,46,hình sự,
739,p,1,46,hình sự,
740,,,48,hình sự,
740,,,99,tố tụng hình sự,
740,,,76,tố tụng hình sự,
740,,,41,hình sự,
740,,5,194,hình sự,
740,,1,194,hình sự,
740,,3,7,hình sự,
740,x,1,51,hình sự,
740,c,1,249,hình sự,
740,p,1,46,hình sự,
741,,,234,tố tụng hình sự,
741,,,231,tố tụng hình sự,
741,,,99,tố tụng hình sự,
741,,,48,hình sự,
741,,,41,hình sự,
741,,,76,tố tụng hình sự,
741,,,33,hình sự,
741,,1,194,hình sự,
741,a,2,76,tố tụng hình sự,
741,p,1,46,hình sự,
741,đ,2,76,tố tụng hình sự,
742,,,99,tố tụng hình sự,
742,,,48,hình sự,
742,,,194,hình sự,
742,,,228,tố tụng hình sự,
742,,,76,tố tụng hình sự,
742,,,33,hình sự,
742,,5,194,hình sự,
742,,1,249,hình sự,
742,,3,7,hình sự,
742,,1,194,hình sự,
742,c,1,249,hình sự,
742,p,1,46,hình sự,
744,,,30,,thi hành án dân sự
744,,,7,,thi hành án dân sự
744,,,9,,thi hành án dân sự
744,,,6,,thi hành án dân sự
744,,,76,tố tụng hình sự,
744,,,2,,thi hành án dân sự
744,,,41,hình sự,
744,,5,194,hình sự,
744,,1,249,hình sự,
744,,3,7,hình sự,
744,,1,194,hình sự,
744,p,1,46,hình sự,
745,,,99,tố tụng hình sự,
745,,,76,tố tụng hình sự,
745,,,41,hình sự,
745,,1,249,hình sự,
745,,3,7,hình sự,
745,,1,194,hình sự,
745,p,1,46,hình sự,
746,,,76,tố tụng hình sự,
746,,,99,tố tụng hình sự,
746,,,41,hình sự,
746,,1,249,hình sự,
746,,1,194,hình sự,
746,,3,7,hình sự,
746,g,1,48,hình sự,
746,p,1,46,hình sự,
747,,,99,tố tụng hình sự,
747,,,76,tố tụng hình sự,
747,,,41,hình sự,
747,,1,249,hình sự,
747,,3,7,hình sự,
747,,1,194,hình sự,
747,p,1,46,hình sự,
748,,,76,tố tụng hình sự,
748,,,99,tố tụng hình sự,
748,,,41,hình sự,
748,,1,25,hình sự,
748,,1,249,hình sự,
748,,3,7,hình sự,
748,,1,194,hình sự,
748,,2,46,hình sự,
748,p,1,46,hình sự,
749,,,99,tố tụng hình sự,
749,,,76,tố tụng hình sự,
749,,,41,hình sự,
749,,1,249,hình sự,
749,,1,194,hình sự,
749,,3,7,hình sự,
749,p,1,46,hình sự,
750,,,99,tố tụng hình sự,
750,,,76,tố tụng hình sự,
750,,,41,hình sự,
750,,3,7,hình sự,
750,o,2,249,hình sự,
750,p,2,194,hình sự,
750,p,1,46,hình sự,
751,,,9,,thi hành án dân sự
751,,,30,,thi hành án dân sự
751,,,7,,thi hành án dân sự
751,,,6,,thi hành án dân sự
751,,,2,,thi hành án dân sự
751,,,76,tố tụng hình sự,
751,,,41,hình sự,
751,,,33,hình sự,
751,,3,7,hình sự,
751,,1,194,hình sự,
751,c,1,249,hình sự,
751,,2,46,hình sự,
751,p,1,46,hình sự,
752,,,222,tố tụng hình sự,
752,,,199,tố tụng hình sự,
752,,,99,tố tụng hình sự,
752,,,12,hình sự,
752,,2,76,tố tụng hình sự,
752,,1,76,tố tụng hình sự,
752,,3,7,hình sự,
752,đ,2,249,hình sự,
752,e,2,194,hình sự,
752,p,1,46,hình sự,
753,,,234,tố tụng hình sự,
753,,,231,tố tụng hình sự,
753,,,76,tố tụng hình sự,
753,,,33,hình sự,
753,,2,99,tố tụng hình sự,
753,,1,249,hình sự,
753,,1,99,tố tụng hình sự,
753,,3,7,hình sự,
753,,1,194,hình sự,
753,c,1,41,hình sự,
753,g,1,48,hình sự,
753,p,1,46,hình sự,
754,,,234,tố tụng hình sự,
754,,,231,tố tụng hình sự,
754,,,76,tố tụng hình sự,
754,,,41,hình sự,
754,,,33,hình sự,
754,,2,99,tố tụng hình sự,
754,,1,99,tố tụng hình sự,
754,,1,249,hình sự,
754,,3,7,hình sự,
754,,1,194,hình sự,
754,c,1,41,hình sự,
754,g,1,48,hình sự,
754,,2,46,hình sự,
754,p,1,46,hình sự,
755,,,234,tố tụng hình sự,
755,,,99,tố tụng hình sự,
755,,,231,tố tụng hình sự,
755,,,76,tố tụng hình sự,
755,,,41,hình sự,
755,,,33,hình sự,
755,,1,249,hình sự,
755,,1,194,hình sự,
755,,3,7,hình sự,
755,p,1,46,hình sự,
756,,,76,tố tụng hình sự,
756,,,41,hình sự,
756,,3,7,hình sự,
756,,1,194,hình sự,
756,c,1,249,hình sự,
756,p,1,46,hình sự,
757,,,76,tố tụng hình sự,
757,,,41,hình sự,
757,,1,138,hình sự,
757,b,3,249,hình sự,
757,g,1,48,hình sự,
757,m,2,194,hình sự,
757,h,1,46,hình sự,
757,p,1,46,hình sự,
758,,1,249,hình sự,
758,,3,7,hình sự,
758,,1,194,hình sự,
758,,2,41,hình sự,
758,c,1,41,hình sự,
758,a,2,76,tố tụng hình sự,
758,c,1,249,hình sự,
758,a,1,249,hình sự,
758,x,1,51,hình sự,
758,g,1,48,hình sự,
758,,2,46,hình sự,
758,p,1,46,hình sự,
758,b,1,46,hình sự,
759,,,76,tố tụng hình sự,
759,,,41,hình sự,
759,,,33,hình sự,
759,c,1,249,hình sự,
759,p,1,46,hình sự,
760,,,9,,thi hành án dân sự
760,,,30,,thi hành án dân sự
760,,,7,,thi hành án dân sự
760,,,2,,thi hành án dân sự
760,,,6,,thi hành án dân sự
760,,,76,tố tụng hình sự,
760,,1,194,hình sự,
760,,,41,hình sự,
760,,2,46,hình sự,
760,p,1,46,hình sự,
760,c,1,249,hình sự,
761,,,30,,thi hành án dân sự
761,,,9,,thi hành án dân sự
761,,,7,,thi hành án dân sự
761,,,6,,thi hành án dân sự
761,,,2,,thi hành án dân sự
761,,,99,tố tụng hình sự,
761,,,41,hình sự,
761,,,33,hình sự,
761,,1,249,hình sự,
761,,1,194,hình sự,
761,,2,76,tố tụng hình sự,
761,,2,249,hình sự,
761,,2,194,hình sự,
761,,3,7,hình sự,
761,a,2,76,tố tụng hình sự,
761,c,1,249,hình sự,
761,p,1,46,hình sự,
762,,,234,tố tụng hình sự,
762,,,99,tố tụng hình sự,
762,,,231,tố tụng hình sự,
762,,,249,hình sự,
762,,,41,hình sự,
762,,,76,tố tụng hình sự,
762,,,33,hình sự,
762,,3,7,hình sự,
762,,2,76,tố tụng hình sự,
762,,1,249,hình sự,
762,,5,194,hình sự,
762,,1,194,hình sự,
762,p,1,46,hình sự,
762,g,1,48,hình sự,
763,,,30,,thi hành án dân sự
763,,,9,,thi hành án dân sự
763,,,7b,,thi hành án dân sự
763,,,7,,thi hành án dân sự
763,,,7a,,thi hành án dân sự
763,,,6,,thi hành án dân sự
763,,,76,tố tụng hình sự,
763,,,2,,thi hành án dân sự
763,,,41,hình sự,
763,,,194,hình sự,
763,,,249,hình sự,
763,,,33,hình sự,
763,,3,7,hình sự,
763,c,1,249,hình sự,
763,p,1,46,hình sự,
764,,,234,tố tụng hình sự,
764,,,99,tố tụng hình sự,
764,,,231,tố tụng hình sự,
764,,,249,hình sự,
764,,,76,tố tụng hình sự,
764,,,41,hình sự,
764,,,33,hình sự,
764,,1,249,hình sự,
764,,2,76,tố tụng hình sự,
764,,3,7,hình sự,
764,,1,249,hình sự,
764,,5,194,hình sự,
764,,1,194,hình sự,
764,p,1,46,hình sự,
765,,,227,tố tụng hình sự,
765,,,231,tố tụng hình sự,
765,,,234,tố tụng hình sự,
765,,,99,tố tụng hình sự,
765,,,76,tố tụng hình sự,
765,,,41,hình sự,
765,,,33,hình sự,
765,,2,76,tố tụng hình sự,
765,,5,194,hình sự,
765,m,2,194,hình sự,
765,p,1,46,hình sự,
766,,,9,,thi hành án dân sự
766,,,30,,thi hành án dân sự
766,,,7,,thi hành án dân sự
766,,,2,,thi hành án dân sự
766,,,6,,thi hành án dân sự
766,,,231,tố tụng hình sự,
766,,,234,tố tụng hình sự,
766,,,99,tố tụng hình sự,
766,,,33,hình sự,
766,,,228,tố tụng hình sự,
766,,,45,hình sự,
766,,1,42,hình sự,
766,,1,249,hình sự,
766,,3,7,hình sự,
766,,1,194,hình sự,
766,đ,2,76,tố tụng hình sự,
766,a,2,76,tố tụng hình sự,
766,p,1,46,hình sự,
767,,,234,tố tụng hình sự,
767,,,231,tố tụng hình sự,
767,,,99,tố tụng hình sự,
767,,,76,tố tụng hình sự,
767,,,33,hình sự,
767,,1,194,hình sự,
767,,5,194,hình sự,
767,p,1,46,hình sự,
768,,,99,tố tụng hình sự,
768,,,33,hình sự,
768,,2,76,tố tụng hình sự,
768,,1,76,tố tụng hình sự,
768,,1,249,hình sự,
768,,1,194,hình sự,
768,b,1,41,hình sự,
768,p,1,46,hình sự,
769,,,228,tố tụng hình sự,
769,,,194,hình sự,
769,,,99,tố tụng hình sự,
769,,,76,tố tụng hình sự,
769,,,33,hình sự,
769,,,41,hình sự,
769,,2,76,tố tụng hình sự,
769,,1,48,hình sự,
769,,1,76,tố tụng hình sự,
769,,1,249,hình sự,
769,,3,7,hình sự,
769,,1,194,hình sự,
769,p,1,46,hình sự,
770,,,228,tố tụng hình sự,
770,,,99,tố tụng hình sự,
770,,,48,hình sự,
770,,,76,tố tụng hình sự,
770,,,33,hình sự,
770,,,41,hình sự,
770,,3,7,hình sự,
770,,1,249,hình sự,
770,,1,194,hình sự,
770,p,1,46,hình sự,
770,c,1,249,hình sự,
771,,,99,tố tụng hình sự,
771,,,228,tố tụng hình sự,
771,,,194,hình sự,
771,,,41,hình sự,
771,,,76,tố tụng hình sự,
771,,5,194,hình sự,
771,n,2,249,hình sự,
771,,3,7,hình sự,
771,p,1,46,hình sự,
771,p,2,194,hình sự,
772,,,234,tố tụng hình sự,
772,,,231,tố tụng hình sự,
772,,,76,tố tụng hình sự,
772,,,99,tố tụng hình sự,
772,,,33,hình sự,
772,,1,249,hình sự,
772,,3,7,hình sự,
772,,5,194,hình sự,
772,p,1,46,hình sự,
772,,1,194,hình sự,
773,,,30,,thi hành án dân sự
773,,,2,,thi hành án dân sự
773,,,99,tố tụng hình sự,
773,,,76,tố tụng hình sự,
773,,,41,hình sự,
773,,1,249,hình sự,
773,,3,7,hình sự,
773,,1,194,hình sự,
773,p,1,46,hình sự,
774,,,30,,thi hành án dân sự
774,,,2,,thi hành án dân sự
774,,,99,tố tụng hình sự,
774,,,76,tố tụng hình sự,
774,,,41,hình sự,
774,,1,249,hình sự,
774,,1,194,hình sự,
774,p,1,46,hình sự,
776,,,9,,thi hành án dân sự
776,,,30,,thi hành án dân sự
776,,,7,,thi hành án dân sự
776,,,6,,thi hành án dân sự
776,,,2,,thi hành án dân sự
776,,,99,tố tụng hình sự,
776,,,41,hình sự,
776,,1,249,hình sự,
776,,1,194,hình sự,
776,,2,76,tố tụng hình sự,
776,c,1,249,hình sự,
776,a,1,249,hình sự,
776,,2,46,hình sự,
776,p,1,46,hình sự,
777,,,76,tố tụng hình sự,
777,,,99,tố tụng hình sự,
777,,,33,hình sự,
777,,1,194,hình sự,
777,,1,249,hình sự,
777,p,1,46,hình sự,
778,,,99,tố tụng hình sự,
778,,,76,tố tụng hình sự,
778,,,41,hình sự,
778,,,33,hình sự,
778,,1,249,hình sự,
778,c,1,249,hình sự,
778,,3,7,hình sự,
778,p,1,46,hình sự,
779,,,30,,thi hành án dân sự
779,,,9,,thi hành án dân sự
779,,,6,,thi hành án dân sự
779,,,7,,thi hành án dân sự
779,,,26,,thi hành án dân sự
779,,,194,hình sự,
779,,,99,tố tụng hình sự,
779,,,76,tố tụng hình sự,
779,,,41,hình sự,
779,,3,7,hình sự,
779,,1,249,hình sự,
779,,1,194,hình sự,
779,a,2,76,tố tụng hình sự,
779,,2,46,hình sự,
779,c,1,41,hình sự,
779,p,1,46,hình sự,
780,,,234,tố tụng hình sự,
780,,,231,tố tụng hình sự,
780,,,99,tố tụng hình sự,
780,,,41,hình sự,
780,,,48,hình sự,
780,,,33,hình sự,
780,,5,194,hình sự,
780,,3,7,hình sự,
780,,2,249,hình sự,
780,đ,2,76,tố tụng hình sự,
780,,1,41,hình sự,
780,a,2,76,tố tụng hình sự,
780,b,2,194,hình sự,
780,m,2,194,hình sự,
780,p,1,46,hình sự,
781,,1,99,tố tụng hình sự,
781,,2,76,tố tụng hình sự,
781,,5,249,hình sự,
781,,5,194,hình sự,
781,,1,249,hình sự,
781,p,1,46,hình sự,
781,,1,194,hình sự,
782,,,234,tố tụng hình sự,
782,,,231,tố tụng hình sự,
782,,,99,tố tụng hình sự,
782,,,33,hình sự,
782,,1,249,hình sự,
782,,3,7,hình sự,
782,,1,194,hình sự,
782,o,2,194,hình sự,
782,đ,2,76,tố tụng hình sự,
782,a,2,76,tố tụng hình sự,
782,c,1,41,hình sự,
782,g,1,48,hình sự,
782,b,1,41,hình sự,
782,p,1,46,hình sự,
783,,,99,tố tụng hình sự,
783,,,33,hình sự,
783,,,194,hình sự,
783,,1,48,hình sự,
783,,1,194,hình sự,
783,b,1,41,hình sự,
783,đ,2,76,tố tụng hình sự,
783,c,2,76,tố tụng hình sự,
783,a,2,76,tố tụng hình sự,
783,,2,46,hình sự,
783,p,1,46,hình sự,
784,,,241,tố tụng hình sự,141/2017/HSST
784,,,99,tố tụng hình sự,141/2017/HSST
784,,3,7,hình sự,141/2017/HSST
784,,2,46,hình sự,141/2017/HSST
784,,1,194,hình sự,141/2017/HSST
784,a,2,248,tố tụng hình sự,141/2017/HSST
784,c,1,249,hình sự,141/2017/HSST
784,p,1,46,hình sự,141/2017/HSST
785,,,99,tố tụng hình sự,
785,,,41,hình sự,
785,,,76,tố tụng hình sự,
785,,1,249,hình sự,
785,,3,7,hình sự,
785,,1,194,hình sự,
785,p,1,46,hình sự,
786,,,41,hình sự,
786,,,50,hình sự,
786,,,33,hình sự,
786,,,194,hình sự,
786,,,52,hình sự,
786,,,18,hình sự,
786,,2,76,tố tụng hình sự,
786,,5,194,hình sự,
786,,1,249,hình sự,
786,,3,7,hình sự,
786,,5,60,hình sự,
786,,2,51,hình sự,
786,,1,194,hình sự,
786,g,1,48,hình sự,
786,o,1,46,hình sự,
786,p,1,46,hình sự,
787,,,48,hình sự,
787,,,41,hình sự,
787,,,33,hình sự,
787,,5,194,hình sự,
787,,1,76,tố tụng hình sự,
787,,2,76,tố tụng hình sự,
787,,1,249,hình sự,
787,,3,7,hình sự,
787,,1,194,hình sự,
787,p,1,46,hình sự,
788,,,30,,thi hành án dân sự
788,,,9,,thi hành án dân sự
788,,,7b,,thi hành án dân sự
788,,,7a,,thi hành án dân sự
788,,,7,,thi hành án dân sự
788,,,6,,thi hành án dân sự
788,,,99,tố tụng hình sự,
788,,,2,,thi hành án dân sự
788,,2,76,tố tụng hình sự,
788,,1,41,hình sự,
788,g,2,249,hình sự,
788,,3,7,hình sự,
788,h,2,194,hình sự,
788,p,1,46,hình sự,
789,,,30,,thi hành án dân sự
789,,,2,,thi hành án dân sự
789,,,99,tố tụng hình sự,
789,,,76,tố tụng hình sự,
789,,,41,hình sự,
789,g,1,48,hình sự,
789,,1,194,hình sự,
789,p,1,46,hình sự,
790,,,50,hình sự,
790,,,194,hình sự,
790,,,48,hình sự,
790,,,41,hình sự,
790,,,33,hình sự,
790,,2,76,tố tụng hình sự,
790,,1,76,tố tụng hình sự,
790,,2,46,hình sự,
790,,1,249,hình sự,
790,,3,7,hình sự,
790,,5,194,hình sự,
790,,1,194,hình sự,
790,p,1,46,hình sự,
791,,,76,tố tụng hình sự,
791,,,99,tố tụng hình sự,
791,,,41,hình sự,
791,,3,7,hình sự,
791,,1,249,hình sự,
791,,1,194,hình sự,
791,p,1,46,hình sự,
792,,,228,tố tụng hình sự,
792,,,231,tố tụng hình sự,
792,,,234,tố tụng hình sự,
792,,,99,tố tụng hình sự,
792,,,76,tố tụng hình sự,
792,,,41,hình sự,
792,,,33,hình sự,
792,,5,194,hình sự,
792,,1,249,hình sự,
792,,3,7,hình sự,
792,,1,194,hình sự,
792,p,1,46,hình sự,
793,,,33,hình sự,
793,,1,99,tố tụng hình sự,
793,,1,41,hình sự,
793,,1,249,hình sự,
793,,3,7,hình sự,
793,,1,194,hình sự,
793,a,2,76,tố tụng hình sự,
793,p,1,46,hình sự,
794,,1,99,tố tụng hình sự,
794,,,33,hình sự,
794,,1,41,hình sự,
794,,1,249,hình sự,
794,,3,7,hình sự,
794,đ,2,76,tố tụng hình sự,
794,,1,194,hình sự,
794,a,2,76,tố tụng hình sự,
794,c,1,41,hình sự,
794,p,1,46,hình sự,
795,,3,7,hình sự,
795,,1,249,hình sự,
795,đ,2,76,tố tụng hình sự,
795,,1,194,hình sự,
795,a,2,76,tố tụng hình sự,
795,c,1,41,hình sự,
795,c,1,249,hình sự,
795,p,1,46,hình sự,
796,,,99,tố tụng hình sự,
796,,,41,hình sự,
796,,,76,tố tụng hình sự,
796,,3,7,hình sự,
796,,5,194,hình sự,
796,,1,194,hình sự,
796,a,2,76,tố tụng hình sự,
796,c,1,41,hình sự,
796,c,1,249,hình sự,
796,x,1,51,hình sự,
796,p,1,46,hình sự,
797,,,194,hình sự,35/2017/HSST
797,,,46,hình sự,35/2017/HSST
797,,,249,hình sự,35/2017/HSST
797,,,33,hình sự,35/2017/HSST
797,,3,7,hình sự,35/2017/HSST
797,,1,249,hình sự,35/2017/HSST
797,,1,194,hình sự,35/2017/HSST
797,p,1,46,hình sự,35/2017/HSST
797,a,2,248,tố tụng hình sự,35/2017/HSST
798,,,9,,thi hành án dân sự
798,,,30,,thi hành án dân sự
798,,,7,,thi hành án dân sự
798,,,6,,thi hành án dân sự
798,,,2,,thi hành án dân sự
798,,,99,tố tụng hình sự,
798,,,45,hình sự,
798,,,46,hình sự,
798,,,42,hình sự,
798,,,76,tố tụng hình sự,
798,,,33,hình sự,
798,,,41,hình sự,
798,,3,30,hình sự,
798,,5,194,hình sự,
798,,2,30,hình sự,
798,,1,249,hình sự,
798,,2,46,hình sự,
798,,3,7,hình sự,
798,c,1,249,hình sự,
798,p,1,46,hình sự,
799,,,99,tố tụng hình sự,
799,,,76,tố tụng hình sự,
799,,,41,hình sự,
799,,,33,hình sự,
799,,2,76,tố tụng hình sự,
799,,3,7,hình sự,
799,,2,46,hình sự,
799,c,1,249,hình sự,
799,p,1,46,hình sự,
800,,,234,tố tụng hình sự,
800,,,231,tố tụng hình sự,
800,,,99,tố tụng hình sự,
800,,,33,hình sự,
800,,,76,tố tụng hình sự,
800,,1,249,hình sự,
800,,3,7,hình sự,
800,,1,194,hình sự,
800,p,1,46,hình sự,
801,,,99,tố tụng hình sự,31/2016/HSST
801,,,234,tố tụng hình sự,31/2016/HSST
801,,,60,hình sự,31/2016/HSST
801,,,231,tố tụng hình sự,31/2016/HSST
801,,1,249,hình sự,31/2016/HSST
801,,3,7,hình sự,31/2016/HSST
801,q,1,46,hình sự,31/2016/HSST
801,,1,194,hình sự,31/2016/HSST
801,b,2,248,tố tụng hình sự,31/2016/HSST
801,c,1,249,hình sự,31/2016/HSST
801,p,1,46,hình sự,31/2016/HSST
802,,,245,tố tụng hình sự,18/2017/HSST
802,,,194,hình sự,18/2017/HSST
802,,,25,hình sự,18/2017/HSST
802,,1,194,hình sự,18/2017/HSST
802,,2,227,tố tụng hình sự,18/2017/HSST
802,a,2,248,tố tụng hình sự,18/2017/HSST
803,,,99,tố tụng hình sự,
803,,2,249,hình sự,
803,c,1,41,hình sự,
803,,3,7,hình sự,
803,o,2,249,hình sự,
803,g,2,249,hình sự,
803,a,2,76,tố tụng hình sự,
803,,2,46,hình sự,
803,p,1,46,hình sự,
803,h,2,194,hình sự,
803,p,2,194,hình sự,
805,,,228,,dân sự
805,,,41,hình sự,
805,,,33,hình sự,
805,,1,249,hình sự,
805,,5,194,hình sự,
805,,1,194,hình sự,
805,p,1,46,hình sự,
805,,2,46,hình sự,
806,,,99,tố tụng hình sự,
806,,,41,hình sự,
806,,,76,tố tụng hình sự,
806,,1,194,hình sự,
806,p,1,46,hình sự,
807,,,99,tố tụng hình sự,
807,,,45,hình sự,
807,,,50,hình sự,
807,,,33,hình sự,
807,,1,249,hình sự,
807,,3,7,hình sự,
807,,1,194,hình sự,
807,,1,140,hình sự,
807,b,2,76,tố tụng hình sự,
807,a,1,41,hình sự,
807,a,2,76,tố tụng hình sự,
807,b,1,46,hình sự,
807,,2,46,hình sự,
807,o,1,46,hình sự,
807,c,1,249,hình sự,
807,p,1,46,hình sự,
808,,,192,tố tụng hình sự,
808,,,194,hình sự,
808,,2,99,tố tụng hình sự,
808,,1,99,tố tụng hình sự,
808,,3,7,hình sự,
808,,1,194,hình sự,
808,đ,2,76,tố tụng hình sự,
808,a,2,76,tố tụng hình sự,
808,a,1,47,hình sự,
808,i,1,249,hình sự,
808,s,1,51,hình sự,
808,p,1,46,hình sự,
809,,,136,hình sự,421/2017/HSST
809,,,53,hình sự,421/2017/HSST
809,,3,7,hình sự,421/2017/HSST
809,,1,194,hình sự,421/2017/HSST
809,a,2,248,tố tụng hình sự,421/2017/HSST
809,c,1,249,hình sự,421/2017/HSST
809,,2,46,hình sự,421/2017/HSST
809,p,1,46,hình sự,421/2017/HSST
810,,,99,tố tụng hình sự,
810,,,76,tố tụng hình sự,
810,,,41,hình sự,
810,,5,249,hình sự,
810,,3,7,hình sự,
810,c,1,249,hình sự,
810,,1,194,hình sự,
810,p,1,46,hình sự,
811,,,41,hình sự,
811,,,76,tố tụng hình sự,
811,,,99,tố tụng hình sự,
811,,1,194,hình sự,
811,p,1,46,hình sự,
812,,,99,tố tụng hình sự,
812,,,249,hình sự,
812,,1,249,hình sự,
812,,1,99,tố tụng hình sự,
812,,3,7,hình sự,
812,,1,194,hình sự,
812,đ,2,76,tố tụng hình sự,
812,a,2,76,tố tụng hình sự,
812,p,1,46,hình sự,
813,,,30,,thi hành án dân sự
813,,,9,,thi hành án dân sự
813,,,6,,thi hành án dân sự
813,,,7,,thi hành án dân sự
813,,,2,,thi hành án dân sự
813,,,33,hình sự,
813,,,99,tố tụng hình sự,
813,,1,194,hình sự,
813,,3,7,hình sự,
813,a,2,76,tố tụng hình sự,
813,c,1,249,hình sự,
813,p,1,46,hình sự,
814,,,9,,thi hành án dân sự
814,,,30,,thi hành án dân sự
814,,,7,,thi hành án dân sự
814,,,2,,thi hành án dân sự
814,,,6,,thi hành án dân sự
814,,,33,hình sự,
814,,3,7,hình sự,
814,,,99,tố tụng hình sự,
814,a,2,76,tố tụng hình sự,
814,,1,194,hình sự,
814,c,1,249,hình sự,
814,p,1,46,hình sự,
815,,,30,,thi hành án dân sự
815,,,7,,thi hành án dân sự
815,,,9,,thi hành án dân sự
815,,,234,tố tụng hình sự,
815,,,2,,thi hành án dân sự
815,,,231,tố tụng hình sự,
815,,,76,tố tụng hình sự,
815,,,33,hình sự,
815,,2,99,tố tụng hình sự,
815,,1,249,hình sự,
815,,1,99,tố tụng hình sự,
815,,1,194,hình sự,
815,,3,7,hình sự,
815,c,1,41,hình sự,
815,p,1,46,hình sự,
816,,,76,tố tụng hình sự,
816,,,45,hình sự,
816,,,41,hình sự,
816,,2,99,tố tụng hình sự,
816,,,33,hình sự,
816,,5,194,hình sự,
816,,1,194,hình sự,
816,p,1,46,hình sự,
816,c,1,249,hình sự,
817,,,99,tố tụng hình sự,
817,,,76,tố tụng hình sự,
817,,1,41,hình sự,
817,,3,7,hình sự,
817,,1,194,hình sự,
817,p,1,46,hình sự,
817,c,1,249,hình sự,
818,,,30,,thi hành án dân sự
818,,,9,,thi hành án dân sự
818,,,7,,thi hành án dân sự
818,,,6,,thi hành án dân sự
818,,,99,tố tụng hình sự,
818,,,2,,thi hành án dân sự
818,,,41,hình sự,
818,,,33,hình sự,
818,,,194,hình sự,
818,,2,76,tố tụng hình sự,
818,,3,7,hình sự,
818,,1,249,hình sự,
818,a,2,76,tố tụng hình sự,
818,,1,194,hình sự,
818,c,1,249,hình sự,
818,b,2,64,hình sự,
818,b,2,70,hình sự,
818,p,1,46,hình sự,
819,,,30,,thi hành án dân sự
819,,,7,,thi hành án dân sự
819,,,9,,thi hành án dân sự
819,,,2,,thi hành án dân sự
819,,,6,,thi hành án dân sự
819,,,99,tố tụng hình sự,
819,,,41,hình sự,
819,,,33,hình sự,
819,,2,76,tố tụng hình sự,
819,,3,7,hình sự,
819,,1,249,hình sự,
819,,1,194,hình sự,
819,c,1,249,hình sự,
819,a,2,76,tố tụng hình sự,
819,p,1,46,hình sự,
820,,1,99,tố tụng hình sự,
820,,5,194,hình sự,
820,,3,7,hình sự,
820,,1,249,hình sự,
820,,1,194,hình sự,
820,a,1,41,hình sự,
820,a,2,76,tố tụng hình sự,
820,g,1,48,hình sự,
820,c,1,249,hình sự,
820,p,1,46,hình sự,
821,,,194,hình sự,
821,,,249,hình sự,
821,,5,194,hình sự,
821,,1,99,tố tụng hình sự,
821,,3,7,hình sự,
821,,1,249,hình sự,
821,,1,194,hình sự,
821,a,2,76,tố tụng hình sự,
821,c,1,249,hình sự,
821,p,1,46,hình sự,
822,,,99,tố tụng hình sự,
822,,,76,tố tụng hình sự,
822,,,41,hình sự,
822,,1,249,hình sự,
822,,1,194,hình sự,
822,,3,7,hình sự,
822,p,1,46,hình sự,
823,,,99,tố tụng hình sự,
823,,,33,hình sự,
823,,3,7,hình sự,
823,,1,249,hình sự,
823,,1,194,hình sự,
823,c,1,41,hình sự,
823,đ,2,76,tố tụng hình sự,
823,a,2,76,tố tụng hình sự,
823,c,1,249,hình sự,
823,p,1,46,hình sự,
824,,,99,tố tụng hình sự,
824,,,76,tố tụng hình sự,
824,,5,249,hình sự,
824,,1,249,hình sự,
824,,3,7,hình sự,
824,,1,194,hình sự,
824,,2,76,tố tụng hình sự,
824,,1,76,tố tụng hình sự,
824,a,1,41,hình sự,
824,c,1,249,hình sự,
824,p,1,46,hình sự,
825,,,99,tố tụng hình sự,
825,,,76,tố tụng hình sự,
825,,5,249,hình sự,
825,,2,249,hình sự,
825,,3,7,hình sự,
825,h,2,194,hình sự,
825,a,1,41,hình sự,
825,g,2,249,hình sự,
825,p,1,46,hình sự,
826,,,99,tố tụng hình sự,
826,,,76,tố tụng hình sự,
826,,,41,hình sự,
826,,,249,hình sự,
826,,,194,hình sự,
826,,1,386,hình sự,
826,,,33,hình sự,
826,,1,249,hình sự,
826,,3,7,hình sự,
826,,1,194,hình sự,
826,g,1,48,hình sự,
826,c,1,249,hình sự,
826,p,1,46,hình sự,
827,,,99,tố tụng hình sự,
827,,,76,tố tụng hình sự,
827,,,41,hình sự,
827,,1,249,hình sự,
827,,1,194,hình sự,
827,,3,7,hình sự,
827,p,1,46,hình sự,
828,,,99,tố tụng hình sự,
828,,,76,tố tụng hình sự,
828,,,228,tố tụng hình sự,
828,,,41,hình sự,
828,,,33,hình sự,
828,,3,7,hình sự,
828,,2,194,hình sự,
828,p,2,194,hình sự,
828,o,2,249,hình sự,
828,p,1,46,hình sự,
829,,,99,tố tụng hình sự,
829,,,76,tố tụng hình sự,
829,,,228,tố tụng hình sự,
829,,,41,hình sự,
829,,3,7,hình sự,
829,,1,249,hình sự,
829,,1,194,hình sự,
829,p,1,46,hình sự,
829,c,1,249,hình sự,
830,,,20,hình sự,
830,,,99,tố tụng hình sự,
830,,,48,hình sự,
830,,,194,hình sự,
830,,,249,hình sự,
830,,,191,tố tụng hình sự,
830,,,76,tố tụng hình sự,
830,,,41,hình sự,
830,,,53,hình sự,
830,,2,46,hình sự,
830,,5,194,hình sự,
830,,3,7,hình sự,
830,b,2,76,tố tụng hình sự,
830,,1,194,hình sự,
830,a,2,76,tố tụng hình sự,
830,c,1,41,hình sự,
830,,2,41,hình sự,
830,p,1,46,hình sự,
830,c,1,249,hình sự,
832,,,30,,thi hành án dân sự
832,,,7,,thi hành án dân sự
832,,,9,,thi hành án dân sự
832,,,2,,thi hành án dân sự
832,,,234,tố tụng hình sự,
832,,,231,tố tụng hình sự,
832,,,76,tố tụng hình sự,
832,,,33,hình sự,
832,,2,99,tố tụng hình sự,
832,,1,99,tố tụng hình sự,
832,,1,249,hình sự,
832,,3,7,hình sự,
832,,1,194,hình sự,
832,c,1,41,hình sự,
832,p,1,46,hình sự,
833,,,234,tố tụng hình sự,
833,,,231,tố tụng hình sự,
833,,,76,tố tụng hình sự,
833,,,33,hình sự,
833,,,41,hình sự,
833,,,99,tố tụng hình sự,
833,,1,194,hình sự,
833,p,1,46,hình sự,
834,,,76,tố tụng hình sự,
834,,,99,tố tụng hình sự,
834,g,2,249,hình sự,
834,,,41,hình sự,
834,h,2,194,hình sự,
834,p,1,46,hình sự,
835,,,231,tố tụng hình sự,
835,,,234,tố tụng hình sự,
835,,,76,tố tụng hình sự,
835,,,99,tố tụng hình sự,
835,,,33,hình sự,
835,,,41,hình sự,
835,,1,194,hình sự,
835,p,1,46,hình sự,
837,,,99,tố tụng hình sự,
837,,,76,tố tụng hình sự,
837,,,41,hình sự,
837,,5,194,hình sự,
837,,2,46,hình sự,
837,,1,194,hình sự,
837,,3,7,hình sự,
837,b,2,70,hình sự,
837,g,1,249,hình sự,
837,p,1,46,hình sự,
838,,,234,tố tụng hình sự,
838,,,231,tố tụng hình sự,
838,,,76,tố tụng hình sự,
838,,,99,tố tụng hình sự,
838,,,33,hình sự,
838,,1,194,hình sự,
838,p,1,46,hình sự,
839,,,33,hình sự,
839,,3,7,hình sự,
839,,,99,tố tụng hình sự,
839,,1,194,hình sự,
839,,1,249,hình sự,
839,đ,2,76,tố tụng hình sự,
839,a,2,76,tố tụng hình sự,
839,c,1,41,hình sự,
839,c,1,249,hình sự,
839,p,1,46,hình sự,
840,,,99,tố tụng hình sự,
840,,,33,hình sự,
840,,3,7,hình sự,
840,,1,194,hình sự,
840,,1,249,hình sự,
840,a,2,76,tố tụng hình sự,
840,c,1,41,hình sự,
840,c,1,249,hình sự,
840,p,1,46,hình sự,
841,,,99,tố tụng hình sự,
841,,,76,tố tụng hình sự,
841,,,41,hình sự,
841,,,33,hình sự,
841,,,194,hình sự,
841,,2,194,hình sự,
841,p,2,194,hình sự,
841,b,2,49,hình sự,
841,p,1,46,hình sự,
842,,,76,tố tụng hình sự,
842,,,41,hình sự,
842,,,99,tố tụng hình sự,
842,,,33,hình sự,
842,,3,7,hình sự,
842,,1,194,hình sự,
842,,1,249,hình sự,
842,c,1,249,hình sự,
842,p,1,46,hình sự,
843,,,222,tố tụng hình sự,
843,,,199,tố tụng hình sự,
843,,,99,tố tụng hình sự,
843,,,76,tố tụng hình sự,
843,,,33,hình sự,
843,,,234,tố tụng hình sự,
843,,,231,tố tụng hình sự,
843,,5,194,hình sự,
843,,2,46,hình sự,
843,,1,194,hình sự,
843,p,1,46,hình sự,
844,,,222,tố tụng hình sự,
844,,,199,tố tụng hình sự,
844,,,76,tố tụng hình sự,
844,,,99,tố tụng hình sự,
844,,,33,hình sự,
844,,,231,tố tụng hình sự,
844,,,234,tố tụng hình sự,
844,,2,46,hình sự,
844,,1,194,hình sự,
844,,5,194,hình sự,
844,p,1,46,hình sự,
845,,,222,tố tụng hình sự,
845,,,199,tố tụng hình sự,
845,,,99,tố tụng hình sự,
845,,,76,tố tụng hình sự,
845,,,234,tố tụng hình sự,
845,,,33,hình sự,
845,,,231,tố tụng hình sự,
845,,1,194,hình sự,
845,,5,194,hình sự,
845,p,1,46,hình sự,
846,,,30,,thi hành án dân sự
846,,,9,,thi hành án dân sự
846,,,7,,thi hành án dân sự
846,,,2,,thi hành án dân sự
846,,,6,,thi hành án dân sự
846,,,76,tố tụng hình sự,
846,,,99,tố tụng hình sự,
846,,,41,hình sự,
846,,,194,hình sự,
846,,5,194,hình sự,
846,,2,249,hình sự,
846,,2,194,hình sự,
846,,3,7,hình sự,
846,p,2,194,hình sự,
846,p,1,46,hình sự,
847,,,33,hình sự,75/2017/HSST
847,,1,250,tố tụng hình sự,75/2017/HSST
847,,1,249,hình sự,75/2017/HSST
847,p,1,46,hình sự,75/2017/HSST
847,c,2,248,tố tụng hình sự,75/2017/HSST
848,,,48,hình sự,
848,,,99,tố tụng hình sự,
848,,,76,tố tụng hình sự,
848,,,41,hình sự,
848,,3,7,hình sự,
848,,5,194,hình sự,
848,,1,194,hình sự,
848,c,1,249,hình sự,
848,,2,46,hình sự,
848,p,1,46,hình sự,
849,,,30,,thi hành án dân sự
849,,,7a,,thi hành án dân sự
849,,,9,,thi hành án dân sự
849,,,7,,thi hành án dân sự
849,,,6,,thi hành án dân sự
849,,,2,,thi hành án dân sự
849,,,99,tố tụng hình sự,
849,,,76,tố tụng hình sự,
849,,,41,hình sự,
849,,3,7,hình sự,
849,,1,194,hình sự,
849,a,2,76,tố tụng hình sự,
849,c,1,41,hình sự,
849,c,1,249,hình sự,
849,,2,46,hình sự,
849,p,1,46,hình sự,
850,,,30,,thi hành án dân sự
850,,,9,,thi hành án dân sự
850,,,7a,,thi hành án dân sự
850,,,6,,thi hành án dân sự
850,,,7,,thi hành án dân sự
850,,,2,,thi hành án dân sự
850,,3,7,hình sự,
850,,1,194,hình sự,
850,a,2,76,tố tụng hình sự,
850,c,1,249,hình sự,
850,c,1,41,hình sự,
850,,2,46,hình sự,
850,p,1,46,hình sự,
851,,,76,tố tụng hình sự,
851,,,99,tố tụng hình sự,
851,,,41,hình sự,
851,,,33,hình sự,
851,,,234,tố tụng hình sự,
851,,,231,tố tụng hình sự,
851,,5,194,hình sự,
851,,1,194,hình sự,
851,,3,7,hình sự,
851,,2,46,hình sự,
851,,1,249,hình sự,
851,p,1,46,hình sự,
852,,,99,tố tụng hình sự,
852,,,41,hình sự,
852,,,76,tố tụng hình sự,
852,,,33,hình sự,
852,,,234,tố tụng hình sự,
852,,,67,hình sự,
852,,,231,tố tụng hình sự,
852,,5,194,hình sự,
852,,1,49,hình sự,
852,,3,7,hình sự,
852,,1,194,hình sự,
852,g,1,48,hình sự,
852,,1,249,hình sự,
852,p,1,46,hình sự,
853,,,99,tố tụng hình sự,
853,,,234,tố tụng hình sự,
853,,,231,tố tụng hình sự,
853,,,42,hình sự,
853,,,76,tố tụng hình sự,
853,,,41,hình sự,
853,,5,194,hình sự,
853,,2,76,tố tụng hình sự,
853,,1,49,hình sự,
853,,1,194,hình sự,
853,c,1,249,hình sự,
853,g,1,48,hình sự,
853,p,1,46,hình sự,
854,,,30,,thi hành án dân sự
854,,,9,,thi hành án dân sự
854,,,7a,,thi hành án dân sự
854,,,6,,thi hành án dân sự
854,,,7,,thi hành án dân sự
854,,,2,,thi hành án dân sự
854,,1,194,hình sự,
854,đ,2,76,tố tụng hình sự,
854,a,2,76,tố tụng hình sự,
854,c,1,41,hình sự,
854,p,1,46,hình sự,
856,,,231,tố tụng hình sự,
856,,,234,tố tụng hình sự,
856,,,99,tố tụng hình sự,
856,,,76,tố tụng hình sự,
856,,,41,hình sự,
856,,,33,hình sự,
856,,5,194,hình sự,
856,,1,194,hình sự,
856,,2,46,hình sự,
856,p,1,46,hình sự,
857,,,234,tố tụng hình sự,
857,,,231,tố tụng hình sự,
857,,,99,tố tụng hình sự,
857,,,76,tố tụng hình sự,
857,,1,194,hình sự,
857,p,1,46,hình sự,
858,,1,194,hình sự,
858,,3,7,hình sự,
858,,5,194,hình sự,
858,,1,249,hình sự,
858,p,1,46,hình sự,
859,,,234,tố tụng hình sự,
859,,,231,tố tụng hình sự,
859,,,99,tố tụng hình sự,
859,,,249,hình sự,
859,,,41,hình sự,
859,,,33,hình sự,
859,,1,194,hình sự,
859,p,1,46,hình sự,
860,,,234,tố tụng hình sự,
860,,,231,tố tụng hình sự,
860,,,99,tố tụng hình sự,
860,,,249,hình sự,
860,,,41,hình sự,
860,g,1,48,hình sự,
860,,1,194,hình sự,
860,p,1,46,hình sự,
861,,,194,hình sự,66/2017/HSST
861,,,249,hình sự,66/2017/HSST
861,,,33,hình sự,66/2017/HSST
861,,3,249,hình sự,66/2017/HSST
861,,3,7,hình sự,66/2017/HSST
861,,1,248,tố tụng hình sự,66/2017/HSST
861,,1,194,hình sự,66/2017/HSST
861,,1,249,hình sự,66/2017/HSST
861,b,2,248,tố tụng hình sự,66/2017/HSST
861,p,1,46,hình sự,66/2017/HSST
862,,,33,hình sự,71/2017/HSST
862,,,46,hình sự,71/2017/HSST
862,,,249,hình sự,71/2017/HSST
862,,,194,hình sự,71/2017/HSST
862,,3,249,hình sự,71/2017/HSST
862,,1,248,tố tụng hình sự,71/2017/HSST
862,,3,7,hình sự,71/2017/HSST
862,b,2,248,tố tụng hình sự,71/2017/HSST
862,m,2,194,hình sự,71/2017/HSST
862,l,2,249,hình sự,71/2017/HSST
862,p,1,46,hình sự,71/2017/HSST
863,,,33,hình sự,
863,,,234,tố tụng hình sự,
863,,,41,hình sự,
863,,,231,tố tụng hình sự,
863,,,99,tố tụng hình sự,
863,,,76,tố tụng hình sự,
863,,1,194,hình sự,
863,,3,7,hình sự,
863,g,1,48,hình sự,
863,p,1,46,hình sự,
864,,,30,,thi hành án dân sự
864,,,9,,thi hành án dân sự
864,,,7,,thi hành án dân sự
864,,,6,,thi hành án dân sự
864,,,2,,thi hành án dân sự
864,,,33,hình sự,
864,,,41,hình sự,
864,,3,7,hình sự,
864,,,76,tố tụng hình sự,
864,,1,194,hình sự,
864,c,1,249,hình sự,
864,p,1,46,hình sự,
865,,,30,,thi hành án dân sự
865,,,9,,thi hành án dân sự
865,,,6,,thi hành án dân sự
865,,,7,,thi hành án dân sự
865,,,2,,thi hành án dân sự
865,,,41,hình sự,
865,,,76,tố tụng hình sự,
865,,1,194,hình sự,
865,,3,7,hình sự,
865,,1,249,hình sự,
865,p,1,46,hình sự,
866,,,42,hình sự,
866,,,192,tố tụng hình sự,
866,,,191,tố tụng hình sự,
866,,,33,hình sự,
866,,1,41,hình sự,
866,,5,249,hình sự,
866,,3,7,hình sự,
866,,2,46,hình sự,
866,,1,194,hình sự,
866,đ,2,76,tố tụng hình sự,
866,,1,249,hình sự,
866,a,2,76,tố tụng hình sự,
866,b,1,41,hình sự,
866,b,2,70,hình sự,
866,c,1,249,hình sự,
866,p,1,46,hình sự,
867,,,99,tố tụng hình sự,
867,,,41,hình sự,
867,,3,7,hình sự,
867,,,76,tố tụng hình sự,
867,,1,194,hình sự,
867,c,1,249,hình sự,
867,,1,249,hình sự,
867,p,1,46,hình sự,
868,,,99,tố tụng hình sự,
868,,,41,hình sự,
868,,,76,tố tụng hình sự,
868,,3,7,hình sự,
868,,1,249,hình sự,
868,,1,194,hình sự,
868,p,1,46,hình sự,
869,,,99,tố tụng hình sự,
869,,,76,tố tụng hình sự,
869,,,41,hình sự,
869,,3,7,hình sự,
869,,2,194,hình sự,
869,n,2,249,hình sự,
869,p,2,194,hình sự,
869,p,1,46,hình sự,
870,,,99,tố tụng hình sự,
870,,,41,hình sự,
870,,,76,tố tụng hình sự,
870,,3,7,hình sự,
870,,1,249,hình sự,
870,,1,194,hình sự,
870,g,1,48,hình sự,
870,,2,46,hình sự,
870,p,1,46,hình sự,
871,,2,99,tố tụng hình sự,
871,,1,194,hình sự,
871,,1,249,hình sự,
871,,3,7,hình sự,
871,c,2,76,tố tụng hình sự,
871,b,2,76,tố tụng hình sự,
871,a,2,76,tố tụng hình sự,
871,,2,46,hình sự,
871,q,1,46,hình sự,
871,đ,2,76,tố tụng hình sự,
871,a,1,41,hình sự,
871,p,1,46,hình sự,
872,,,99,tố tụng hình sự,
872,,,194,hình sự,
872,,,228,tố tụng hình sự,
872,,,249,hình sự,
872,,,76,tố tụng hình sự,
872,,,48,hình sự,
872,,,41,hình sự,
872,,1,194,hình sự,
872,,3,7,hình sự,
872,,1,249,hình sự,
872,p,1,46,hình sự,
872,c,1,249,hình sự,
873,,,30,,thi hành án dân sự
873,,,9,,thi hành án dân sự
873,,,7,,thi hành án dân sự
873,,,6,,thi hành án dân sự
873,,,2,,thi hành án dân sự
873,,,234,tố tụng hình sự,
873,,,231,tố tụng hình sự,
873,,,99,tố tụng hình sự,
873,,,76,tố tụng hình sự,
873,,,228,tố tụng hình sự,
873,,,33,hình sự,
873,,,30,hình sự,
873,,5,194,hình sự,
873,,3,7,hình sự,
873,,2,46,hình sự,
873,,2,249,hình sự,
873,p,2,194,hình sự,
873,p,1,46,hình sự,
874,,,99,tố tụng hình sự,
874,,,48,hình sự,
874,,,41,hình sự,
874,,1,249,hình sự,
874,,,76,tố tụng hình sự,
874,,3,7,hình sự,
874,,2,46,hình sự,
874,,5,194,hình sự,
874,,1,194,hình sự,
874,c,1,249,hình sự,
874,p,1,46,hình sự,
875,,2,99,tố tụng hình sự,
875,,1,99,tố tụng hình sự,
875,,1,194,hình sự,
875,,3,7,hình sự,
875,c,1,41,hình sự,
875,a,1,41,hình sự,
875,đ,2,76,tố tụng hình sự,
875,a,2,76,tố tụng hình sự,
875,c,1,249,hình sự,
875,c,2,41,hình sự,
875,p,1,46,hình sự,
876,,,249,hình sự,
876,,,41,hình sự,
876,,,99,tố tụng hình sự,
876,,2,99,tố tụng hình sự,
876,,3,7,hình sự,
876,,1,99,tố tụng hình sự,
876,,1,194,hình sự,
876,a,2,76,tố tụng hình sự,
876,c,1,249,hình sự,
876,p,1,46,hình sự,
877,,2,99,tố tụng hình sự,
877,,4,30,hình sự,
877,,3,30,hình sự,
877,,2,30,hình sự,
877,,5,194,hình sự,
877,,3,7,hình sự,
877,,1,194,hình sự,
877,a,2,76,tố tụng hình sự,
877,đ,2,76,tố tụng hình sự,
877,c,1,41,hình sự,
877,c,1,249,hình sự,
877,a,1,41,hình sự,
877,q,1,46,hình sự,
877,p,1,46,hình sự,
878,,,76,tố tụng hình sự,
878,,,99,tố tụng hình sự,
878,,,41,hình sự,
878,,,20,hình sự,
878,,,53,hình sự,
878,,5,194,hình sự,
878,,2,46,hình sự,
878,,3,7,hình sự,
878,g,2,249,hình sự,
878,,1,194,hình sự,
878,h,2,194,hình sự,
878,p,1,46,hình sự,
879,,,99,tố tụng hình sự,
879,,,76,tố tụng hình sự,
879,,3,7,hình sự,
879,,,41,hình sự,
879,,1,249,hình sự,
879,,1,194,hình sự,
879,p,1,46,hình sự,
880,,,99,tố tụng hình sự,
880,,,228,tố tụng hình sự,
880,,,76,tố tụng hình sự,
880,,,41,hình sự,
880,,1,249,hình sự,
880,,,33,hình sự,
880,,3,7,hình sự,
880,,1,194,hình sự,
880,p,1,46,hình sự,
881,,,99,tố tụng hình sự,76/2017/HSST
881,,1,249,hình sự,76/2017/HSST
881,,3,7,hình sự,76/2017/HSST
881,,1,194,hình sự,76/2017/HSST
881,g,1,48,hình sự,76/2017/HSST
881,a,2,248,tố tụng hình sự,76/2017/HSST
881,,2,46,hình sự,76/2017/HSST
881,p,1,46,hình sự,76/2017/HSST
882,,,99,tố tụng hình sự,
882,,,249,hình sự,
882,,,41,hình sự,
882,,,76,tố tụng hình sự,
882,,,53,hình sự,
882,,3,7,hình sự,
882,,5,194,hình sự,
882,,1,194,hình sự,
882,g,1,48,hình sự,
882,g,2,249,hình sự,
882,h,2,194,hình sự,
882,p,1,46,hình sự,
883,,,234,tố tụng hình sự,
883,,,231,tố tụng hình sự,
883,,,30,,thi hành án dân sự
883,,,9,,thi hành án dân sự
883,,,7,,thi hành án dân sự
883,,,6,,thi hành án dân sự
883,,,2,,thi hành án dân sự
883,,,99,tố tụng hình sự,
883,,,76,tố tụng hình sự,
883,,,41,hình sự,
883,,3,7,hình sự,
883,,,60,hình sự,
883,,1,194,hình sự,
883,a,2,76,tố tụng hình sự,
883,,2,46,hình sự,
883,o,1,46,hình sự,
883,p,1,46,hình sự,
883,c,1,249,hình sự,
884,,,99,tố tụng hình sự,
884,,,33,hình sự,
884,,3,7,hình sự,
884,,2,99,tố tụng hình sự,
884,,2,194,hình sự,
884,,3,76,tố tụng hình sự,
884,a,2,76,tố tụng hình sự,
884,n,2,249,hình sự,
884,b,2,49,hình sự,
884,g,1,48,hình sự,
884,a,1,76,tố tụng hình sự,
884,p,2,194,hình sự,
884,c,1,41,hình sự,
884,p,1,46,hình sự,
885,,,234,tố tụng hình sự,
885,,,99,tố tụng hình sự,
885,,,231,tố tụng hình sự,
885,,,76,tố tụng hình sự,
885,,,33,hình sự,
885,,2,76,tố tụng hình sự,
885,,1,41,hình sự,
885,,1,249,hình sự,
885,,3,7,hình sự,
885,,1,194,hình sự,
885,g,1,48,hình sự,
885,a,1,41,hình sự,
885,p,1,46,hình sự,
886,,,33,hình sự,
886,,,99,tố tụng hình sự,
886,,1,249,hình sự,
886,,3,7,hình sự,
886,,1,194,hình sự,
886,đ,2,76,tố tụng hình sự,
886,c,1,41,hình sự,
886,a,2,76,tố tụng hình sự,
886,c,1,249,hình sự,
886,p,1,46,hình sự,
887,,,99,tố tụng hình sự,
887,,,33,hình sự,
887,,3,7,hình sự,
887,,1,249,hình sự,
887,,1,194,hình sự,
887,đ,2,76,tố tụng hình sự,
887,c,1,41,hình sự,
887,a,2,76,tố tụng hình sự,
887,c,1,249,hình sự,
887,,2,46,hình sự,
887,p,1,46,hình sự,
888,,,41,hình sự,
888,,,76,tố tụng hình sự,
888,,,99,tố tụng hình sự,
888,,,33,hình sự,
888,,1,249,hình sự,
888,,3,7,hình sự,
888,,1,194,hình sự,
888,p,1,46,hình sự,
889,,,76,tố tụng hình sự,
889,,,41,hình sự,
889,,5,194,hình sự,
889,,1,259,hình sự,
889,,1,249,hình sự,
889,,3,7,hình sự,
889,,1,194,hình sự,
889,h,1,52,hình sự,
889,p,1,46,hình sự,
890,,,99,tố tụng hình sự,
890,,,33,hình sự,
890,,1,194,hình sự,
890,,1,249,hình sự,
890,,3,7,hình sự,
890,đ,2,76,tố tụng hình sự,
890,a,2,76,tố tụng hình sự,
890,c,1,41,hình sự,
890,p,1,46,hình sự,
890,c,1,249,hình sự,
891,,,99,tố tụng hình sự,
891,,,6,thi hành hình sự,
891,a,2,76,tố tụng hình sự,
891,c,1,41,hình sự,
891,c,1,249,hình sự,
891,,3,7,hình sự,
891,,1,194,hình sự,
891,,1,249,hình sự,
891,p,2,46,hình sự,
891,,,33,hình sự,
891,p,1,46,hình sự,
892,,2,76,tố tụng hình sự,
892,,,41,hình sự,
892,,,51,hình sự,
892,,1,46,hình sự,
892,p,1,46,hình sự,
892,c,1,249,hình sự,
892,,1,194,hình sự,
892,,1,249,hình sự,
893,p,1,46,hình sự,49/2017/HSST
893,i,1,249,hình sự,49/2017/HSST
893,a,2,248,tố tụng hình sự,49/2017/HSST
893,,,46,hình sự,49/2017/HSST
893,,1,194,hình sự,49/2017/HSST
893,,1,249,hình sự,49/2017/HSST
893,,3,7,hình sự,49/2017/HSST
893,,,194,hình sự,49/2017/HSST
893,,,249,hình sự,49/2017/HSST
894,,,33,hình sự,125/2017/HSST
894,p,1,46,hình sự,125/2017/HSST
894,x,1,51,hình sự,125/2017/HSST
894,c,1,249,hình sự,125/2017/HSST
894,a,2,248,tố tụng hình sự,125/2017/HSST
894,,,46,hình sự,125/2017/HSST
895,,,136,tố tụng hình sự,
895,,,333,tố tụng hình sự,
895,,,331,tố tụng hình sự,
895,,,327,tố tụng hình sự,
895,,,106,tố tụng hình sự,
895,,,326,tố tụng hình sự,
895,,,48,hình sự,
895,,,38,hình sự,
895,,,47,hình sự,
895,s,1,51,hình sự,
895,c,1,249,hình sự,
895,,,293,tố tụng hình sự,
896,,,234,tố tụng hình sự,
896,,,231,tố tụng hình sự,
896,p,1,46,hình sự,
896,,,99,tố tụng hình sự,
896,,1,194,hình sự,
896,c,1,41,hình sự,
896,,,222,tố tụng hình sự,
896,c,1,249,hình sự,
896,,,199,tố tụng hình sự,
896,,,76,tố tụng hình sự,
896,,,41,hình sự,
896,a,2,76,tố tụng hình sự,
896,,3,7,hình sự,
897,,,194,hình sự,
897,,,249,hình sự,
897,,,228,tố tụng hình sự,
897,,3,7,hình sự,
897,,,99,tố tụng hình sự,
897,,,41,hình sự,
897,,,76,tố tụng hình sự,
897,,1,249,hình sự,
897,g,1,48,hình sự,
897,p,1,46,hình sự,
897,,1,194,hình sự,
898,a,2,76,tố tụng hình sự,
898,,2,99,tố tụng hình sự,
898,c,1,41,hình sự,
898,,1,249,hình sự,
898,,3,7,hình sự,
898,,5,194,hình sự,
898,,1,194,hình sự,
898,p,1,46,hình sự,
898,,,194,hình sự,
899,,,76,tố tụng hình sự,
899,,,99,tố tụng hình sự,
899,,,41,hình sự,
899,,,228,tố tụng hình sự,
899,,3,7,hình sự,
899,,,33,hình sự,
899,,5,194,hình sự,
899,,2,46,hình sự,
899,p,1,46,hình sự,
899,,1,194,hình sự,
899,c,1,249,hình sự,
900,,,9,,thi hành án dân sự
900,,,30,,thi hành án dân sự
900,,,7,,thi hành án dân sự
900,,,6,,thi hành án dân sự
900,,,2,,thi hành án dân sự
900,,,234,tố tụng hình sự,
900,,,231,tố tụng hình sự,
900,,,99,tố tụng hình sự,
900,,,76,tố tụng hình sự,
900,,,228,tố tụng hình sự,
900,,,33,hình sự,
900,,3,7,hình sự,
900,,1,194,hình sự,
900,,,37,tố tụng hình sự,
900,,,35,tố tụng hình sự,
900,,,12,tố tụng hình sự,
900,,,14,tố tụng hình sự,
900,,,6,tố tụng hình sự,
900,,,10,tố tụng hình sự,
900,,,3,tố tụng hình sự,
900,,5,194,hình sự,
900,,,194,hình sự,
900,,2,46,hình sự,
900,p,1,46,hình sự,
900,,1,249,hình sự,
901,,,99,tố tụng hình sự,
901,,2,76,tố tụng hình sự,
901,,1,41,hình sự,
901,,1,249,hình sự,
901,,3,7,hình sự,
901,,1,48,hình sự,
901,,2,46,hình sự,
901,,,249,hình sự,
901,,,194,hình sự,
901,g,1,48,hình sự,
901,p,2,46,hình sự,
901,p,1,46,hình sự,
901,,1,194,hình sự,
902,,,9,,thi hành án dân sự
902,,,30,,thi hành án dân sự
902,,,7a,,thi hành án dân sự
902,,,7,,thi hành án dân sự
902,,,6,,thi hành án dân sự
902,,,2,,thi hành án dân sự
902,,,99,tố tụng hình sự,
902,,,76,tố tụng hình sự,
902,,3,7,hình sự,
902,,,41,hình sự,
902,g,1,48,hình sự,
902,p,1,46,hình sự,
902,,1,194,hình sự,
902,,1,249,hình sự,
903,,,99,tố tụng hình sự,
903,,,76,tố tụng hình sự,
903,,,7a,,thi hành án dân sự
903,,,30,,thi hành án dân sự
903,,,9,,thi hành án dân sự
903,,,7,,thi hành án dân sự
903,,,6,,thi hành án dân sự
903,,,2,,thi hành án dân sự
903,,3,7,hình sự,
903,,1,249,hình sự,
903,,1,194,hình sự,
903,p,1,46,hình sự,
903,o,1,46,hình sự,
904,,,99,tố tụng hình sự,
904,,,76,tố tụng hình sự,
904,,3,7,hình sự,
904,,1,41,hình sự,
904,,1,194,hình sự,
904,p,1,46,hình sự,
904,c,1,249,hình sự,
905,i,,249,hình sự,
905,,,231,tố tụng hình sự,
905,,,234,tố tụng hình sự,
905,,3,228,tố tụng hình sự,
905,,1,228,tố tụng hình sự,
905,,,249,hình sự,
905,,,199,hình sự,
905,,2,41,hình sự,
905,,1,41,hình sự,
905,,5,194,hình sự,
905,,,33,hình sự,
905,,3,7,hình sự,
905,,1,194,hình sự,
905,p,1,46,hình sự,
905,i,1,249,hình sự,
905,g,1,48,hình sự,
905,a,2,76,tố tụng hình sự,
906,,,99,tố tụng hình sự,
906,,2,76,tố tụng hình sự,
906,,,41,hình sự,
906,,1,76,tố tụng hình sự,
906,,3,7,hình sự,
906,,1,249,hình sự,
906,,2,46,hình sự,
906,,1,194,hình sự,
906,p,1,46,hình sự,
907,,,99,tố tụng hình sự,
907,,,76,tố tụng hình sự,
907,,1,249,hình sự,
907,,1,194,hình sự,
907,p,1,46,hình sự,
908,,,30,,thi hành án dân sự
908,,,9,,thi hành án dân sự
908,,,7,,thi hành án dân sự
908,,,6,,thi hành án dân sự
908,,,2,,thi hành án dân sự
908,,,333,tố tụng hình sự,
908,,,331,tố tụng hình sự,
908,,,136,tố tụng hình sự,
908,,,135,tố tụng hình sự,
908,,1,47,hình sự,
908,,2,106,tố tụng hình sự,
908,,,38,hình sự,
908,,2,51,hình sự,
908,,5,249,hình sự,
908,,,293,tố tụng hình sự,
908,s,1,51,hình sự,
908,h,1,52,hình sự,
908,c,1,249,hình sự,
908,c,1,294,hình sự,
919,,2,56,hình sự,
919,,,136,tố tụng hình sự,
919,,1,53,hình sự,
919,,1,249,hình sự,
919,,,106,tố tụng hình sự,
919,,,56,hình sự,
919,,2,51,hình sự,
919,s,1,51,hình sự,
919,h,1,52,hình sự,
919,c,1,249,hình sự,
920,,2,56,hình sự,
920,,,136,tố tụng hình sự,
920,,1,53,hình sự,
920,,1,249,hình sự,
920,,,106,tố tụng hình sự,
920,,,56,hình sự,
920,,2,51,hình sự,
920,s,1,51,hình sự,
920,h,1,52,hình sự,
920,c,1,249,hình sự,
921,,,30,,thi hành án dân sự
921,,,9,,thi hành án dân sự
921,,,7,,thi hành án dân sự
921,,,2,,thi hành án dân sự
921,,,106,tố tụng hình sự,
921,,,47,hình sự,
921,,5,249,hình sự,
921,,,249,hình sự,
921,,1,194,hình sự,
921,o,2,249,hình sự,
921,s,1,51,hình sự,
921,g,2,249,hình sự,
921,e,2,138,hình sự,
922,,,30,,thi hành án dân sự
922,,,9,,thi hành án dân sự
922,,,7,,thi hành án dân sự
922,,,2,,thi hành án dân sự
922,,,76,tố tụng hình sự,
922,,,41,hình sự,
922,,1,51,hình sự,
922,,,249,hình sự,
922,,2,51,hình sự,
922,s,1,51,hình sự,
922,c,1,249,hình sự,
923,,,249,hình sự,
923,,,106,tố tụng hình sự,
923,,,47,hình sự,
923,,,30,,thi hành án dân sự
923,,,9,,thi hành án dân sự
923,,,7,,thi hành án dân sự
923,,5,249,hình sự,
923,,,2,,thi hành án dân sự
923,,2,51,hình sự,
923,s,1,51,hình sự,
923,n,2,249,hình sự,
924,,,249,hình sự,
924,,,106,tố tụng hình sự,
924,,,47,hình sự,
924,,,30,,thi hành án dân sự
924,,,9,,thi hành án dân sự
924,,,7,,thi hành án dân sự
924,,,2,,thi hành án dân sự
924,,5,249,hình sự,
924,s,1,51,hình sự,
924,c,1,249,hình sự,
925,,,249,hình sự,
925,,,106,tố tụng hình sự,
925,,,47,hình sự,
925,,2,51,hình sự,
925,s,1,51,hình sự,
925,c,1,249,hình sự,
926,,,106,tố tụng hình sự,
926,,,47,hình sự,
926,,,30,,thi hành án dân sự
926,,,9,,thi hành án dân sự
926,,,7,,thi hành án dân sự
926,,,2,,thi hành án dân sự
926,,2,51,hình sự,
926,s,1,51,hình sự,
926,c,1,249,hình sự,
927,,,38,hình sự,
927,,,30,,thi hành án dân sự
927,,,9,,thi hành án dân sự
927,,,6,,thi hành án dân sự
927,,,7,,thi hành án dân sự
927,,,2,,thi hành án dân sự
927,,2,136,tố tụng hình sự,
927,s,1,51,hình sự,
927,c,1,249,hình sự,
927,a,2,106,tố tụng hình sự,
928,,,38,hình sự,
928,,,30,,thi hành án dân sự
928,,,9,,thi hành án dân sự
928,,,7,,thi hành án dân sự
928,,,6,,thi hành án dân sự
928,,,2,,thi hành án dân sự
928,,2,136,tố tụng hình sự,
928,,2,51,hình sự,
928,s,1,51,hình sự,
928,c,1,249,hình sự,
928,a,3,106,tố tụng hình sự,
928,a,2,106,tố tụng hình sự,
929,,,38,hình sự,
929,,,30,,thi hành án dân sự
929,,,9,,thi hành án dân sự
929,,,7,,thi hành án dân sự
929,,,2,,thi hành án dân sự
929,,,6,,thi hành án dân sự
929,,2,136,tố tụng hình sự,
929,s,1,51,hình sự,
929,c,1,249,hình sự,
929,a,2,106,tố tụng hình sự,
930,,,106,tố tụng hình sự,
930,,,47,hình sự,
930,,,38,hình sự,
930,,2,135,tố tụng hình sự,
930,s,1,51,hình sự,
930,p,1,51,hình sự,
930,c,1,249,hình sự,
931,,,333,tố tụng hình sự,
931,,,136,tố tụng hình sự,
931,,,331,tố tụng hình sự,
931,,,135,tố tụng hình sự,
931,,,106,tố tụng hình sự,
931,,,101,hình sự,
931,,,91,hình sự,
931,,,47,hình sự,
931,,,38,hình sự,
931,,2,136,tố tụng hình sự,
931,,2,106,tố tụng hình sự,
931,s,1,51,hình sự,
931,c,1,249,hình sự,
932,,,333,tố tụng hình sự,
932,,,136,tố tụng hình sự,
932,,,135,tố tụng hình sự,
932,,,106,tố tụng hình sự,
932,,,30,,thi hành án dân sự
932,,,9,,thi hành án dân sự
932,,,7,,thi hành án dân sự
932,,,6,,thi hành án dân sự
932,,,2,,thi hành án dân sự
932,,1,249,hình sự,
932,s,1,51,hình sự,
933,,,333,tố tụng hình sự,
933,,,136,tố tụng hình sự,
933,,,135,tố tụng hình sự,
933,,,106,tố tụng hình sự,
933,,,30,,thi hành án dân sự
933,,,7,,thi hành án dân sự
933,,,9,,thi hành án dân sự
933,,,6,,thi hành án dân sự
933,,,2,,thi hành án dân sự
933,,5,249,hình sự,
933,,3,7,hình sự,
933,,1,249,hình sự,
933,s,1,51,hình sự,
933,,1,194,hình sự,
934,,,333,tố tụng hình sự,
934,,,136,tố tụng hình sự,
934,,,135,tố tụng hình sự,
934,,,30,,thi hành án dân sự
934,,,9,,thi hành án dân sự
934,,,7,,thi hành án dân sự
934,,,6,,thi hành án dân sự
934,,,2,,thi hành án dân sự
934,,5,249,hình sự,
934,,3,7,hình sự,
934,,1,249,hình sự,
934,,1,194,hình sự,
934,c,1,249,hình sự,
934,s,1,51,hình sự,
935,,,136,tố tụng hình sự,
935,,1,47,hình sự,
935,,1,17,hình sự,
935,,2,51,hình sự,
935,s,1,51,hình sự,
935,h,3,249,hình sự,
935,c,1,249,hình sự,
935,b,2,106,tố tụng hình sự,
935,b,3,249,hình sự,
935,a,2,106,tố tụng hình sự,
938,,,333,tố tụng hình sự,
938,,,331,tố tụng hình sự,
938,,,136,tố tụng hình sự,
938,,,106,tố tụng hình sự,
938,,,38,hình sự,
938,,1,249,hình sự,
938,,1,194,hình sự,
938,s,1,51,hình sự,
939,,,333,tố tụng hình sự,
939,,,331,tố tụng hình sự,
939,,,136,tố tụng hình sự,
939,,,106,tố tụng hình sự,
939,,,38,hình sự,
939,s,1,51,hình sự,
939,c,1,249,hình sự,
940,,,47,hình sự,
940,,5,249,hình sự,
940,,2,106,tố tụng hình sự,
940,s,1,51,hình sự,
940,c,1,249,hình sự,
941,,,357,tố tụng hình sự,
941,,2,355,tố tụng hình sự,
941,,2,249,hình sự,
941,,2,51,hình sự,
941,s,1,51,hình sự,
941,g,3,326,tố tụng hình sự,
941,c,1,249,hình sự,
941,e,2,260,tố tụng hình sự,
941,b,1,355,tố tụng hình sự,
942,,,136,tố tụng hình sự,
942,,,56,hình sự,
942,,,58,hình sự,
942,,,17,hình sự,
942,,5,249,hình sự,
942,,2,106,tố tụng hình sự,
942,,2,47,hình sự,
942,,1,249,hình sự,
942,,1,47,hình sự,
942,s,1,51,hình sự,
942,h,1,52,hình sự,
942,c,1,249,hình sự,
942,b,1,9,hình sự,
943,,,329,tố tụng hình sự,
943,,,106,tố tụng hình sự,
943,,,38,hình sự,
943,,1,249,hình sự,
943,s,1,51,hình sự,
944,,,329,tố tụng hình sự,
944,,,106,tố tụng hình sự,
944,,,47,hình sự,
944,,1,249,hình sự,
944,,,38,hình sự,
944,s,1,51,hình sự,
945,,,331,tố tụng hình sự,
945,,2,136,tố tụng hình sự,
945,,2,135,tố tụng hình sự,
945,,1,249,hình sự,
945,,1,194,hình sự,
945,,1,135,tố tụng hình sự,
945,,1,106,tố tụng hình sự,
945,,3,7,hình sự,
945,c,2,106,tố tụng hình sự,
945,c,1,51,hình sự,
945,c,1,47,hình sự,
945,a,2,106,tố tụng hình sự,
945,a,1,47,hình sự,
946,,,331,tố tụng hình sự,
946,,2,136,tố tụng hình sự,
946,,2,135,tố tụng hình sự,
946,,1,135,tố tụng hình sự,
946,,1,106,tố tụng hình sự,
946,,2,51,hình sự,
946,s,1,51,hình sự,
946,c,1,249,hình sự,
946,c,1,47,hình sự,
946,a,2,106,tố tụng hình sự,
947,,2,136,tố tụng hình sự,
947,,,331,tố tụng hình sự,
947,,2,135,tố tụng hình sự,
947,,1,135,tố tụng hình sự,
947,,1,106,tố tụng hình sự,
947,s,1,51,hình sự,
947,c,1,249,hình sự,
947,c,1,47,hình sự,
947,a,2,106,tố tụng hình sự,
948,,,331,tố tụng hình sự,
948,,1,106,tố tụng hình sự,
948,s,1,51,hình sự,
948,o,2,249,hình sự,
948,c,1,47,hình sự,
948,a,2,106,tố tụng hình sự,
949,,,329,tố tụng hình sự,
949,,,106,tố tụng hình sự,
949,,,47,hình sự,
949,,,38,hình sự,
949,,2,51,hình sự,
949,s,1,51,hình sự,
949,c,1,249,hình sự,
950,,,329,tố tụng hình sự,
950,,,249,hình sự,
950,,,106,tố tụng hình sự,
950,,,52,hình sự,
950,,,47,hình sự,
950,,,38,hình sự,
950,,5,249,hình sự,
950,,2,136,tố tụng hình sự,
950,s,1,51,hình sự,
950,g,2,249,hình sự,
951,,,136,tố tụng hình sự,
951,,,106,tố tụng hình sự,
951,,,47,hình sự,
951,,,329,tố tụng hình sự,
951,,,38,hình sự,
951,,2,136,tố tụng hình sự,
951,,5,249,hình sự,
951,,,249,hình sự,
951,s,1,51,hình sự,
951,g,2,249,hình sự,
951,,,52,hình sự,
951,,2,51,hình sự,
952,,,136,tố tụng hình sự,
952,,,106,tố tụng hình sự,
952,,,47,hình sự,
952,,,329,tố tụng hình sự,
952,,,38,hình sự,
952,,2,136,tố tụng hình sự,
952,,5,249,hình sự,
952,,,51,hình sự,
952,,,249,hình sự,
952,s,1,51,hình sự,
952,g,2,249,hình sự,
952,,,52,hình sự,
952,,2,51,hình sự,
953,,2,136,tố tụng hình sự,
953,c,1,47,hình sự,
953,,,329,tố tụng hình sự,
953,,,38,hình sự,
953,,,326,tố tụng hình sự,
953,,,299,tố tụng hình sự,
953,,,106,tố tụng hình sự,
953,,1,52,hình sự,
953,s,1,51,hình sự,
953,c,1,249,hình sự,
954,,2,136,tố tụng hình sự,
954,,,106,tố tụng hình sự,
954,,,329,tố tụng hình sự,
954,s,1,51,hình sự,
954,,,38,hình sự,
954,c,1,249,hình sự,
954,,,47,hình sự,
954,,5,249,hình sự,
954,,2,51,hình sự,
954,,,51,hình sự,
954,,,249,hình sự,
954,,,194,hình sự,
954,,1,249,hình sự,
954,,1,194,hình sự,
955,,,249,hình sự,
955,,2,136,tố tụng hình sự,
955,,2,51,hình sự,
955,s,1,51,hình sự,
955,i,1,249,hình sự,
955,c,1,47,hình sự,
955,a,2,106,tố tụng hình sự,
956,,,333,tố tụng hình sự,
956,,,331,tố tụng hình sự,
956,,,249,hình sự,
956,,,106,tố tụng hình sự,
956,,,47,hình sự,
956,,,38,hình sự,
956,,2,136,tố tụng hình sự,
956,s,1,51,hình sự,
956,h,1,52,hình sự,
956,c,1,249,hình sự,
957,,,333,tố tụng hình sự,
957,,,331,tố tụng hình sự,
957,,,106,tố tụng hình sự,
957,,,47,hình sự,
957,,,38,hình sự,
957,,2,136,tố tụng hình sự,
957,s,1,51,hình sự,
957,c,1,249,hình sự,
958,,,136,tố tụng hình sự,
958,,1,47,hình sự,
958,s,1,51,hình sự,
958,c,1,249,hình sự,
958,a,2,106,tố tụng hình sự,
959,,,136,tố tụng hình sự,
959,,,106,tố tụng hình sự,
959,,,47,hình sự,
959,,,38,hình sự,
959,,2,136,tố tụng hình sự,
959,s,1,51,hình sự,
959,h,1,52,hình sự,
959,c,2,106,tố tụng hình sự,
959,c,1,249,hình sự,
959,a,2,106,tố tụng hình sự,
960,,,292,tố tụng hình sự,
960,,,249,hình sự,
960,,,136,tố tụng hình sự,
960,,,106,tố tụng hình sự,
960,,,47,hình sự,
960,,,38,hình sự,
960,,2,136,tố tụng hình sự,
960,,2,106,tố tụng hình sự,
960,,2,51,hình sự,
960,s,1,51,hình sự,
960,c,1,249,hình sự,
961,,,136,tố tụng hình sự,
961,,,106,tố tụng hình sự,
961,,,47,hình sự,
961,,,38,hình sự,
961,,2,51,hình sự,
961,,1,249,hình sự,
961,s,1,51,hình sự,
961,c,1,249,hình sự,
962,,,234,tố tụng hình sự,
962,,,231,tố tụng hình sự,
962,,,106,tố tụng hình sự,
962,,,99,tố tụng hình sự,
962,,,47,hình sự,
962,,,46,hình sự,
962,,,38,hình sự,
962,s,1,51,hình sự,
962,,5,249,hình sự,
962,o,2,249,hình sự,
963,,,234,tố tụng hình sự,
963,,,231,tố tụng hình sự,
963,,,106,tố tụng hình sự,
963,,,99,tố tụng hình sự,
963,,,47,hình sự,
963,,,46,hình sự,
963,,,38,hình sự,
963,,5,249,hình sự,
963,s,1,51,hình sự,
963,g,1,249,hình sự,
964,,2,136,tố tụng hình sự,
964,,2,135,tố tụng hình sự,
964,,1,135,tố tụng hình sự,
964,s,1,51,hình sự,
964,c,1,249,hình sự,
965,,,51,hình sự,
965,,2,136,tố tụng hình sự,
965,,2,135,tố tụng hình sự,
965,,1,135,tố tụng hình sự,
965,s,1,51,hình sự,
965,h,1,52,hình sự,
965,c,1,249,hình sự,
966,,,101,hình sự,
966,,,91,hình sự,
966,,,38,hình sự,
966,,2,136,tố tụng hình sự,
966,,2,135,tố tụng hình sự,
966,,1,135,tố tụng hình sự,
966,,1,101,hình sự,
966,,2,51,hình sự,
966,s,1,51,hình sự,
966,h,2,51,hình sự,
966,h,1,51,hình sự,
966,c,1,249,hình sự,
967,,,251,hình sự,
967,,,249,hình sự,
967,,,106,tố tụng hình sự,
967,,,76,tố tụng hình sự,
967,,,54,hình sự,
967,,,47,hình sự,
967,,5,251,hình sự,
967,,5,249,hình sự,
967,,2,51,hình sự,
967,s,1,51,hình sự,
967,c,1,249,hình sự,
967,b,3,251,hình sự,
967,b,1,249,hình sự,
968,,,356,tố tụng hình sự,102/2018/HS-ST
968,,2,51,hình sự,102/2018/HS-ST
968,s,1,51,hình sự,102/2018/HS-ST
968,g,1,249,hình sự,102/2018/HS-ST
968,c,1,249,hình sự,102/2018/HS-ST
968,a,2,355,tố tụng hình sự,102/2018/HS-ST
968,a,1,355,tố tụng hình sự,102/2018/HS-ST
969,,,106,tố tụng hình sự,
969,,,47,hình sự,
969,,,46,hình sự,
969,,,38,hình sự,
969,,1,138,hình sự,
969,s,1,51,hình sự,
969,o,2,249,hình sự,
970,s,1,51,hình sự,
970,c,1,249,hình sự,
970,a,2,106,tố tụng hình sự,
971,c,1,249,hình sự,
971,s,1,51,hình sự,
971,a,3,106,tố tụng hình sự,
971,a,2,106,tố tụng hình sự,
972,,,329,tố tụng hình sự,
972,s,1,51,hình sự,
972,,,38,hình sự,
972,c,1,249,hình sự,
972,,1,251,hình sự,
972,,,136,tố tụng hình sự,
972,,,106,tố tụng hình sự,
972,,,326,,
972,,,47,hình sự,
972,,,299,,
972,,,51,hình sự,
972,,,251,hình sự,
972,,,249,hình sự,
973,s,1,51,hình sự,
973,c,1,249,hình sự,
973,a,3,106,tố tụng hình sự,
973,a,2,106,tố tụng hình sự,
974,,,136,tố tụng hình sự,
974,,5,249,hình sự,
974,s,1,51,hình sự,
974,,2,106,tố tụng hình sự,
974,c,1,249,hình sự,
974,a,2,106,tố tụng hình sự,
975,,,38,hình sự,
975,,1,52,hình sự,
975,s,1,51,hình sự,
975,c,1,249,hình sự,
976,,,252,hình sự,
976,,,251,hình sự,
976,,,250,hình sự,
976,,,249,hình sự,
976,,,106,tố tụng hình sự,
976,,,248,tố tụng hình sự,
976,,,52,hình sự,
976,,,47,hình sự,
976,,,38,hình sự,
976,,,30,,thi hành án dân sự
976,,,9,,thi hành án dân sự
976,,,7,,thi hành án dân sự
976,,,6,,thi hành án dân sự
976,,,2,,thi hành án dân sự
976,,5,249,hình sự,
976,,1,249,hình sự,
976,,1,51,hình sự,
976,s,1,51,hình sự,
976,c,1,249,hình sự,
977,,,30,,thi hành án dân sự
977,,,9,,thi hành án dân sự
977,,,7,,thi hành án dân sự
977,,,6,,thi hành án dân sự
977,,,2,,thi hành án dân sự
977,,2,136,tố tụng hình sự,
977,,,106,tố tụng hình sự,
977,,,47,hình sự,
977,,,38,hình sự,
977,s,1,51,hình sự,
977,c,1,249,hình sự,
977,,5,249,hình sự,
977,,1,249,hình sự,
977,,,52,hình sự,
977,,1,51,hình sự,
977,,,252,hình sự,
977,,,251,hình sự,
977,,,250,hình sự,
977,,,249,hình sự,
977,,,248,tố tụng hình sự,
978,,,333,tố tụng hình sự,
978,,,331,tố tụng hình sự,
978,,,136,tố tụng hình sự,
978,,,106,tố tụng hình sự,
978,,,47,hình sự,
978,,,38,hình sự,
978,,1,251,hình sự,
978,s,1,51,hình sự,
979,,2,136,tố tụng hình sự,
979,,,38,hình sự,
979,s,1,51,hình sự,
979,g,1,250,hình sự,
979,,2,51,hình sự,
979,,1,250,hình sự,
979,,2,106,tố tụng hình sự,
979,,1,47,hình sự,
980,,,106,tố tụng hình sự,
980,,,47,hình sự,
980,,3,106,tố tụng hình sự,
980,,2,136,tố tụng hình sự,
980,,2,106,tố tụng hình sự,
980,,1,47,hình sự,
980,s,1,51,hình sự,
980,h,1,52,hình sự,
980,c,1,249,hình sự,
981,,,38,hình sự,
981,,2,106,tố tụng hình sự,
981,,2,136,tố tụng hình sự,
981,,1,47,hình sự,
981,s,1,51,hình sự,
981,c,1,249,hình sự,
982,,,7a,,thi hành án dân sự
982,,,30,,thi hành án dân sự
982,,,9,,thi hành án dân sự
982,,,7,,thi hành án dân sự
982,,,6,,thi hành án dân sự
982,,,333,tố tụng hình sự,
982,,,2,,thi hành án dân sự
982,,,332,tố tụng hình sự,
982,,,331,tố tụng hình sự,
982,,,136,tố tụng hình sự,
982,,,106,tố tụng hình sự,
982,,,47,hình sự,
982,s,1,51,hình sự,
982,,,38,hình sự,
982,c,1,249,hình sự,
982,,5,249,hình sự,
982,,2,51,hình sự,
983,,,249,hình sự,
983,,,106,tố tụng hình sự,
983,,,48,hình sự,
983,,,47,hình sự,
983,,5,249,hình sự,
983,,2,136,tố tụng hình sự,
983,,2,135,tố tụng hình sự,
983,s,1,51,hình sự,
983,c,1,249,hình sự,
984,,,106,tố tụng hình sự,
984,,,46,hình sự,
984,,,47,hình sự,
984,,,38,hình sự,
984,,1,138,hình sự,
984,s,1,51,hình sự,
984,o,2,249,hình sự,
985,,,106,tố tụng hình sự,
985,,,47,hình sự,
985,,,46,hình sự,
985,,,38,hình sự,
985,,1,249,hình sự,
985,,1,194,hình sự,
985,s,1,51,hình sự,
985,c,1,249,hình sự,
987,,,333,tố tụng hình sự,
987,,,331,tố tụng hình sự,
987,,,30,,thi hành án dân sự
987,,,2,,thi hành án dân sự
987,,5,249,hình sự,
987,,2,106,tố tụng hình sự,
987,,1,52,hình sự,
987,s,1,51,hình sự,
987,c,1,249,hình sự,
988,,,7b,,thi hành án dân sự
988,,,7a,,thi hành án dân sự
988,,,30,,thi hành án dân sự
988,,,9,,thi hành án dân sự
988,,,7,,thi hành án dân sự
988,,,6,,thi hành án dân sự
988,,,2,,thi hành án dân sự
988,,2,136,tố tụng hình sự,
988,a,3,106,tố tụng hình sự,
988,,,47,hình sự,
988,,1,38,hình sự,
988,s,1,51,hình sự,
988,,1,52,hình sự,
988,,5,249,hình sự,
988,i,1,249,hình sự,
989,,,7b,,thi hành án dân sự
989,,,7a,,thi hành án dân sự
989,,,47,hình sự,
989,,,30,,thi hành án dân sự
989,,,9,,thi hành án dân sự
989,,,7,,thi hành án dân sự
989,,,6,,thi hành án dân sự
989,,,2,,thi hành án dân sự
989,,2,136,tố tụng hình sự,
989,,1,52,hình sự,
989,,1,38,hình sự,
989,s,1,51,hình sự,
989,c,1,249,hình sự,
989,a,3,106,tố tụng hình sự,
989,a,2,106,tố tụng hình sự,
990,,,7b,,thi hành án dân sự
990,,,7a,,thi hành án dân sự
990,,,30,,thi hành án dân sự
990,,,9,,thi hành án dân sự
990,,,7,,thi hành án dân sự
990,,,6,,thi hành án dân sự
990,,,2,,thi hành án dân sự
990,,2,136,tố tụng hình sự,
990,a,3,106,tố tụng hình sự,
990,c,2,106,tố tụng hình sự,
990,a,2,106,tố tụng hình sự,
990,,,47,hình sự,
990,,5,249,hình sự,
990,s,1,51,hình sự,
990,,1,52,hình sự,
990,c,1,249,hình sự,
990,,1,38,hình sự,
991,,,136,tố tụng hình sự,
991,,1,249,hình sự,
991,s,1,51,hình sự,
991,c,1,249,hình sự,
991,c,1,47,hình sự,
991,a,2,106,tố tụng hình sự,
991,a,1,47,hình sự,
992,,5,249,hình sự,
992,,3,106,tố tụng hình sự,
992,,2,51,hình sự,
992,s,1,51,hình sự,
992,c,1,249,hình sự,
992,c,1,47,hình sự,
993,,5,249,hình sự,
993,,3,7,hình sự,
993,,2,136,tố tụng hình sự,
993,,1,52,hình sự,
993,s,1,51,hình sự,
993,o,2,249,hình sự,
993,c,2,106,tố tụng hình sự,
993,a,2,106,tố tụng hình sự,
994,,,333,tố tụng hình sự,
994,,,331,tố tụng hình sự,
994,,,136,tố tụng hình sự,
994,,,106,tố tụng hình sự,
994,,,47,hình sự,
994,s,1,51,hình sự,
994,c,1,249,hình sự,
995,,,333,tố tụng hình sự,
995,,,331,tố tụng hình sự,
995,,,136,tố tụng hình sự,
995,,,106,tố tụng hình sự,
995,,,38,hình sự,
995,,5,249,hình sự,
995,,1,47,hình sự,
995,s,1,51,hình sự,
995,c,1,249,hình sự,
995,a,1,47,hình sự,
996,,,333,tố tụng hình sự,
996,,,331,tố tụng hình sự,
996,,,58,hình sự,
996,,,56,hình sự,
996,,,38,hình sự,
996,,,30,,thi hành án dân sự
996,,,9,,thi hành án dân sự
996,,,7b,,thi hành án dân sự
996,,,7a,,thi hành án dân sự
996,,,7,,thi hành án dân sự
996,,,6,,thi hành án dân sự
996,,,2,,thi hành án dân sự
996,,1,293,tố tụng hình sự,
996,,1,52,hình sự,
996,,1,47,hình sự,
996,s,1,51,hình sự,
996,c,1,249,hình sự,
996,a,3,106,tố tụng hình sự,
996,a,2,106,tố tụng hình sự,
997,,,333,tố tụng hình sự,
997,,,331,tố tụng hình sự,
997,,,38,hình sự,
997,,,30,,thi hành án dân sự
997,,,9,,thi hành án dân sự
997,,,7b,,thi hành án dân sự
997,,,7a,,thi hành án dân sự
997,,,7,,thi hành án dân sự
997,,,6,,thi hành án dân sự
997,,,2,,thi hành án dân sự
997,,2,136,tố tụng hình sự,
997,,1,293,tố tụng hình sự,
997,,1,52,hình sự,
997,,1,38,hình sự,
997,s,1,51,hình sự,
997,c,1,249,hình sự,
997,c,1,47,hình sự,
997,a,2,106,tố tụng hình sự,
998,,,7b,,thi hành án dân sự
998,,,7a,,thi hành án dân sự
998,,,30,,thi hành án dân sự
998,,,9,,thi hành án dân sự
998,,,7,,thi hành án dân sự
998,,,6,,thi hành án dân sự
998,,,2,,thi hành án dân sự
998,,,333,tố tụng hình sự,
998,,,331,tố tụng hình sự,
998,a,3,106,tố tụng hình sự,
998,a,2,106,tố tụng hình sự,
998,,1,47,hình sự,
998,,,38,hình sự,
998,s,1,51,hình sự,
998,c,1,249,hình sự,
998,,1,52,hình sự,
998,,1,249,hình sự,
998,,1,293,tố tụng hình sự,
999,,,333,tố tụng hình sự,
999,,,331,tố tụng hình sự,
999,,,136,tố tụng hình sự,
999,,,106,tố tụng hình sự,
999,,,38,hình sự,
999,,5,249,hình sự,
999,,2,51,hình sự,
999,,1,249,hình sự,
999,,1,47,hình sự,
999,s,1,51,hình sự,
999,c,1,249,hình sự,
999,a,1,47,hình sự,
1000,,,333,tố tụng hình sự,
1000,,,331,tố tụng hình sự,
1000,,,136,tố tụng hình sự,
1000,,,106,tố tụng hình sự,
1000,,,38,hình sự,
1000,,5,249,hình sự,
1000,,1,47,hình sự,
1000,s,1,51,hình sự,
1000,c,1,249,hình sự,
1000,a,1,47,hình sự,
1001,,,333,tố tụng hình sự,
1001,,,136,tố tụng hình sự,
1001,,,331,tố tụng hình sự,
1001,,,106,tố tụng hình sự,
1001,,,38,hình sự,
1001,,5,249,hình sự,
1001,,2,51,hình sự,
1001,,1,249,hình sự,
1001,,1,47,hình sự,
1001,s,1,51,hình sự,
1001,c,1,249,hình sự,
1001,a,1,47,hình sự,
1002,,,333,tố tụng hình sự,
1002,,,331,tố tụng hình sự,
1002,,,136,tố tụng hình sự,
1002,,,106,tố tụng hình sự,
1002,,,38,hình sự,
1002,,5,249,hình sự,
1002,s,1,51,hình sự,
1002,b,2,249,hình sự,
1002,a,1,47,hình sự,
1003,,,333,tố tụng hình sự,
1003,,,331,tố tụng hình sự,
1003,,,136,tố tụng hình sự,
1003,,,106,tố tụng hình sự,
1003,,,38,hình sự,
1003,,1,249,hình sự,
1003,,5,249,hình sự,
1003,,1,47,hình sự,
1003,s,1,51,hình sự,
1003,c,1,249,hình sự,
1003,a,1,47,hình sự,
1004,,,333,tố tụng hình sự,
1004,,,331,tố tụng hình sự,
1004,,,136,tố tụng hình sự,
1004,,,106,tố tụng hình sự,
1004,,,38,hình sự,
1004,,5,249,hình sự,
1004,,1,47,hình sự,
1004,s,1,51,hình sự,
1004,a,1,47,hình sự,
1004,o,2,249,hình sự,
1005,,,333,tố tụng hình sự,
1005,,,331,tố tụng hình sự,
1005,,,136,tố tụng hình sự,
1005,,,106,tố tụng hình sự,
1005,,,38,hình sự,
1005,,5,249,hình sự,
1005,,1,47,hình sự,
1005,s,1,51,hình sự,
1005,h,1,52,hình sự,
1005,c,1,249,hình sự,
1005,a,1,47,hình sự,
1006,,,329,tố tụng hình sự,
1006,,,136,tố tụng hình sự,
1006,,,249,hình sự,
1006,,,106,tố tụng hình sự,
1006,,,47,hình sự,
1006,,5,249,hình sự,
1006,s,1,51,hình sự,
1006,h,1,52,hình sự,
1006,c,1,249,hình sự,
1007,,2,106,tố tụng hình sự,
1007,,5,251,hình sự,
1007,,1,47,hình sự,
1007,s,1,51,hình sự,
1007,h,1,52,hình sự,
1007,c,1,249,hình sự,
1008,,,7b,,thi hành án dân sự
1008,,,7a,,thi hành án dân sự
1008,,,30,,thi hành án dân sự
1008,,,9,,thi hành án dân sự
1008,,,7,,thi hành án dân sự
1008,,,6,,thi hành án dân sự
1008,,,2,,thi hành án dân sự
1008,,,47,hình sự,
1008,,2,136,tố tụng hình sự,
1008,,1,52,hình sự,
1008,,1,38,hình sự,
1008,s,1,51,hình sự,
1008,c,1,249,hình sự,
1008,a,3,106,tố tụng hình sự,
1008,a,2,106,tố tụng hình sự,
1009,,,7b,,thi hành án dân sự
1009,,,7a,,thi hành án dân sự
1009,,,30,,thi hành án dân sự
1009,,,9,,thi hành án dân sự
1009,,,7,,thi hành án dân sự
1009,,,6,,thi hành án dân sự
1009,,,2,,thi hành án dân sự
1009,,,47,hình sự,
1009,,5,249,hình sự,
1009,,2,136,tố tụng hình sự,
1009,,1,52,hình sự,
1009,,1,38,hình sự,
1009,s,1,51,hình sự,
1009,c,2,106,tố tụng hình sự,
1009,c,1,249,hình sự,
1009,a,3,106,tố tụng hình sự,
1009,a,2,106,tố tụng hình sự,
1010,,,106,tố tụng hình sự,
1010,,,50,hình sự,
1010,,,47,hình sự,
1010,,,38,hình sự,
1010,s,1,51,hình sự,
1010,c,1,249,hình sự,
1011,,,333,tố tụng hình sự,
1011,,,331,tố tụng hình sự,
1011,,,38,hình sự,
1011,,,7b,,thi hành án dân sự
1011,,,7a,,thi hành án dân sự
1011,,,30,,thi hành án dân sự
1011,,,9,,thi hành án dân sự
1011,,,7,,thi hành án dân sự
1011,,,6,,thi hành án dân sự
1011,,,2,,thi hành án dân sự
1011,,3,106,tố tụng hình sự,
1011,,2,136,tố tụng hình sự,
1011,,2,135,tố tụng hình sự,
1011,,2,106,tố tụng hình sự,
1011,,1,47,hình sự,
1011,s,1,51,hình sự,
1011,h,1,52,hình sự,
1011,c,1,47,hình sự,
1011,c,1,249,hình sự,
1011,a,2,106,tố tụng hình sự,
1011,a,1,47,hình sự,
1012,,,333,tố tụng hình sự,
1012,,,331,tố tụng hình sự,
1012,,,7b,,thi hành án dân sự
1012,,,38,hình sự,
1012,,,7a,,thi hành án dân sự
1012,,,30,,thi hành án dân sự
1012,,,7,,thi hành án dân sự
1012,,,9,,thi hành án dân sự
1012,,,6,,thi hành án dân sự
1012,,,2,,thi hành án dân sự
1012,,3,106,tố tụng hình sự,
1012,,2,135,tố tụng hình sự,
1012,,2,136,tố tụng hình sự,
1012,s,1,51,hình sự,
1012,c,1,249,hình sự,
1012,a,2,106,tố tụng hình sự,
1012,c,1,47,hình sự,
1013,,,333,tố tụng hình sự,
1013,,,331,tố tụng hình sự,
1013,,,106,tố tụng hình sự,
1013,,,136,tố tụng hình sự,
1013,,,101,hình sự,
1013,,,91,hình sự,
1013,,,65,hình sự,
1013,,,54,hình sự,
1013,,,47,hình sự,
1013,,5,249,hình sự,
1013,,,38,hình sự,
1013,t,1,51,hình sự,
1013,,2,51,hình sự,
1013,s,1,51,hình sự,
1013,i,1,51,hình sự,
1013,c,1,249,hình sự,
1014,,,333,tố tụng hình sự,
1014,,,331,tố tụng hình sự,
1014,,,136,tố tụng hình sự,
1014,,,106,tố tụng hình sự,
1014,,,70,hình sự,
1014,,,38,hình sự,
1014,,1,249,hình sự,
1014,,5,249,hình sự,
1014,,1,194,hình sự,
1014,s,1,51,hình sự,
1014,c,1,249,hình sự,
1015,,,333,tố tụng hình sự,
1015,,,331,tố tụng hình sự,
1015,,,136,tố tụng hình sự,
1015,,,106,tố tụng hình sự,
1015,,,47,hình sự,
1015,,,38,hình sự,
1015,,5,249,hình sự,
1015,,2,51,hình sự,
1015,s,1,51,hình sự,
1015,c,1,249,hình sự,
1016,,,333,tố tụng hình sự,
1016,,,136,tố tụng hình sự,
1016,,,331,tố tụng hình sự,
1016,,,106,tố tụng hình sự,
1016,,,38,hình sự,
1016,,5,249,hình sự,
1016,,1,249,hình sự,
1016,,1,194,hình sự,
1016,s,1,51,hình sự,
1016,a,1,249,hình sự,
1017,,,47,hình sự,
1017,,,38,hình sự,
1017,,,30,,thi hành án dân sự
1017,,,9,,thi hành án dân sự
1017,,,7b,,thi hành án dân sự
1017,,,7,,thi hành án dân sự
1017,,,7a,,thi hành án dân sự
1017,,,6,,thi hành án dân sự
1017,,,2,,thi hành án dân sự
1017,,1,52,hình sự,
1017,,1,249,hình sự,
1017,,1,38,hình sự,
1017,s,1,51,hình sự,
1017,c,1,249,hình sự,
1017,a,3,106,tố tụng hình sự,
1017,a,2,106,tố tụng hình sự,
1018,,,30,,thi hành án dân sự
1018,,,9,,thi hành án dân sự
1018,,,7b,,thi hành án dân sự
1018,,,7a,,thi hành án dân sự
1018,,,7,,thi hành án dân sự
1018,,,6,,thi hành án dân sự
1018,,,2,,thi hành án dân sự
1018,,,333,tố tụng hình sự,
1018,,,331,tố tụng hình sự,
1018,,2,136,tố tụng hình sự,
1018,a,2,106,tố tụng hình sự,
1018,a,1,47,hình sự,
1018,,,38,hình sự,
1018,,,98,hình sự,
1018,,,101,hình sự,
1018,,,91,hình sự,
1018,,,58,hình sự,
1018,,,90,hình sự,
1018,,,17,hình sự,
1018,s,1,51,hình sự,
1018,,,56,hình sự,
1018,,5,249,hình sự,
1018,c,1,47,hình sự,
1018,c,1,249,hình sự,
1018,h,1,52,hình sự,
1018,,1,52,hình sự,
1018,,2,51,hình sự,
1018,,,292,tố tụng hình sự,
1018,,,293,tố tụng hình sự,
1018,,2,91,hình sự,
1019,,,333,tố tụng hình sự,
1019,,,332,tố tụng hình sự,
1019,,,331,tố tụng hình sự,
1019,,,106,tố tụng hình sự,
1019,,,30,,thi hành án dân sự
1019,,,47,hình sự,
1019,,,2,,thi hành án dân sự
1019,,2,51,hình sự,
1019,s,1,51,hình sự,
1019,c,1,249,hình sự,
1020,,,333,tố tụng hình sự,
1020,,,331,tố tụng hình sự,
1020,,,249,hình sự,
1020,,,194,hình sự,
1020,,,47,hình sự,
1020,,,30,,thi hành án dân sự
1020,,,9,,thi hành án dân sự
1020,,,7b,,thi hành án dân sự
1020,,,7a,,thi hành án dân sự
1020,,,7,,thi hành án dân sự
1020,,,2,,thi hành án dân sự
1020,,,6,,thi hành án dân sự
1020,,3,106,tố tụng hình sự,
1020,,3,7,hình sự,
1020,,2,136,tố tụng hình sự,
1020,,2,106,tố tụng hình sự,
1020,,1,47,hình sự,
1020,,1,38,hình sự,
1020,s,1,51,hình sự,
1020,a,1,249,hình sự,
1021,,2,136,tố tụng hình sự,
1021,,2,135,tố tụng hình sự,
1021,,,106,tố tụng hình sự,
1021,c,1,249,hình sự,
1021,s,1,51,hình sự,
1022,,2,136,tố tụng hình sự,
1022,,,106,tố tụng hình sự,
1022,,2,135,tố tụng hình sự,
1022,s,1,51,hình sự,
1022,c,1,249,hình sự,
1023,,,30,,thi hành án dân sự
1023,,,9,,thi hành án dân sự
1023,,,7,,thi hành án dân sự
1023,,,6,,thi hành án dân sự
1023,,,26,,thi hành án dân sự
1023,,,2,,thi hành án dân sự
1023,,2,357,,dân sự
1023,,3,106,tố tụng hình sự,
1023,,2,106,tố tụng hình sự,
1023,,,47,hình sự,
1023,,,50,hình sự,
1023,,,38,hình sự,
1023,,2,136,tố tụng hình sự,
1023,,,135,tố tụng hình sự,
1023,,5,249,hình sự,
1023,s,1,51,hình sự,
1023,i,1,249,hình sự,
1024,,,30,,thi hành án dân sự
1024,,,9,,thi hành án dân sự
1024,,,6,,thi hành án dân sự
1024,,,7,,thi hành án dân sự
1024,,,2,,thi hành án dân sự
1024,,,26,,thi hành án dân sự
1024,,3,106,tố tụng hình sự,
1024,,2,357,,dân sự
1024,,2,106,tố tụng hình sự,
1024,,,47,hình sự,
1024,,,50,hình sự,
1024,,,38,hình sự,
1024,,2,136,tố tụng hình sự,
1024,,,135,tố tụng hình sự,
1024,s,1,51,hình sự,
1024,,5,249,hình sự,
1024,i,1,249,hình sự,
1025,,,9,,thi hành án dân sự
1025,,,30,,thi hành án dân sự
1025,,,7,,thi hành án dân sự
1025,,,2,,thi hành án dân sự
1025,,,6,,thi hành án dân sự
1025,,,26,,thi hành án dân sự
1025,,2,357,,dân sự
1025,,3,106,tố tụng hình sự,
1025,,2,106,tố tụng hình sự,
1025,,,47,hình sự,
1025,,,50,hình sự,
1025,,,38,hình sự,
1025,,2,136,tố tụng hình sự,
1025,,,135,tố tụng hình sự,
1025,s,1,51,hình sự,
1025,,5,249,hình sự,
1025,c,1,249,hình sự,
1026,,,30,,thi hành án dân sự
1026,,,9,,thi hành án dân sự
1026,,,7,,thi hành án dân sự
1026,,,6,,thi hành án dân sự
1026,,,2,,thi hành án dân sự
1026,,,26,,thi hành án dân sự
1026,,2,357,,dân sự
1026,,3,106,tố tụng hình sự,
1026,,2,106,tố tụng hình sự,
1026,,,47,hình sự,
1026,,,38,hình sự,
1026,,,50,hình sự,
1026,,2,136,tố tụng hình sự,
1026,,,135,tố tụng hình sự,
1026,s,1,51,hình sự,
1026,,5,249,hình sự,
1026,i,1,249,hình sự,
1027,,,9,,thi hành án dân sự
1027,,,30,,thi hành án dân sự
1027,,,7,,thi hành án dân sự
1027,,,2,,thi hành án dân sự
1027,,,6,,thi hành án dân sự
1027,,,26,,thi hành án dân sự
1027,,3,106,tố tụng hình sự,
1027,,2,357,,dân sự
1027,,2,106,tố tụng hình sự,
1027,,,50,hình sự,
1027,,,47,hình sự,
1027,,,38,hình sự,
1027,,2,136,tố tụng hình sự,
1027,,,135,tố tụng hình sự,
1027,h,1,52,hình sự,
1027,s,1,51,hình sự,
1027,s,1,5,hình sự,
1027,,5,249,hình sự,
1027,c,1,249,hình sự,
1028,,,30,,thi hành án dân sự
1028,,,7,,thi hành án dân sự
1028,,,9,,thi hành án dân sự
1028,,,6,,thi hành án dân sự
1028,,,2,,thi hành án dân sự
1028,,,26,,thi hành án dân sự
1028,,2,357,,dân sự
1028,,3,106,tố tụng hình sự,
1028,,2,106,tố tụng hình sự,
1028,,,47,hình sự,
1028,,,50,hình sự,
1028,,,38,hình sự,
1028,,2,136,tố tụng hình sự,
1028,,,135,tố tụng hình sự,
1028,,5,249,hình sự,
1028,s,1,51,hình sự,
1028,c,1,249,hình sự,
1029,,,7a,,thi hành án dân sự
1029,,,30,,thi hành án dân sự
1029,,,9,,thi hành án dân sự
1029,,,7,,thi hành án dân sự
1029,,,6,,thi hành án dân sự
1029,,,2,,thi hành án dân sự
1029,,,333,tố tụng hình sự,
1029,,,332,tố tụng hình sự,
1029,,,331,tố tụng hình sự,
1029,,,136,tố tụng hình sự,
1029,,5,249,hình sự,
1029,,,106,tố tụng hình sự,
1029,,,47,hình sự,
1029,s,1,51,hình sự,
1029,,,38,hình sự,
1029,c,1,249,hình sự,
1030,,,7a,,thi hành án dân sự
1030,,,30,,thi hành án dân sự
1030,,,9,,thi hành án dân sự
1030,,,7,,thi hành án dân sự
1030,,,6,,thi hành án dân sự
1030,,,2,,thi hành án dân sự
1030,,,333,tố tụng hình sự,
1030,,,332,tố tụng hình sự,
1030,,,331,tố tụng hình sự,
1030,,,136,tố tụng hình sự,
1030,,5,249,hình sự,
1030,,,106,tố tụng hình sự,
1030,,,38,hình sự,
1030,,,47,hình sự,
1030,,2,51,hình sự,
1030,s,1,51,hình sự,
1030,c,1,249,hình sự,
1031,,,7a,,thi hành án dân sự
1031,,,30,,thi hành án dân sự
1031,,,9,,thi hành án dân sự
1031,,,7,,thi hành án dân sự
1031,,,6,,thi hành án dân sự
1031,,,2,,thi hành án dân sự
1031,,,333,tố tụng hình sự,
1031,,,332,tố tụng hình sự,
1031,,,331,tố tụng hình sự,
1031,,,136,tố tụng hình sự,
1031,,5,249,hình sự,
1031,,,106,tố tụng hình sự,
1031,,,38,hình sự,
1031,,,47,hình sự,
1031,s,1,51,hình sự,
1031,c,1,249,hình sự,
1032,,2,136,tố tụng hình sự,
1032,a,3,106,tố tụng hình sự,
1032,c,2,106,tố tụng hình sự,
1032,a,2,106,tố tụng hình sự,
1032,,1,106,tố tụng hình sự,
1032,,1,47,hình sự,
1032,,1,249,hình sự,
1032,h,1,52,hình sự,
1032,s,1,51,hình sự,
1032,c,1,249,hình sự,
1032,a,1,249,hình sự,
1032,o,2,249,hình sự,
1033,,,106,tố tụng hình sự,
1033,,,47,hình sự,
1033,,2,51,hình sự,
1033,,,17,hình sự,
1033,s,1,51,hình sự,
1033,,,38,hình sự,
1033,b,3,249,hình sự,
1034,,,136,tố tụng hình sự,
1034,,1,47,hình sự,
1034,s,1,51,hình sự,
1034,i,1,249,hình sự,
1035,,,30,,thi hành án dân sự
1035,,,9,,thi hành án dân sự
1035,,,7a,,thi hành án dân sự
1035,,,7b,,thi hành án dân sự
1035,,,7,,thi hành án dân sự
1035,,,6,,thi hành án dân sự
1035,,,2,,thi hành án dân sự
1035,,,333,tố tụng hình sự,
1035,,,331,tố tụng hình sự,
1035,,3,106,tố tụng hình sự,
1035,,2,135,tố tụng hình sự,
1035,a,2,106,tố tụng hình sự,
1035,,2,136,tố tụng hình sự,
1035,,1,52,hình sự,
1035,,2,106,tố tụng hình sự,
1035,c,1,47,hình sự,
1035,,1,38,hình sự,
1035,,2,51,hình sự,
1035,s,1,51,hình sự,
1035,,5,249,hình sự,
1035,c,1,249,hình sự,
1036,,,30,,thi hành án dân sự
1036,,,9,,thi hành án dân sự
1036,,,7b,,thi hành án dân sự
1036,,,7a,,thi hành án dân sự
1036,,,7,,thi hành án dân sự
1036,,,6,,thi hành án dân sự
1036,,,2,,thi hành án dân sự
1036,,,333,tố tụng hình sự,
1036,,,331,tố tụng hình sự,
1036,,2,135,tố tụng hình sự,
1036,,3,106,tố tụng hình sự,
1036,a,2,106,tố tụng hình sự,
1036,,2,136,tố tụng hình sự,
1036,c,1,47,hình sự,
1036,,,38,hình sự,
1036,s,1,51,hình sự,
1036,c,1,249,hình sự,
1037,,,30,,thi hành án dân sự
1037,,,9,,thi hành án dân sự
1037,,,7b,,thi hành án dân sự
1037,,,7a,,thi hành án dân sự
1037,,,7,,thi hành án dân sự
1037,,,6,,thi hành án dân sự
1037,,,2,,thi hành án dân sự
1037,,,333,tố tụng hình sự,
1037,,,331,tố tụng hình sự,
1037,,2,136,tố tụng hình sự,
1037,,2,135,tố tụng hình sự,
1037,a,2,106,tố tụng hình sự,
1037,,3,106,tố tụng hình sự,
1037,c,1,47,hình sự,
1037,,,38,hình sự,
1037,c,1,249,hình sự,
1037,h,1,52,hình sự,
1037,,2,51,hình sự,
1037,s,1,51,hình sự,
1038,,,30,,thi hành án dân sự
1038,,,9,,thi hành án dân sự
1038,,,7b,,thi hành án dân sự
1038,,,7a,,thi hành án dân sự
1038,,,7,,thi hành án dân sự
1038,,,6,,thi hành án dân sự
1038,,,2,,thi hành án dân sự
1038,,,333,tố tụng hình sự,
1038,,,331,tố tụng hình sự,
1038,,3,106,tố tụng hình sự,
1038,,2,135,tố tụng hình sự,
1038,,1,52,hình sự,
1038,,2,136,tố tụng hình sự,
1038,a,2,106,tố tụng hình sự,
1038,c,1,47,hình sự,
1038,s,1,51,hình sự,
1038,,1,38,hình sự,
1038,c,1,249,hình sự,
1039,,,30,,thi hành án dân sự
1039,,,9,,thi hành án dân sự
1039,,,7b,,thi hành án dân sự
1039,,,7a,,thi hành án dân sự
1039,,,6,,thi hành án dân sự
1039,,,7,,thi hành án dân sự
1039,,,2,,thi hành án dân sự
1039,,,331,tố tụng hình sự,
1039,,,333,tố tụng hình sự,
1039,,2,106,tố tụng hình sự,
1039,,,38,hình sự,
1039,c,1,47,hình sự,
1039,s,1,51,hình sự,
1039,c,1,249,hình sự,
1039,,2,136,tố tụng hình sự,
1039,,1,52,hình sự,
1039,,1,47,hình sự,
1040,,,30,,thi hành án dân sự
1040,,,7,,thi hành án dân sự
1040,,,9,,thi hành án dân sự
1040,,,6,,thi hành án dân sự
1040,,,333,tố tụng hình sự,
1040,,,2,,thi hành án dân sự
1040,,,331,tố tụng hình sự,
1040,,,106,tố tụng hình sự,
1040,,,136,tố tụng hình sự,
1040,,,47,hình sự,
1040,,2,51,hình sự,
1040,,,38,hình sự,
1040,s,1,51,hình sự,
1040,b,2,251,hình sự,
1041,,,106,tố tụng hình sự,
1041,,,333,tố tụng hình sự,
1041,,,331,tố tụng hình sự,
1041,,,136,tố tụng hình sự,
1041,,,135,tố tụng hình sự,
1041,,1,249,hình sự,
1041,,5,249,hình sự,
1041,,2,51,hình sự,
1041,,,38,hình sự,
1041,s,1,51,hình sự,
1041,,,17,hình sự,
1041,c,1,249,hình sự,
1042,,,106,tố tụng hình sự,
1042,,,47,hình sự,
1042,,,333,tố tụng hình sự,
1042,,,331,tố tụng hình sự,
1042,,,136,tố tụng hình sự,
1042,,,135,tố tụng hình sự,
1042,,5,249,hình sự,
1042,,,38,hình sự,
1042,c,1,249,hình sự,
1042,s,1,51,hình sự,
1042,,1,249,hình sự,
1043,,3,326,tố tụng hình sự,
1043,,,326,tố tụng hình sự,
1043,,,299,tố tụng hình sự,
1043,,,333,tố tụng hình sự,
1043,,,331,tố tụng hình sự,
1043,,,135,tố tụng hình sự,
1043,,,106,tố tụng hình sự,
1043,,,47,hình sự,
1043,,5,249,hình sự,
1043,s,1,51,hình sự,
1043,c,1,249,hình sự,
1044,,,30,,thi hành án dân sự
1044,,,9,,thi hành án dân sự
1044,,,7,,thi hành án dân sự
1044,,,6,,thi hành án dân sự
1044,,,26,,thi hành án dân sự
1044,,,2,,thi hành án dân sự
1044,,,136,tố tụng hình sự,
1044,,,106,tố tụng hình sự,
1044,,,38,hình sự,
1044,,,333,tố tụng hình sự,
1044,,,331,tố tụng hình sự,
1044,,,136,hình sự,
1044,s,1,51,hình sự,
1044,c,1,249,hình sự,
1045,,,30,,thi hành án dân sự
1045,,,9,,thi hành án dân sự
1045,,,7,,thi hành án dân sự
1045,,,6,,thi hành án dân sự
1045,,,2,,thi hành án dân sự
1045,,,26,,thi hành án dân sự
1045,,,136,tố tụng hình sự,
1045,,,106,tố tụng hình sự,
1045,,,333,tố tụng hình sự,
1045,,,331,tố tụng hình sự,
1045,,,136,hình sự,
1045,s,1,51,hình sự,
1045,c,1,249,hình sự,
1046,,,30,,thi hành án dân sự
1046,,,9,,thi hành án dân sự
1046,,,7,,thi hành án dân sự
1046,,,6,,thi hành án dân sự
1046,,,2,,thi hành án dân sự
1046,,,136,tố tụng hình sự,
1046,,,26,,thi hành án dân sự
1046,,,106,tố tụng hình sự,
1046,,,333,tố tụng hình sự,
1046,,,136,hình sự,
1046,,,331,tố tụng hình sự,
1046,s,1,51,hình sự,
1046,c,1,249,hình sự,
1047,,,30,,thi hành án dân sự
1047,,,7,,thi hành án dân sự
1047,,,9,,thi hành án dân sự
1047,,,6,,thi hành án dân sự
1047,,,26,,thi hành án dân sự
1047,,,2,,thi hành án dân sự
1047,,,136,tố tụng hình sự,
1047,,,333,tố tụng hình sự,
1047,,,106,tố tụng hình sự,
1047,,,331,tố tụng hình sự,
1047,,,136,hình sự,
1047,s,1,51,hình sự,
1047,c,1,249,hình sự,
1048,,,30,,thi hành án dân sự
1048,,,7,,thi hành án dân sự
1048,,,9,,thi hành án dân sự
1048,,,6,,thi hành án dân sự
1048,,,2,,thi hành án dân sự
1048,,,26,,thi hành án dân sự
1048,,,136,tố tụng hình sự,
1048,,,53,hình sự,
1048,,,106,tố tụng hình sự,
1048,h,1,52,hình sự,
1048,,,333,tố tụng hình sự,
1048,,,331,tố tụng hình sự,
1048,,,136,hình sự,
1048,s,1,51,hình sự,
1048,c,1,249,hình sự,
1048,,1,249,hình sự,
1048,,,248,hình sự,
1049,,,30,,thi hành án dân sự
1049,,,9,,thi hành án dân sự
1049,,,7,,thi hành án dân sự
1049,,,6,,thi hành án dân sự
1049,,,2,,thi hành án dân sự
1049,,,26,,thi hành án dân sự
1049,,,106,tố tụng hình sự,
1049,,,333,tố tụng hình sự,
1049,,,331,tố tụng hình sự,
1049,,,136,tố tụng hình sự,
1049,s,1,51,hình sự,
1049,c,1,249,hình sự,
1050,,,30,,thi hành án dân sự
1050,,,9,,thi hành án dân sự
1050,,,7,,thi hành án dân sự
1050,,,6,,thi hành án dân sự
1050,,,2,,thi hành án dân sự
1050,,,26,,thi hành án dân sự
1050,,,136,tố tụng hình sự,
1050,,,106,tố tụng hình sự,
1050,,,38,hình sự,
1050,,,333,tố tụng hình sự,
1050,,,136,hình sự,
1050,,,331,tố tụng hình sự,
1050,s,1,51,hình sự,
1050,c,1,249,hình sự,
1051,,,30,,thi hành án dân sự
1051,,,9,,thi hành án dân sự
1051,,,7,,thi hành án dân sự
1051,,,6,,thi hành án dân sự
1051,,,2,,thi hành án dân sự
1051,,,26,,thi hành án dân sự
1051,,,136,tố tụng hình sự,
1051,,,106,tố tụng hình sự,
1051,,,333,tố tụng hình sự,
1051,,,331,tố tụng hình sự,
1051,,,136,hình sự,
1051,s,1,51,hình sự,
1051,,1,249,hình sự,
1051,c,1,249,hình sự,
1052,,,136,tố tụng hình sự,
1052,,,135,tố tụng hình sự,
1052,,,106,tố tụng hình sự,
1052,,,47,hình sự,
1052,,,38,hình sự,
1052,,5,249,hình sự,
1052,s,1,51,hình sự,
1052,c,1,249,hình sự,
1053,,,30,,thi hành án dân sự
1053,,,2,,thi hành án dân sự
1053,,,333,tố tụng hình sự,
1053,,,331,tố tụng hình sự,
1053,,,136,tố tụng hình sự,
1053,,5,249,hình sự,
1053,s,,51,hình sự,
1053,,2,106,tố tụng hình sự,
1053,s,1,51,hình sự,
1053,c,1,249,hình sự,
1054,,,337,tố tụng hình sự,
1054,,,336,tố tụng hình sự,
1054,,,333,tố tụng hình sự,
1054,,,331,tố tụng hình sự,
1054,,,47,hình sự,
1054,,,135,tố tụng hình sự,
1054,,,106,tố tụng hình sự,
1054,s,1,51,hình sự,
1054,c,1,249,hình sự,
1055,,1,333,tố tụng hình sự,
1055,,1,331,tố tụng hình sự,
1055,,2,136,tố tụng hình sự,
1055,,,106,tố tụng hình sự,
1055,s,1,51,hình sự,
1055,,1,51,hình sự,
1055,c,1,249,hình sự,
1055,,1,251,hình sự,
1056,,,136,tố tụng hình sự,
1056,c,2,106,tố tụng hình sự,
1056,,1,106,tố tụng hình sự,
1056,a,2,106,tố tụng hình sự,
1056,c,1,47,hình sự,
1056,a,1,47,hình sự,
1056,,1,54,hình sự,
1056,,,54,hình sự,
1056,t,1,51,hình sự,
1056,s,1,51,hình sự,
1056,n,2,249,hình sự,
1056,g,2,249,hình sự,
1057,a,2,106,tố tụng hình sự,
1057,c,1,47,hình sự,
1057,,,106,tố tụng hình sự,
1057,,,38,hình sự,
1057,,,47,hình sự,
1057,s,1,51,hình sự,
1057,,1,251,hình sự,
1057,,1,249,hình sự,
1058,,,136,tố tụng hình sự,
1058,,,106,tố tụng hình sự,
1058,,,47,hình sự,
1058,,,38,hình sự,
1058,g,2,249,hình sự,
1058,s,1,51,hình sự,
1059,,1,333,tố tụng hình sự,
1059,,1,331,tố tụng hình sự,
1059,,2,136,tố tụng hình sự,
1059,a,2,106,tố tụng hình sự,
1059,s,1,51,hình sự,
1059,i,1,249,hình sự,
1059,o,2,249,hình sự,
1060,,2,136,tố tụng hình sự,
1060,a,2,106,tố tụng hình sự,
1060,c,1,47,hình sự,
1060,s,1,51,hình sự,
1060,c,1,249,hình sự,
1061,,1,333,tố tụng hình sự,
1061,,,292,tố tụng hình sự,
1061,,,321,tố tụng hình sự,
1061,c,1,47,hình sự,
1061,,2,136,tố tụng hình sự,
1061,a,1,47,hình sự,
1061,a,2,106,tố tụng hình sự,
1061,,1,293,tố tụng hình sự,
1061,,1,47,hình sự,
1061,s,1,51,hình sự,
1061,,2,106,tố tụng hình sự,
1061,c,1,249,hình sự,
1062,,2,106,tố tụng hình sự,
1062,a,2,106,tố tụng hình sự,
1062,,2,47,hình sự,
1062,c,1,47,hình sự,
1062,a,1,46,hình sự,
1062,,2,135,tố tụng hình sự,
1062,,2,136,tố tụng hình sự,
1062,,1,249,hình sự,
1062,,1,38,hình sự,
1062,s,1,51,hình sự,
1062,c,1,249,hình sự,
1063,,1,249,hình sự,
1063,,2,106,tố tụng hình sự,
1063,,2,47,hình sự,
1063,,1,47,hình sự,
1063,a,1,46,hình sự,
1063,,1,38,hình sự,
1063,,,38,hình sự,
1063,,2,51,hình sự,
1063,s,1,51,hình sự,
1063,c,1,249,hình sự,
1064,c,2,106,tố tụng hình sự,
1064,a,3,106,tố tụng hình sự,
1064,a,2,106,tố tụng hình sự,
1064,a,2,47,hình sự,
1064,c,2,47,hình sự,
1064,c,1,47,hình sự,
1064,a,1,47,hình sự,
1064,a,1,46,hình sự,
1064,,1,38,hình sự,
1064,,2,136,tố tụng hình sự,
1064,,,38,hình sự,
1064,,2,135,tố tụng hình sự,
1064,s,1,51,hình sự,
1064,c,1,249,hình sự,
1065,,,333,tố tụng hình sự,
1065,,,331,tố tụng hình sự,
1065,,,106,tố tụng hình sự,
1065,,2,136,tố tụng hình sự,
1065,,,47,hình sự,
1065,,,38,hình sự,
1065,,2,51,hình sự,
1065,s,1,51,hình sự,
1065,c,1,249,hình sự,
1066,,5,249,hình sự,
1066,,,333,tố tụng hình sự,
1066,,,331,tố tụng hình sự,
1066,,,135,tố tụng hình sự,
1066,,,106,tố tụng hình sự,
1066,,,38,hình sự,
1066,s,1,51,hình sự,
1066,c,1,249,hình sự,
1067,,5,249,hình sự,
1067,,,333,tố tụng hình sự,
1067,,,331,tố tụng hình sự,
1067,,,135,tố tụng hình sự,
1067,,,106,tố tụng hình sự,
1067,,,38,hình sự,
1067,s,1,51,hình sự,
1067,c,1,249,hình sự,
1068,,5,249,hình sự,
1068,,,333,tố tụng hình sự,
1068,,,331,tố tụng hình sự,
1068,,,135,tố tụng hình sự,
1068,,,106,tố tụng hình sự,
1068,i,1,249,hình sự,
1068,,,38,hình sự,
1068,s,1,51,hình sự,
1068,c,1,249,hình sự,
1069,,5,249,hình sự,
1069,,,333,tố tụng hình sự,
1069,,,331,tố tụng hình sự,
1069,,,135,tố tụng hình sự,
1069,,,106,tố tụng hình sự,
1069,,,38,hình sự,
1069,h,1,52,hình sự,
1069,s,1,51,hình sự,
1069,c,1,249,hình sự,
1069,,1,194,hình sự,
1070,,5,249,hình sự,
1070,,,331,tố tụng hình sự,
1070,,,333,tố tụng hình sự,
1070,,,106,tố tụng hình sự,
1070,,,135,tố tụng hình sự,
1070,,,38,hình sự,
1070,s,1,51,hình sự,
1070,c,1,249,hình sự,
1071,,,333,tố tụng hình sự,
1071,,,331,tố tụng hình sự,
1071,,,136,tố tụng hình sự,
1071,,,106,tố tụng hình sự,
1071,,,38,hình sự,
1071,,5,249,hình sự,
1071,s,1,51,hình sự,
1071,h,1,52,hình sự,
1071,c,1,249,hình sự,
1072,,,333,tố tụng hình sự,
1072,,,331,tố tụng hình sự,
1072,,2,136,tố tụng hình sự,
1072,,,329,tố tụng hình sự,
1072,h,1,52,hình sự,
1072,c,2,290,tố tụng hình sự,
1072,,,106,tố tụng hình sự,
1072,,,47,hình sự,
1072,,,38,hình sự,
1072,s,1,51,hình sự,
1072,o,2,249,hình sự,
1073,,2,136,tố tụng hình sự,
1073,,2,135,tố tụng hình sự,
1073,s,1,51,hình sự,
1073,,1,47,hình sự,
1073,,1,46,hình sự,
1073,a,3,106,tố tụng hình sự,
1073,a,2,106,tố tụng hình sự,
1073,,1,51,hình sự,
1073,c,1,249,hình sự,
1074,,,333,tố tụng hình sự,
1074,,,331,tố tụng hình sự,
1074,,,136,tố tụng hình sự,
1074,,,106,tố tụng hình sự,
1074,,,47,hình sự,
1074,,,38,hình sự,
1074,,2,51,hình sự,
1074,s,1,51,hình sự,
1074,n,2,249,hình sự,
1075,,,333,tố tụng hình sự,
1075,,,331,tố tụng hình sự,
1075,,,136,tố tụng hình sự,
1075,,5,194,hình sự,
1075,,,106,tố tụng hình sự,
1075,,,47,hình sự,
1075,,,38,hình sự,
1075,m,2,194,hình sự,
1076,,,333,tố tụng hình sự,
1076,,,331,tố tụng hình sự,
1076,,,136,tố tụng hình sự,
1076,,,106,tố tụng hình sự,
1076,,,47,hình sự,
1076,,,38,hình sự,
1076,,2,51,hình sự,
1076,s,1,51,hình sự,
1076,g,1,249,hình sự,
1076,c,1,249,hình sự,
1077,,,333,tố tụng hình sự,
1077,,,331,tố tụng hình sự,
1077,,,136,tố tụng hình sự,
1077,,,41,hình sự,
1077,,,106,tố tụng hình sự,
1077,,,47,hình sự,
1077,,,38,hình sự,
1077,s,1,51,hình sự,
1077,c,1,249,hình sự,
1078,,,326,tố tụng hình sự,
1078,,,299,tố tụng hình sự,
1078,,,333,tố tụng hình sự,
1078,,,331,tố tụng hình sự,
1078,,,136,tố tụng hình sự,
1078,,,106,tố tụng hình sự,
1078,,,38,hình sự,
1078,s,1,51,hình sự,
1078,,1,194,hình sự,
1079,,2,136,tố tụng hình sự,
1079,c,2,106,tố tụng hình sự,
1079,,2,135,tố tụng hình sự,
1079,a,2,106,tố tụng hình sự,
1079,,,46,hình sự,
1079,,,47,hình sự,
1079,,2,51,hình sự,
1079,s,1,51,hình sự,
1079,c,1,249,hình sự,
1080,,2,136,tố tụng hình sự,
1080,,2,135,tố tụng hình sự,
1080,,2,51,hình sự,
1080,c,2,106,tố tụng hình sự,
1080,a,2,106,tố tụng hình sự,
1080,,,46,hình sự,
1080,,,47,hình sự,
1080,,,57,hình sự,
1080,s,1,51,hình sự,
1080,,1,251,hình sự,
1081,,,38,hình sự,
1081,,,52,hình sự,
1081,,2,70,hình sự,
1081,a,2,106,tố tụng hình sự,
1081,a,1,47,hình sự,
1081,c,1,47,hình sự,
1081,,2,51,hình sự,
1081,s,1,51,hình sự,
1081,g,2,249,hình sự,
1082,,,337,tố tụng hình sự,
1082,,,333,tố tụng hình sự,
1082,,2,136,tố tụng hình sự,
1082,,,331,tố tụng hình sự,
1082,,,135,tố tụng hình sự,
1082,,,106,tố tụng hình sự,
1082,c,1,294,hình sự,
1082,,,89,tố tụng hình sự,
1082,,,46,hình sự,
1082,,,47,hình sự,
1082,,,38,hình sự,
1082,c,1,249,hình sự,
1082,s,1,51,hình sự,
1083,,,337,tố tụng hình sự,
1083,,,333,tố tụng hình sự,
1083,,,331,tố tụng hình sự,
1083,,2,136,tố tụng hình sự,
1083,,,135,tố tụng hình sự,
1083,,1,249,hình sự,
1083,,,106,tố tụng hình sự,
1083,,,89,tố tụng hình sự,
1083,,,46,hình sự,
1083,,,47,hình sự,
1083,,2,51,hình sự,
1083,,,38,hình sự,
1083,s,1,51,hình sự,
1083,c,1,249,hình sự,
1084,,,337,tố tụng hình sự,
1084,,,333,tố tụng hình sự,
1084,,,331,tố tụng hình sự,
1084,,2,136,tố tụng hình sự,
1084,,,135,tố tụng hình sự,
1084,,,106,tố tụng hình sự,
1084,,,89,tố tụng hình sự,
1084,,,47,hình sự,
1084,,,46,hình sự,
1084,h,1,52,hình sự,
1084,,,38,hình sự,
1084,,1,249,hình sự,
1084,s,1,51,hình sự,
1085,,,337,tố tụng hình sự,
1085,,,333,tố tụng hình sự,
1085,,,331,tố tụng hình sự,
1085,,2,136,tố tụng hình sự,
1085,c,1,249,hình sự,
1085,,,135,tố tụng hình sự,
1085,,,106,tố tụng hình sự,
1085,,,89,tố tụng hình sự,
1085,,,46,hình sự,
1085,,,47,hình sự,
1085,,,38,hình sự,
1085,,2,51,hình sự,
1085,s,1,51,hình sự,
1085,,1,194,hình sự,
1085,,1,249,hình sự,
1086,,,337,tố tụng hình sự,
1086,,,333,tố tụng hình sự,
1086,,,331,tố tụng hình sự,
1086,,2,136,tố tụng hình sự,
1086,,,135,tố tụng hình sự,
1086,,1,249,hình sự,
1086,,,106,tố tụng hình sự,
1086,,,89,tố tụng hình sự,
1086,,,47,hình sự,
1086,,,46,hình sự,
1086,,2,51,hình sự,
1086,,,38,hình sự,
1086,s,1,51,hình sự,
1086,c,1,249,hình sự,
1087,,,337,tố tụng hình sự,
1087,,,333,tố tụng hình sự,
1087,,2,136,tố tụng hình sự,
1087,,,331,tố tụng hình sự,
1087,,,135,tố tụng hình sự,
1087,c,1,294,hình sự,
1087,,,89,tố tụng hình sự,
1087,,,106,tố tụng hình sự,
1087,,,47,hình sự,
1087,,,46,hình sự,
1087,s,1,51,hình sự,
1087,,,38,hình sự,
1087,c,1,249,hình sự,
1088,,,337,tố tụng hình sự,
1088,,,333,tố tụng hình sự,
1088,,,331,tố tụng hình sự,
1088,,2,136,tố tụng hình sự,
1088,,,135,tố tụng hình sự,
1088,,,89,tố tụng hình sự,
1088,,,106,tố tụng hình sự,
1088,,,47,hình sự,
1088,,,46,hình sự,
1088,,,38,hình sự,
1088,,1,51,hình sự,
1088,s,1,51,hình sự,
1088,,1,249,hình sự,
1089,,,337,tố tụng hình sự,
1089,,,331,tố tụng hình sự,
1089,,,333,tố tụng hình sự,
1089,,2,136,tố tụng hình sự,
1089,,,135,tố tụng hình sự,
1089,,,89,tố tụng hình sự,
1089,,,106,tố tụng hình sự,
1089,,,47,hình sự,
1089,,,46,hình sự,
1089,,,38,hình sự,
1089,h,1,52,hình sự,
1089,s,1,51,hình sự,
1089,,1,249,hình sự,
1090,,,333,tố tụng hình sự,
1090,,,332,tố tụng hình sự,
1090,,,136,tố tụng hình sự,
1090,,,106,tố tụng hình sự,
1090,,,47,hình sự,
1090,,5,249,hình sự,
1090,s,1,51,hình sự,
1090,,2,51,hình sự,
1090,c,1,249,hình sự,
1091,,2,136,tố tụng hình sự,
1091,a,2,106,tố tụng hình sự,
1091,,3,106,tố tụng hình sự,
1091,,1,106,tố tụng hình sự,
1091,c,1,47,hình sự,
1091,h,1,52,hình sự,
1091,s,1,51,hình sự,
1091,i,1,249,hình sự,
1092,,2,136,tố tụng hình sự,
1092,,1,106,tố tụng hình sự,
1092,a,2,106,tố tụng hình sự,
1092,c,1,47,hình sự,
1092,,2,51,hình sự,
1092,s,1,51,hình sự,
1092,c,1,249,hình sự,
1093,,,333,tố tụng hình sự,
1093,,2,136,tố tụng hình sự,
1093,a,2,106,tố tụng hình sự,
1093,,1,249,hình sự,
1094,,,9,,thi hành án dân sự
1094,,,30,,thi hành án dân sự
1094,,,7,,thi hành án dân sự
1094,,,6,,thi hành án dân sự
1094,,,2,,thi hành án dân sự
1094,,,26,,thi hành án dân sự
1094,c,2,106,tố tụng hình sự,
1094,b,2,106,tố tụng hình sự,
1094,a,2,106,tố tụng hình sự,
1094,c,,47,hình sự,
1094,b,,47,hình sự,
1094,a,,47,hình sự,
1094,,,38,hình sự,
1094,,2,51,hình sự,
1094,s,1,51,hình sự,
1094,,5,294,hình sự,
1094,c,1,249,hình sự,
1094,,,249,hình sự,
1095,c,1,47,hình sự,
1095,a,1,47,hình sự,
1095,,2,136,tố tụng hình sự,
1095,a,2,106,tố tụng hình sự,
1095,s,1,51,hình sự,
1095,,,47,hình sự,
1095,c,1,249,hình sự,
1095,,1,249,hình sự,
1096,a,3,106,tố tụng hình sự,
1096,a,2,106,tố tụng hình sự,
1096,c,2,106,tố tụng hình sự,
1096,c,1,47,hình sự,
1096,a,1,47,hình sự,
1096,s,1,51,hình sự,
1096,c,1,249,hình sự,
1097,c,2,106,tố tụng hình sự,
1097,a,1,47,hình sự,
1097,a,2,106,tố tụng hình sự,
1097,,1,69,thi hành hình sự,
1097,,,65,hình sự,
1097,,,6,hình sự,
1097,,,58,hình sự,
1097,,2,51,hình sự,
1097,s,1,51,hình sự,
1097,c,1,249,hình sự,
1098,,,9,,thi hành án dân sự
1098,,,30,,thi hành án dân sự
1098,,,7a,,thi hành án dân sự
1098,,,7,,thi hành án dân sự
1098,,,6,,thi hành án dân sự
1098,,,2,,thi hành án dân sự
1098,,2,136,tố tụng hình sự,
1098,,2,135,tố tụng hình sự,
1098,a,2,106,tố tụng hình sự,
1098,c,1,47,hình sự,
1098,s,1,51,hình sự,
1098,c,1,249,hình sự,
1099,,,336,tố tụng hình sự,
1099,,,337,tố tụng hình sự,
1099,,,333,tố tụng hình sự,
1099,,1,331,tố tụng hình sự,
1099,,,332,tố tụng hình sự,
1099,,2,136,tố tụng hình sự,
1099,,,135,tố tụng hình sự,
1099,,2,73,hình sự,
1099,,,249,hình sự,
1099,,,106,tố tụng hình sự,
1099,s,1,51,hình sự,
1099,,,47,hình sự,
1099,o,2,249,hình sự,
1100,,,336,tố tụng hình sự,
1100,,,337,tố tụng hình sự,
1100,,,333,tố tụng hình sự,
1100,,,332,tố tụng hình sự,
1100,,2,136,tố tụng hình sự,
1100,,1,331,tố tụng hình sự,
1100,,,135,tố tụng hình sự,
1100,,,249,hình sự,
1100,,2,106,tố tụng hình sự,
1100,a,2,106,tố tụng hình sự,
1100,s,1,51,hình sự,
1100,,1,47,hình sự,
1100,o,2,249,hình sự,
1101,,,333,tố tụng hình sự,
1101,,,332,tố tụng hình sự,
1101,,,331,tố tụng hình sự,
1101,,,106,tố tụng hình sự,
1101,,,136,tố tụng hình sự,
1101,,,249,hình sự,
1101,,2,51,hình sự,
1101,s,1,51,hình sự,
1101,c,1,249,hình sự,
1101,,1,249,hình sự,
1102,,,332,tố tụng hình sự,
1102,,,333,tố tụng hình sự,
1102,,1,331,tố tụng hình sự,
1102,,2,136,tố tụng hình sự,
1102,a,3,106,tố tụng hình sự,
1102,,,135,tố tụng hình sự,
1102,a,2,106,tố tụng hình sự,
1102,,1,47,hình sự,
1102,,2,47,hình sự,
1102,h,1,52,hình sự,
1102,s,1,51,hình sự,
1102,c,1,249,hình sự,
1103,,,333,tố tụng hình sự,
1103,,,332,tố tụng hình sự,
1103,,2,136,tố tụng hình sự,
1103,,1,331,tố tụng hình sự,
1103,,,135,tố tụng hình sự,
1103,a,3,106,tố tụng hình sự,
1103,a,2,106,tố tụng hình sự,
1103,,2,47,hình sự,
1103,,1,47,hình sự,
1103,h,1,52,hình sự,
1103,s,1,51,hình sự,
1103,c,1,249,hình sự,
1104,,,333,tố tụng hình sự,
1104,,,332,tố tụng hình sự,
1104,,,331,tố tụng hình sự,
1104,,,136,tố tụng hình sự,
1104,,,106,tố tụng hình sự,
1104,,,249,hình sự,
1104,,2,51,hình sự,
1104,s,1,51,hình sự,
1104,,1,249,hình sự,
1104,c,1,249,hình sự,
1105,,,333,tố tụng hình sự,
1105,,,332,tố tụng hình sự,
1105,,2,136,tố tụng hình sự,
1105,,1,331,tố tụng hình sự,
1105,,,135,tố tụng hình sự,
1105,a,3,106,tố tụng hình sự,
1105,,2,47,hình sự,
1105,a,2,106,tố tụng hình sự,
1105,,1,47,hình sự,
1105,,5,251,hình sự,
1105,h,1,52,hình sự,
1105,s,1,51,hình sự,
1105,,1,251,hình sự,
1105,c,1,249,hình sự,
1106,,,337,tố tụng hình sự,
1106,,,336,tố tụng hình sự,
1106,,,333,tố tụng hình sự,
1106,,,332,tố tụng hình sự,
1106,,1,331,tố tụng hình sự,
1106,,2,136,tố tụng hình sự,
1106,,,135,tố tụng hình sự,
1106,,1,249,hình sự,
1106,a,3,106,tố tụng hình sự,
1106,a,2,106,tố tụng hình sự,
1106,,2,47,hình sự,
1106,,1,47,hình sự,
1106,s,1,51,hình sự,
1106,c,1,249,hình sự,
1107,,,337,tố tụng hình sự,
1107,,,336,tố tụng hình sự,
1107,,,333,tố tụng hình sự,
1107,,,332,tố tụng hình sự,
1107,,2,136,tố tụng hình sự,
1107,,1,331,tố tụng hình sự,
1107,,,135,tố tụng hình sự,
1107,,2,106,tố tụng hình sự,
1107,,,249,hình sự,
1107,a,2,106,tố tụng hình sự,
1107,,1,47,hình sự,
1107,s,1,51,hình sự,
1107,o,2,249,hình sự,
1108,,,337,tố tụng hình sự,
1108,,,333,tố tụng hình sự,
1108,,,336,tố tụng hình sự,
1108,,,332,tố tụng hình sự,
1108,,1,331,tố tụng hình sự,
1108,,2,136,tố tụng hình sự,
1108,,,135,tố tụng hình sự,
1108,,2,73,hình sự,
1108,,,249,hình sự,
1108,,,106,tố tụng hình sự,
1108,,,47,hình sự,
1108,s,1,51,hình sự,
1108,o,2,249,hình sự,
1109,,,337,tố tụng hình sự,
1109,,,336,tố tụng hình sự,
1109,,,333,tố tụng hình sự,
1109,,,332,tố tụng hình sự,
1109,,2,136,tố tụng hình sự,
1109,,1,331,tố tụng hình sự,
1109,,,135,tố tụng hình sự,
1109,,2,47,hình sự,
1109,,1,47,hình sự,
1109,,,106,hình sự,
1109,,,47,hình sự,
1109,,,106,tố tụng hình sự,
1109,s,1,51,hình sự,
1109,c,1,249,hình sự,
1110,,,337,tố tụng hình sự,
1110,,,336,tố tụng hình sự,
1110,,,333,tố tụng hình sự,
1110,,,332,tố tụng hình sự,
1110,,1,331,tố tụng hình sự,
1110,,2,136,tố tụng hình sự,
1110,,,135,tố tụng hình sự,
1110,,,106,tố tụng hình sự,
1110,,,47,hình sự,
1110,,,249,hình sự,
1110,s,1,51,hình sự,
1110,o,2,249,hình sự,
1111,,2,136,tố tụng hình sự,
1111,c,1,47,hình sự,
1111,a,2,106,tố tụng hình sự,
1111,s,1,51,hình sự,
1111,c,1,249,hình sự,
1112,,,333,tố tụng hình sự,
1112,,,331,tố tụng hình sự,
1112,,,135,tố tụng hình sự,
1112,,3,106,tố tụng hình sự,
1112,,2,106,tố tụng hình sự,
1112,,1,47,hình sự,
1112,,5,249,hình sự,
1112,,,70,hình sự,
1112,,,106,tố tụng hình sự,
1112,h,1,52,hình sự,
1112,s,1,51,hình sự,
1112,b,4,249,hình sự,
1113,,,30,,thi hành án dân sự
1113,,,9,,thi hành án dân sự
1113,,,7b,,thi hành án dân sự
1113,,,7a,,thi hành án dân sự
1113,,,7,,thi hành án dân sự
1113,,,6,,thi hành án dân sự
1113,,,333,tố tụng hình sự,
1113,,,2,,thi hành án dân sự
1113,,,331,tố tụng hình sự,
1113,,2,136,tố tụng hình sự,
1113,c,2,106,tố tụng hình sự,
1113,a,2,106,tố tụng hình sự,
1113,,1,47,hình sự,
1113,,,38,hình sự,
1113,,2,51,hình sự,
1113,s,1,51,hình sự,
1113,,5,249,hình sự,
1113,l,2,249,hình sự,
1113,,2,106,tố tụng hình sự,
1114,,,30,,thi hành án dân sự
1114,,,9,,thi hành án dân sự
1114,,,7b,,thi hành án dân sự
1114,,,7a,,thi hành án dân sự
1114,,,7,,thi hành án dân sự
1114,,,6,,thi hành án dân sự
1114,,,2,,thi hành án dân sự
1114,,,333,tố tụng hình sự,
1114,,,52,hình sự,
1114,,,331,tố tụng hình sự,
1114,,2,136,tố tụng hình sự,
1114,c,2,106,tố tụng hình sự,
1114,a,2,106,tố tụng hình sự,
1114,c,1,47,hình sự,
1114,,,38,hình sự,
1114,s,1,51,hình sự,
1114,c,1,249,hình sự,
1115,a,1,355,tố tụng hình sự,51/2018/HSST
1115,s,1,51,hình sự,51/2018/HSST
1115,i,1,249,hình sự,51/2018/HSST
1116,,2,136,tố tụng hình sự,
1116,,2,135,tố tụng hình sự,
1116,,,106,tố tụng hình sự,
1116,b,3,106,tố tụng hình sự,
1116,a,3,106,tố tụng hình sự,
1116,a,2,106,tố tụng hình sự,
1116,,5,249,hình sự,
1116,,2,51,hình sự,
1116,,,51,hình sự,
1116,s,1,51,hình sự,
1116,b,4,249,hình sự,
1117,,,30,,thi hành án dân sự
1117,,,9,,thi hành án dân sự
1117,,,7,,thi hành án dân sự
1117,,,2,,thi hành án dân sự
1117,,,6,,thi hành án dân sự
1117,,,333,tố tụng hình sự,
1117,,,331,tố tụng hình sự,
1117,,,136,tố tụng hình sự,
1117,,,135,tố tụng hình sự,
1117,,,106,tố tụng hình sự,
1117,,,48,hình sự,
1117,,,47,hình sự,
1117,,,468,,dân sự
1117,,,357,,dân sự
1117,,,589,,dân sự
1117,,,587,,dân sự
1117,,,586,,dân sự
1117,,,585,,dân sự
1117,,,584,,dân sự
1117,,,42,hình sự,
1117,,,56,hình sự,
1117,,,33,hình sự,
1117,,,329,tố tụng hình sự,
1117,,,55,hình sự,
1117,,,38,hình sự,
1117,,2,46,hình sự,
1117,h,1,46,hình sự,
1117,p,1,46,hình sự,
1117,g,1,48,hình sự,
1117,,1,250,hình sự,
1117,,1,138,hình sự,
1117,c,1,249,hình sự,
1117,,1,323,hình sự,
1117,,1,173,hình sự,
1117,,1,249,hình sự,
1117,,,194,hình sự,
1117,,3,7,hình sự,
1117,,1,194,hình sự,
1117,,,41,hình sự,
1117,,,53,hình sự,
1117,,2,51,hình sự,
1117,s,1,51,hình sự,
1118,,,136,tố tụng hình sự,
1118,a,2,106,tố tụng hình sự,
1118,c,1,47,hình sự,
1118,,1,249,hình sự,
1118,,1,52,hình sự,
1118,s,1,51,hình sự,
1118,c,1,249,hình sự,
1119,,,106,tố tụng hình sự,
1119,,,47,hình sự,
1119,,,38,hình sự,
1119,s,1,51,hình sự,
1119,c,1,249,hình sự,
1120,,,30,,thi hành án dân sự
1120,,,2,,thi hành án dân sự
1120,,,333,tố tụng hình sự,
1120,,,331,tố tụng hình sự,
1120,,,136,tố tụng hình sự,
1120,,5,249,hình sự,
1120,,2,106,tố tụng hình sự,
1120,s,1,51,hình sự,
1120,c,1,249,hình sự,
1121,,2,136,tố tụng hình sự,
1121,,2,106,tố tụng hình sự,
1121,,2,51,hình sự,
1121,s,1,51,hình sự,
1121,i,1,249,hình sự,
1121,g,1,249,hình sự,
1121,c,1,249,hình sự,
1121,,1,249,hình sự,
1122,,,106,tố tụng hình sự,
1122,,,38,hình sự,
1122,,2,51,hình sự,
1122,s,1,51,hình sự,
1122,i,1,249,hình sự,
1123,,2,136,tố tụng hình sự,
1123,,2,106,tố tụng hình sự,
1123,s,1,51,hình sự,
1123,c,1,249,hình sự,
1123,,1,249,hình sự,
1124,,2,136,tố tụng hình sự,
1124,,2,106,tố tụng hình sự,
1124,,2,51,hình sự,
1124,s,1,51,hình sự,
1124,i,1,249,hình sự,
1124,g,1,249,hình sự,
1124,c,1,249,hình sự,
1124,,1,249,hình sự,
1125,,2,136,tố tụng hình sự,
1125,,2,106,tố tụng hình sự,
1125,,2,51,hình sự,
1125,s,1,51,hình sự,
1125,c,1,249,hình sự,
1125,,1,249,hình sự,
1126,,,249,hình sự,
1126,,,106,tố tụng hình sự,
1126,,,47,hình sự,
1126,,,38,hình sự,
1126,s,1,51,hình sự,
1126,b,3,249,hình sự,
1127,,,333,tố tụng hình sự,
1127,,,331,tố tụng hình sự,
1127,,,136,tố tụng hình sự,
1127,,2,106,tố tụng hình sự,
1127,,,106,tố tụng hình sự,
1127,,,47,hình sự,
1127,,,38,hình sự,
1127,s,1,51,hình sự,
1127,c,1,249,hình sự,
1128,,,249,hình sự,
1128,,3,7,hình sự,
1128,h,2,52,hình sự,
1128,,,38,hình sự,
1128,h,1,52,hình sự,
1128,s,1,51,hình sự,
1128,,3,37,hình sự,
1128,,1,249,hình sự,
1128,,1,194,hình sự,
1129,,,333,tố tụng hình sự,
1129,,,331,tố tụng hình sự,
1129,,,136,tố tụng hình sự,
1129,,2,106,tố tụng hình sự,
1129,,,106,tố tụng hình sự,
1129,,,38,hình sự,
1129,h,1,52,hình sự,
1129,s,1,51,hình sự,
1129,,5,249,hình sự,
1129,c,1,249,hình sự,
1130,,,333,tố tụng hình sự,
1130,,,331,tố tụng hình sự,
1130,,,136,tố tụng hình sự,
1130,,2,106,tố tụng hình sự,
1130,,,47,hình sự,
1130,,,106,tố tụng hình sự,
1130,,,38,hình sự,
1130,s,1,51,hình sự,
1130,c,1,249,hình sự,
1131,,,333,tố tụng hình sự,
1131,,,331,tố tụng hình sự,
1131,,,136,tố tụng hình sự,
1131,,2,106,tố tụng hình sự,
1131,,,47,hình sự,
1131,,,106,tố tụng hình sự,
1131,,,38,hình sự,
1131,h,1,52,hình sự,
1131,s,1,51,hình sự,
1131,c,1,249,hình sự,
1131,,1,194,hình sự,
1132,,,333,tố tụng hình sự,
1132,,,331,tố tụng hình sự,
1132,,,136,tố tụng hình sự,
1132,,2,106,tố tụng hình sự,
1132,,,47,hình sự,
1132,,,38,hình sự,
1132,s,1,51,hình sự,
1132,c,1,249,hình sự,
1133,,,333,tố tụng hình sự,
1133,,,331,tố tụng hình sự,
1133,,,136,tố tụng hình sự,
1133,,2,106,tố tụng hình sự,
1133,,,106,tố tụng hình sự,
1133,,,38,hình sự,
1133,s,1,51,hình sự,
1133,,3,7,hình sự,
1133,c,1,249,hình sự,
1134,,,333,tố tụng hình sự,
1134,,,331,tố tụng hình sự,
1134,,,136,tố tụng hình sự,
1134,,2,106,tố tụng hình sự,
1134,,,106,tố tụng hình sự,
1134,,,47,hình sự,
1134,,,38,hình sự,
1134,s,1,51,hình sự,
1134,,5,249,hình sự,
1134,c,1,249,hình sự,
1135,,,333,tố tụng hình sự,
1135,,,331,tố tụng hình sự,
1135,,,136,tố tụng hình sự,
1135,,2,106,tố tụng hình sự,
1135,,,38,hình sự,
1135,s,1,51,hình sự,
1135,h,1,52,hình sự,
1135,,3,7,hình sự,
1135,c,1,249,hình sự,
1136,,,333,tố tụng hình sự,
1136,,,331,tố tụng hình sự,
1136,,,136,tố tụng hình sự,
1136,,2,106,tố tụng hình sự,
1136,,,106,tố tụng hình sự,
1136,,,47,hình sự,
1136,,,38,hình sự,
1136,s,1,51,hình sự,
1136,,5,249,hình sự,
1136,g,2,249,hình sự,
1136,,2,249,hình sự,
1137,,,333,tố tụng hình sự,
1137,,,331,tố tụng hình sự,
1137,,2,106,tố tụng hình sự,
1137,,,136,tố tụng hình sự,
1137,,,106,tố tụng hình sự,
1137,,,47,hình sự,
1137,,,38,hình sự,
1137,s,1,51,hình sự,
1137,c,1,249,hình sự,
1138,,,333,tố tụng hình sự,
1138,,,331,tố tụng hình sự,
1138,,,136,tố tụng hình sự,
1138,,2,106,tố tụng hình sự,
1138,,1,194,hình sự,
1138,,,106,tố tụng hình sự,
1138,,,249,hình sự,
1138,,1,249,hình sự,
1138,,,38,hình sự,
1138,s,1,51,hình sự,
1138,,3,7,hình sự,
1138,c,1,249,hình sự,
1139,,,333,tố tụng hình sự,
1139,,,331,tố tụng hình sự,
1139,,,136,tố tụng hình sự,
1139,,2,106,tố tụng hình sự,
1139,,,106,tố tụng hình sự,
1139,,1,194,hình sự,
1139,,,249,hình sự,
1139,,,38,hình sự,
1139,s,1,51,hình sự,
1139,,3,7,hình sự,
1139,,1,249,hình sự,
1139,c,1,249,hình sự,
1140,,2,136,tố tụng hình sự,
1140,a,3,106,tố tụng hình sự,
1140,c,2,106,tố tụng hình sự,
1140,a,2,106,tố tụng hình sự,
1140,c,1,47,hình sự,
1140,,1,249,hình sự,
1140,s,1,51,hình sự,
1140,c,1,249,hình sự,
1141,,2,136,tố tụng hình sự,
1141,a,2,106,tố tụng hình sự,
1141,c,1,47,hình sự,
1141,a,1,47,hình sự,
1141,s,1,51,hình sự,
1141,,2,51,hình sự,
1141,c,1,249,hình sự,
1142,,,333,tố tụng hình sự,
1142,,,331,tố tụng hình sự,
1142,,,136,tố tụng hình sự,
1142,,,106,tố tụng hình sự,
1142,,2,106,tố tụng hình sự,
1142,,,38,hình sự,
1142,s,1,51,hình sự,
1142,c,1,249,hình sự,
1143,,,333,tố tụng hình sự,
1143,,,331,tố tụng hình sự,
1143,,,136,tố tụng hình sự,
1143,,2,106,tố tụng hình sự,
1143,,,106,tố tụng hình sự,
1143,,,38,hình sự,
1143,,,33,hình sự,
1143,s,1,51,hình sự,
1143,,5,249,hình sự,
1143,c,1,249,hình sự,
1144,,,106,tố tụng hình sự,
1144,,,58,hình sự,
1144,,,47,hình sự,
1144,,2,136,tố tụng hình sự,
1144,h,1,52,hình sự,
1144,,5,249,hình sự,
1144,,,38,hình sự,
1144,s,1,51,hình sự,
1144,g,1,249,hình sự,
1145,a,2,106,tố tụng hình sự,
1145,,,135,tố tụng hình sự,
1145,c,1,47,hình sự,
1145,,2,51,hình sự,
1145,s,1,51,hình sự,
1145,c,1,249,hình sự,
1146,,,135,tố tụng hình sự,
1146,,2,51,hình sự,
1146,s,1,51,hình sự,
1146,c,1,249,hình sự,
1147,,,135,tố tụng hình sự,
1147,a,3,106,tố tụng hình sự,
1147,c,3,106,tố tụng hình sự,
1147,a,2,106,tố tụng hình sự,
1147,c,1,47,hình sự,
1147,,2,51,hình sự,
1147,s,1,51,hình sự,
1147,c,1,249,hình sự,
1148,,,136,tố tụng hình sự,
1148,a,3,106,tố tụng hình sự,
1148,,,135,tố tụng hình sự,
1148,a,2,106,tố tụng hình sự,
1148,c,1,47,hình sự,
1148,,2,51,hình sự,
1148,s,1,51,hình sự,
1148,c,1,249,hình sự,
1149,,,135,tố tụng hình sự,
1149,c,1,47,hình sự,
1149,a,2,106,tố tụng hình sự,
1149,s,1,51,hình sự,
1149,c,1,249,hình sự,
1150,,,135,tố tụng hình sự,
1150,,2,51,hình sự,
1150,g,1,194,hình sự,
1150,a,2,106,tố tụng hình sự,
1150,c,1,47,hình sự,
1150,h,1,52,hình sự,
1150,g,1,249,hình sự,
1150,s,1,51,hình sự,
1151,,,135,tố tụng hình sự,
1151,,2,47,hình sự,
1151,c,1,47,hình sự,
1151,s,1,51,hình sự,
1151,,1,249,hình sự,
1151,,1,194,hình sự,
1151,,3,7,hình sự,
1152,,,333,tố tụng hình sự,
1152,,,331,tố tụng hình sự,
1152,,,136,tố tụng hình sự,
1152,,,106,tố tụng hình sự,
1152,,,65,hình sự,
1152,,,47,hình sự,
1152,x,1,51,hình sự,
1152,s,1,51,hình sự,
1152,o,1,51,hình sự,
1152,i,1,51,hình sự,
1152,,1,248,tố tụng hình sự,
1152,,2,51,hình sự,
1152,,1,249,hình sự,
1152,,3,248,tố tụng hình sự,
1152,,3,249,hình sự,
1153,,,333,tố tụng hình sự,
1153,,,331,tố tụng hình sự,
1153,,,106,tố tụng hình sự,
1153,,,136,tố tụng hình sự,
1153,,2,51,hình sự,
1153,c,1,249,hình sự,
1153,s,1,51,hình sự,
1154,,,333,tố tụng hình sự,
1154,,,331,tố tụng hình sự,
1154,,,136,tố tụng hình sự,
1154,,2,51,hình sự,
1154,,,106,tố tụng hình sự,
1154,s,1,51,hình sự,
1154,c,1,249,hình sự,
1155,,1,194,hình sự,
1155,,,333,tố tụng hình sự,
1155,,,331,tố tụng hình sự,
1155,,,136,tố tụng hình sự,
1155,,,106,tố tụng hình sự,
1155,,2,51,hình sự,
1155,s,1,51,hình sự,
1155,c,1,249,hình sự,
1156,,2,51,hình sự,
1156,,1,194,hình sự,
1156,,,333,tố tụng hình sự,
1156,,,331,tố tụng hình sự,
1156,,,136,tố tụng hình sự,
1156,,,106,tố tụng hình sự,
1156,s,1,51,hình sự,
1156,c,1,249,hình sự,
1157,,,356,tố tụng hình sự,107/2017/HSST
1157,a,1,355,tố tụng hình sự,107/2017/HSST
1157,h,3,249,hình sự,107/2017/HSST
1157,,3,7,hình sự,107/2017/HSST
1157,,,53,hình sự,107/2017/HSST
1157,p,1,46,hình sự,107/2017/HSST
1157,,2,46,hình sự,107/2017/HSST
1157,h,3,194,hình sự,107/2017/HSST
1158,,,333,tố tụng hình sự,
1158,,,331,tố tụng hình sự,
1158,,,136,tố tụng hình sự,
1158,,,329,tố tụng hình sự,
1158,,,106,tố tụng hình sự,
1158,,,47,hình sự,
1158,,2,51,hình sự,
1158,,,38,hình sự,
1158,s,1,51,hình sự,
1158,c,1,249,hình sự,
1159,,,333,tố tụng hình sự,
1159,,,136,tố tụng hình sự,
1159,,,331,tố tụng hình sự,
1159,,,329,tố tụng hình sự,
1159,,,106,tố tụng hình sự,
1159,,,47,hình sự,
1159,,,38,hình sự,
1159,s,1,51,hình sự,
1159,c,1,249,hình sự,
1160,,,47,hình sự,21/2018/HSST
1160,b,1,355,tố tụng hình sự,21/2018/HSST
1160,,,357,tố tụng hình sự,21/2018/HSST
1160,,2,51,hình sự,21/2018/HSST
1160,s,1,51,hình sự,21/2018/HSST
1160,,2,46,hình sự,21/2018/HSST
1160,p,1,46,hình sự,21/2018/HSST
1160,,5,194,hình sự,21/2018/HSST
1160,o,2,194,hình sự,21/2018/HSST
1161,,,333,tố tụng hình sự,
1161,,,331,tố tụng hình sự,
1161,,,136,tố tụng hình sự,
1161,,5,249,hình sự,
1161,,,106,tố tụng hình sự,
1161,,2,47,hình sự,
1161,,1,47,hình sự,
1161,,,38,hình sự,
1161,s,1,51,hình sự,
1161,,2,51,hình sự,
1161,i,1,249,hình sự,
1162,,,333,tố tụng hình sự,
1162,,,331,tố tụng hình sự,
1162,,,136,tố tụng hình sự,
1162,,5,249,hình sự,
1162,,2,51,hình sự,
1162,,,106,tố tụng hình sự,
1162,,,47,hình sự,
1162,s,1,51,hình sự,
1162,,,38,hình sự,
1162,c,1,249,hình sự,
1164,,2,136,tố tụng hình sự,
1164,,2,135,tố tụng hình sự,
1164,,,47,hình sự,
1164,,5,249,hình sự,
1164,,2,70,hình sự,
1164,,,249,hình sự,
1164,,,106,tố tụng hình sự,
1164,,,38,hình sự,
1164,,,50,hình sự,
1164,h,1,52,hình sự,
1164,c,1,249,hình sự,
1164,s,1,51,hình sự,
1166,,,30,,thi hành án dân sự
1166,,,9,,thi hành án dân sự
1166,,,7b,,thi hành án dân sự
1166,,,7a,,thi hành án dân sự
1166,,,7,,thi hành án dân sự
1166,,,2,,thi hành án dân sự
1166,,,6,,thi hành án dân sự
1166,,2,136,tố tụng hình sự,
1166,,,47,hình sự,
1166,,,106,tố tụng hình sự,
1166,,2,51,hình sự,
1166,s,1,51,hình sự,
1166,c,1,249,hình sự,
1167,,,333,tố tụng hình sự,
1167,,,298,tố tụng hình sự,
1167,,,331,tố tụng hình sự,
1167,,,136,tố tụng hình sự,
1167,,,106,tố tụng hình sự,
1167,,5,249,hình sự,
1167,s,1,51,hình sự,
1167,c,1,249,hình sự,
1168,,,333,tố tụng hình sự,
1168,,,331,tố tụng hình sự,
1168,,,298,tố tụng hình sự,
1168,,,136,tố tụng hình sự,
1168,,,106,tố tụng hình sự,
1168,,1,46,hình sự,
1168,,5,249,hình sự,
1168,,,7,hình sự,
1168,,1,194,hình sự,
1168,c,1,249,hình sự,
1168,s,1,51,hình sự,
1169,,,333,tố tụng hình sự,
1169,,,331,tố tụng hình sự,
1169,,,136,tố tụng hình sự,
1169,,,298,tố tụng hình sự,
1169,,,106,tố tụng hình sự,
1169,,2,51,hình sự,
1169,,5,249,hình sự,
1169,s,1,51,hình sự,
1169,i,1,249,hình sự,
1170,,,333,tố tụng hình sự,
1170,,,136,tố tụng hình sự,
1170,,,331,tố tụng hình sự,
1170,,,106,tố tụng hình sự,
1170,a,1,46,hình sự,
1170,,5,249,hình sự,
1170,s,1,51,hình sự,
1170,n,2,249,hình sự,
1171,,5,249,hình sự,
1171,a,3,106,tố tụng hình sự,
1171,c,2,106,tố tụng hình sự,
1171,a,2,106,tố tụng hình sự,
1171,c,1,47,hình sự,
1171,a,1,47,hình sự,
1171,b,1,46,hình sự,
1171,a,1,46,hình sự,
1171,s,1,51,hình sự,
1171,c,1,249,hình sự,
1172,,2,136,tố tụng hình sự,
1172,,,106,tố tụng hình sự,
1172,,,329,tố tụng hình sự,
1172,,,47,hình sự,
1172,,1,52,hình sự,
1172,,1,249,hình sự,
1172,c,1,249,hình sự,
1172,s,1,51,hình sự,
1172,,1,138,hình sự,
1172,,2,136,hình sự,
1173,,,329,tố tụng hình sự,
1173,,5,249,hình sự,
1173,,,249,hình sự,
1173,,1,52,hình sự,
1173,,,99,tố tụng hình sự,
1173,,,106,tố tụng hình sự,
1173,,,47,hình sự,
1173,,,38,hình sự,
1173,s,1,51,hình sự,
1173,c,1,249,hình sự,
1174,,,106,tố tụng hình sự,
1174,,,41,hình sự,
1174,,,329,tố tụng hình sự,
1174,,,52,hình sự,
1174,,2,136,tố tụng hình sự,
1174,a,1,249,hình sự,
1174,s,1,51,hình sự,
1175,,,136,tố tụng hình sự,
1175,,,47,hình sự,
1175,,,135,tố tụng hình sự,
1175,,,106,tố tụng hình sự,
1175,,2,51,hình sự,
1175,,5,249,hình sự,
1175,s,1,51,hình sự,
1175,c,1,249,hình sự,
1176,,2,136,tố tụng hình sự,
1176,,2,106,tố tụng hình sự,
1176,,2,135,tố tụng hình sự,
1176,,2,47,hình sự,
1176,,1,47,hình sự,
1176,,,38,hình sự,
1176,a,3,106,tố tụng hình sự,
1176,c,2,106,tố tụng hình sự,
1176,b,2,106,tố tụng hình sự,
1176,c,1,47,hình sự,
1176,a,2,106,tố tụng hình sự,
1176,b,1,47,hình sự,
1176,a,1,47,hình sự,
1176,a,1,46,hình sự,
1176,,,58,hình sự,
1176,,,17,hình sự,
1176,,2,51,hình sự,
1176,a,1,55,hình sự,
1176,,,251,hình sự,
1176,s,1,51,hình sự,
1176,,,249,hình sự,
1176,c,1,249,hình sự,
1176,,1,251,hình sự,
1177,,2,136,tố tụng hình sự,
1177,,2,135,tố tụng hình sự,
1177,,1,106,tố tụng hình sự,
1177,,,38,hình sự,
1177,a,1,46,hình sự,
1177,a,2,106,tố tụng hình sự,
1177,c,1,47,hình sự,
1177,s,1,51,hình sự,
1177,c,1,249,hình sự,
1178,,,136,tố tụng hình sự,
1178,,,106,tố tụng hình sự,
1178,,,47,hình sự,
1178,,,38,hình sự,
1178,,,52,hình sự,
1178,,2,51,hình sự,
1178,,,249,hình sự,
1178,s,1,51,hình sự,
1178,c,1,249,hình sự,
1179,,,106,tố tụng hình sự,
1179,,,47,hình sự,
1179,s,1,51,hình sự,
1179,,,38,hình sự,
1179,c,1,249,hình sự,
1180,a,2,106,tố tụng hình sự,
1180,,,136,tố tụng hình sự,
1180,,,38,hình sự,
1180,s,1,51,hình sự,
1180,,2,51,hình sự,
1180,g,2,249,hình sự,
1181,,2,136,tố tụng hình sự,79/2018/HSST
1181,c,2,106,tố tụng hình sự,79/2018/HSST
1181,a,2,106,tố tụng hình sự,79/2018/HSST
1181,a,1,47,hình sự,79/2018/HSST
1181,c,1,47,hình sự,79/2018/HSST
1181,,1,54,hình sự,79/2018/HSST
1181,t,1,51,hình sự,79/2018/HSST
1181,v,1,51,hình sự,79/2018/HSST
1181,s,1,51,hình sự,79/2018/HSST
1181,c,1,249,hình sự,79/2018/HSST
1181,,,355,tố tụng hình sự,79/2018/HSST
1181,,,357,tố tụng hình sự,79/2018/HSST
1181,,,52,hình sự,79/2018/HSST
1181,,,54,hình sự,79/2018/HSST
1181,,,249,hình sự,79/2018/HSST
1181,,,344,tố tụng hình sự,79/2018/HSST
1181,,,333,tố tụng hình sự,79/2018/HSST
1181,,,331,tố tụng hình sự,79/2018/HSST
1181,,1,268,tố tụng hình sự,79/2018/HSST
1181,,1,249,hình sự,79/2018/HSST
1182,a,3,106,tố tụng hình sự,
1182,,1,106,tố tụng hình sự,
1182,,,136,tố tụng hình sự,
1182,,1,50,hình sự,
1182,,,52,hình sự,
1182,c,2,106,tố tụng hình sự,
1182,,3,106,tố tụng hình sự,
1182,a,2,106,tố tụng hình sự,
1182,a,1,47,hình sự,
1182,c,1,47,hình sự,
1182,b,1,46,hình sự,
1182,a,1,46,hình sự,
1182,s,1,51,hình sự,
1182,,,38,hình sự,
1182,c,1,249,hình sự,
1183,,,136,tố tụng hình sự,
1183,c,2,106,tố tụng hình sự,
1183,a,2,106,tố tụng hình sự,
1183,a,3,106,tố tụng hình sự,
1183,a,1,47,hình sự,
1183,c,1,47,hình sự,
1183,,1,101,hình sự,
1183,,,91,hình sự,
1183,,1,50,hình sự,
1183,,,58,hình sự,
1183,s,1,51,hình sự,
1183,c,1,249,hình sự,
1183,,,38,hình sự,
1183,,3,106,tố tụng hình sự,
1183,,,101,hình sự,
1183,,2,106,tố tụng hình sự,
1183,o,1,52,hình sự,
1184,,,333,tố tụng hình sự,
1184,,,331,tố tụng hình sự,
1184,c,2,106,tố tụng hình sự,
1184,,2,136,tố tụng hình sự,
1184,a,2,106,tố tụng hình sự,
1184,h,1,52,hình sự,
1184,c,1,47,hình sự,
1184,s,1,51,hình sự,
1184,g,1,249,hình sự,
1185,,,30,,thi hành án dân sự
1185,,,9,,thi hành án dân sự
1185,,,6,,thi hành án dân sự
1185,,,7,,thi hành án dân sự
1185,,,2,,thi hành án dân sự
1185,,2,136,tố tụng hình sự,
1185,,2,135,tố tụng hình sự,
1185,a,2,106,tố tụng hình sự,
1185,,,249,hình sự,
1185,a,2,106,hình sự,
1185,,,38,hình sự,
1185,c,1,47,hình sự,
1185,s,1,51,hình sự,
1185,c,1,249,hình sự,
1186,,,337,tố tụng hình sự,
1186,,,333,tố tụng hình sự,
1186,,,331,tố tụng hình sự,
1186,,,136,tố tụng hình sự,
1186,,5,249,hình sự,
1186,c,2,106,tố tụng hình sự,
1186,c,1,47,hình sự,
1186,a,2,106,tố tụng hình sự,
1186,,,38,hình sự,
1186,s,1,51,hình sự,
1186,,2,51,hình sự,
1186,c,1,249,hình sự,
1186,,1,249,hình sự,
1187,,,106,tố tụng hình sự,
1187,,,48,hình sự,
1187,s,1,51,hình sự,
1187,,,47,hình sự,
1187,,1,249,hình sự,
1188,,,329,tố tụng hình sự,
1188,,,136,tố tụng hình sự,
1188,,,106,tố tụng hình sự,
1188,,,47,hình sự,
1188,,5,249,hình sự,
1188,s,1,51,hình sự,
1188,c,1,249,hình sự,
1188,,,38,hình sự,
1189,,,136,tố tụng hình sự,
1189,,,106,tố tụng hình sự,
1189,,,41,hình sự,
1189,,5,194,hình sự,
1189,p,1,46,hình sự,
1189,g,1,48,hình sự,
1189,,,33,hình sự,
1189,c,1,249,hình sự,
1189,,3,7,hình sự,
1189,,1,194,hình sự,
1190,,,136,tố tụng hình sự,
1190,,,106,tố tụng hình sự,
1190,,,47,hình sự,
1190,s,1,51,hình sự,
1190,p,1,51,hình sự,
1190,g,2,249,hình sự,
1191,,,333,tố tụng hình sự,
1191,,,331,tố tụng hình sự,
1191,,,136,tố tụng hình sự,
1191,,,135,tố tụng hình sự,
1191,,,329,tố tụng hình sự,
1191,,,106,tố tụng hình sự,
1191,,,52,hình sự,
1191,,,47,hình sự,
1191,,,38,hình sự,
1191,s,1,51,hình sự,
1191,,2,51,hình sự,
1191,g,2,249,hình sự,
1192,,,30,,thi hành án dân sự
1192,,,2,,thi hành án dân sự
1192,,,136,tố tụng hình sự,
1192,,,106,tố tụng hình sự,
1192,,,47,hình sự,
1192,s,1,51,hình sự,
1192,c,1,249,hình sự,
1193,c,2,106,tố tụng hình sự,
1193,,2,136,tố tụng hình sự,
1193,,2,135,tố tụng hình sự,
1193,,1,135,tố tụng hình sự,
1193,a,2,106,tố tụng hình sự,
1193,c,1,47,hình sự,
1193,a,1,46,hình sự,
1193,,,38,hình sự,
1193,h,1,52,hình sự,
1193,c,1,249,hình sự,
1193,s,1,51,hình sự,
1194,c,2,106,tố tụng hình sự,
1194,,2,136,tố tụng hình sự,
1194,,2,135,tố tụng hình sự,
1194,a,2,106,tố tụng hình sự,
1194,c,1,47,hình sự,
1194,a,1,46,hình sự,
1194,,,38,hình sự,
1194,s,1,51,hình sự,
1194,h,1,52,hình sự,
1194,c,1,249,hình sự,
1195,,,136,tố tụng hình sự,
1195,,,106,tố tụng hình sự,
1195,s,1,51,hình sự,
1195,c,1,249,hình sự,
1196,,,136,tố tụng hình sự,
1196,h,1,52,hình sự,
1196,c,1,47,hình sự,
1196,s,1,51,hình sự,
1196,c,1,249,hình sự,
1196,a,2,106,tố tụng hình sự,
1197,,,136,tố tụng hình sự,
1197,,,47,hình sự,
1197,,,106,tố tụng hình sự,
1197,,,329,tố tụng hình sự,
1197,s,1,51,hình sự,
1197,,2,51,hình sự,
1197,c,1,249,hình sự,
1200,,,30,,thi hành án dân sự
1200,,,7,,thi hành án dân sự
1200,,,9,,thi hành án dân sự
1200,,,2,,thi hành án dân sự
1200,,,6,,thi hành án dân sự
1200,,,333,tố tụng hình sự,
1200,,,331,tố tụng hình sự,
1200,,,35,tố tụng hình sự,
1200,,,36,tố tụng hình sự,
1200,,,47,hình sự,
1200,,2,51,hình sự,
1200,s,1,51,hình sự,
1200,c,1,249,hình sự,
1200,,1,249,hình sự,
1202,,,136,tố tụng hình sự,327/2018/HS-ST
1202,,,38,hình sự,327/2018/HS-ST
1202,c,,357,tố tụng hình sự,327/2018/HS-ST
1202,,2,51,hình sự,327/2018/HS-ST
1202,b,1,355,tố tụng hình sự,327/2018/HS-ST
1202,,3,7,hình sự,327/2018/HS-ST
1202,,,54,hình sự,327/2018/HS-ST
1202,s,1,51,hình sự,327/2018/HS-ST
1202,x,1,51,hình sự,327/2018/HS-ST
1202,c,1,249,hình sự,327/2018/HS-ST
1202,,1,194,hình sự,327/2018/HS-ST
1203,,,333,tố tụng hình sự,
1203,,,331,tố tụng hình sự,
1203,,2,136,tố tụng hình sự,
1203,a,2,106,tố tụng hình sự,
1203,c,1,47,hình sự,
1203,s,1,51,hình sự,
1203,c,1,249,hình sự,
1204,,,333,tố tụng hình sự,
1204,,,331,tố tụng hình sự,
1204,,2,136,tố tụng hình sự,
1204,a,2,106,tố tụng hình sự,
1204,c,1,47,hình sự,
1204,,2,51,hình sự,
1204,s,1,51,hình sự,
1204,c,1,249,hình sự,
1205,,,333,tố tụng hình sự,
1205,,,331,tố tụng hình sự,
1205,,2,136,tố tụng hình sự,
1205,a,2,106,tố tụng hình sự,
1205,c,1,47,hình sự,
1205,h,1,52,hình sự,
1205,s,1,51,hình sự,
1205,c,1,249,hình sự,
1206,,,333,tố tụng hình sự,
1206,,2,136,tố tụng hình sự,
1206,,,331,tố tụng hình sự,
1206,a,2,106,tố tụng hình sự,
1206,c,1,47,hình sự,
1206,h,1,52,hình sự,
1206,s,1,51,hình sự,
1206,c,1,249,hình sự,
1207,a,2,106,tố tụng hình sự,
1207,s,1,51,hình sự,
1207,o,2,249,hình sự,
1208,,,333,tố tụng hình sự,
1208,,,331,tố tụng hình sự,
1208,,2,136,tố tụng hình sự,
1208,,,47,hình sự,
1208,,,106,tố tụng hình sự,
1208,,2,106,tố tụng hình sự,
1208,,,38,hình sự,
1208,,,50,hình sự,
1208,s,1,51,hình sự,
1208,c,1,249,hình sự,
1209,,,30,,thi hành án dân sự
1209,,,9,,thi hành án dân sự
1209,,,7,,thi hành án dân sự
1209,,,6,,thi hành án dân sự
1209,,,2,,thi hành án dân sự
1209,,,26,,thi hành án dân sự
1209,,2,136,tố tụng hình sự,
1209,,3,106,tố tụng hình sự,
1209,c,2,106,tố tụng hình sự,
1209,a,2,106,tố tụng hình sự,
1209,,1,106,tố tụng hình sự,
1209,,,47,hình sự,
1209,,,46,hình sự,
1209,,,38,hình sự,
1209,,2,51,hình sự,
1209,s,1,51,hình sự,
1209,c,1,249,hình sự,
1209,,5,249,hình sự,
1209,,,249,hình sự,
1210,,,30,,thi hành án dân sự
1210,,,9,,thi hành án dân sự
1210,,,7,,thi hành án dân sự
1210,,,6,,thi hành án dân sự
1210,,,2,,thi hành án dân sự
1210,,,26,,thi hành án dân sự
1210,,2,136,tố tụng hình sự,
1210,,3,106,tố tụng hình sự,
1210,c,2,106,tố tụng hình sự,
1210,a,2,106,tố tụng hình sự,
1210,,1,106,tố tụng hình sự,
1210,,,47,hình sự,
1210,,,46,hình sự,
1210,,,38,hình sự,
1210,,2,51,hình sự,
1210,s,1,51,hình sự,
1210,c,1,249,hình sự,
1210,i,1,249,hình sự,
1210,,5,249,hình sự,
1210,,,249,hình sự,
1211,,,9,,thi hành án dân sự
1211,,,30,,thi hành án dân sự
1211,,,7,,thi hành án dân sự
1211,,,6,,thi hành án dân sự
1211,,,2,,thi hành án dân sự
1211,,,26,,thi hành án dân sự
1211,,2,136,tố tụng hình sự,
1211,c,2,106,tố tụng hình sự,
1211,a,2,106,tố tụng hình sự,
1211,,3,106,tố tụng hình sự,
1211,,1,106,tố tụng hình sự,
1211,,,47,hình sự,
1211,,,46,hình sự,
1211,,,38,hình sự,
1211,,2,51,hình sự,
1211,s,1,51,hình sự,
1211,b,3,249,hình sự,
1211,,5,249,hình sự,
1211,,,249,hình sự,
1212,,,30,,thi hành án dân sự
1212,,,9,,thi hành án dân sự
1212,,,6,,thi hành án dân sự
1212,,,7,,thi hành án dân sự
1212,,,2,,thi hành án dân sự
1212,,,26,,thi hành án dân sự
1212,,2,136,tố tụng hình sự,
1212,,2,51,hình sự,
1212,,5,249,hình sự,
1212,,,249,hình sự,
1212,,3,106,tố tụng hình sự,
1212,c,2,106,tố tụng hình sự,
1212,a,2,106,tố tụng hình sự,
1212,,1,106,tố tụng hình sự,
1212,,,47,hình sự,
1212,,,46,hình sự,
1212,,,38,hình sự,
1212,s,1,51,hình sự,
1212,c,1,249,hình sự,
1213,,,30,,thi hành án dân sự
1213,,,9,,thi hành án dân sự
1213,,,7,,thi hành án dân sự
1213,,,6,,thi hành án dân sự
1213,,,2,,thi hành án dân sự
1213,,,26,,thi hành án dân sự
1213,,2,136,tố tụng hình sự,
1213,,5,249,hình sự,
1213,,2,51,hình sự,
1213,,,249,hình sự,
1213,,3,106,tố tụng hình sự,
1213,c,2,106,tố tụng hình sự,
1213,a,2,106,tố tụng hình sự,
1213,,1,106,tố tụng hình sự,
1213,,,47,hình sự,
1213,,,46,hình sự,
1213,,,38,hình sự,
1213,s,1,51,hình sự,
1213,c,1,249,hình sự,
1214,,,38,hình sự,
1214,o,2,249,hình sự,
1214,s,1,51,hình sự,
1215,,,38,hình sự,
1215,s,1,51,hình sự,
1215,n,2,249,hình sự,
1216,,,38,hình sự,
1216,n,2,249,hình sự,
1216,s,1,51,hình sự,
1217,,,38,hình sự,
1217,c,1,249,hình sự,
1217,s,1,51,hình sự,
1218,,,106,tố tụng hình sự,
1218,,5,249,hình sự,
1218,,2,51,hình sự,
1218,t,1,51,hình sự,
1218,s,1,51,hình sự,
1218,b,1,249,hình sự,
1219,,,136,tố tụng hình sự,
1219,c,1,47,hình sự,
1219,h,1,52,hình sự,
1219,c,1,249,hình sự,
1219,s,1,51,hình sự,
1219,a,2,106,tố tụng hình sự,
1220,s,1,51,hình sự,
1220,,,136,tố tụng hình sự,
1220,r,1,51,hình sự,
1220,h,1,51,hình sự,
1220,g,2,173,hình sự,
1221,c,2,106,tố tụng hình sự,
1221,c,1,47,hình sự,
1221,a,2,106,tố tụng hình sự,
1221,a,1,47,hình sự,
1221,s,1,51,hình sự,
1221,c,1,249,hình sự,
1221,,,136,tố tụng hình sự,
1221,h,1,52,hình sự,
1222,,3,106,tố tụng hình sự,
1222,,2,47,hình sự,
1222,a,2,106,tố tụng hình sự,
1222,c,1,47,hình sự,
1222,h,1,52,hình sự,
1222,s,1,51,hình sự,
1222,c,1,249,hình sự,
1223,,,30,,thi hành án dân sự
1223,,,9,,thi hành án dân sự
1223,,,7,,thi hành án dân sự
1223,,,6,,thi hành án dân sự
1223,,,2,,thi hành án dân sự
1223,,,333,tố tụng hình sự,
1223,,,135,tố tụng hình sự,
1223,,,136,tố tụng hình sự,
1223,,3,106,tố tụng hình sự,
1223,,2,106,tố tụng hình sự,
1223,,,48,hình sự,
1223,,,47,hình sự,
1223,,,46,hình sự,
1223,,3,7,hình sự,
1223,,,38,hình sự,
1223,i,1,249,hình sự,
1223,,,293,tố tụng hình sự,
1223,c,1,249,hình sự,
1223,,,292,tố tụng hình sự,
1223,,,106,tố tụng hình sự,
1223,s,1,51,hình sự,
1224,,,9,,thi hành án dân sự
1224,,,30,,thi hành án dân sự
1224,,,7,,thi hành án dân sự
1224,,,2,,thi hành án dân sự
1224,,,6,,thi hành án dân sự
1224,,,333,tố tụng hình sự,
1224,,,136,tố tụng hình sự,
1224,,,135,tố tụng hình sự,
1224,,,106,tố tụng hình sự,
1224,,2,228,,dân sự
1224,,,46,hình sự,
1224,,2,116,,Luật xử lý vi phạm hành chính
1224,t,1,51,hình sự,
1224,s,1,51,hình sự,
1224,c,1,249,hình sự,
1224,,,293,tố tụng hình sự,
1224,,,47,hình sự,
1224,,,116,,Luật xử lý vi phạm hành chính
1224,,2,51,hình sự,
1225,,,30,,thi hành án dân sự
1225,,,7,,thi hành án dân sự
1225,,,9,,thi hành án dân sự
1225,,,2,,thi hành án dân sự
1225,,,6,,thi hành án dân sự
1225,,,333,tố tụng hình sự,
1225,,,136,tố tụng hình sự,
1225,,,135,tố tụng hình sự,
1225,b,3,106,tố tụng hình sự,
1225,,2,116,,Luật xử lý vi phạm hành chính
1225,,,292,tố tụng hình sự,
1225,,,106,tố tụng hình sự,
1225,,,47,hình sự,
1225,,2,51,hình sự,
1225,,,46,hình sự,
1225,s,1,51,hình sự,
1225,t,1,51,hình sự,
1225,c,1,249,hình sự,
1226,,,30,,thi hành án dân sự
1226,,,9,,thi hành án dân sự
1226,,,6,,thi hành án dân sự
1226,,,7,,thi hành án dân sự
1226,,,2,,thi hành án dân sự
1226,,,333,tố tụng hình sự,
1226,,,136,tố tụng hình sự,
1226,,,293,tố tụng hình sự,
1226,,,135,tố tụng hình sự,
1226,,,106,tố tụng hình sự,
1226,,,47,hình sự,
1226,,,46,hình sự,
1226,,2,51,hình sự,
1226,,,38,hình sự,
1226,t,1,51,hình sự,
1226,s,1,51,hình sự,
1226,i,1,249,hình sự,
1227,,,337,tố tụng hình sự,
1227,,,333,tố tụng hình sự,
1227,,,331,tố tụng hình sự,
1227,,2,136,tố tụng hình sự,
1227,,,38,hình sự,
1227,,2,106,tố tụng hình sự,
1227,,5,249,hình sự,
1227,c,1,249,hình sự,
1228,,1,262,tố tụng hình sự,
1228,g,2,260,tố tụng hình sự,
1228,e,2,260,tố tụng hình sự,
1228,d,2,260,tố tụng hình sự,
1228,đ,2,260,tố tụng hình sự,
1228,c,2,260,tố tụng hình sự,
1228,b,2,260,tố tụng hình sự,
1228,,,423,tố tụng hình sự,
1228,,,260,tố tụng hình sự,
1228,,,254,tố tụng hình sự,
1228,,1,333,tố tụng hình sự,
1228,,2,135,tố tụng hình sự,
1228,,,38,hình sự,
1228,,5,249,hình sự,
1228,a,3,106,tố tụng hình sự,
1228,,,106,tố tụng hình sự,
1228,a,2,106,tố tụng hình sự,
1228,s,1,51,hình sự,
1228,g,2,249,hình sự,
1229,,,337,tố tụng hình sự,
1229,,,333,tố tụng hình sự,
1229,,,326,tố tụng hình sự,
1229,,1,47,hình sự,
1229,,,136,tố tụng hình sự,
1229,,,106,tố tụng hình sự,
1229,,,47,hình sự,
1229,,,38,hình sự,
1229,,2,51,hình sự,
1229,s,1,51,hình sự,
1229,c,1,249,hình sự,
1230,,,333,tố tụng hình sự,
1230,,,331,tố tụng hình sự,
1230,,2,136,tố tụng hình sự,
1230,a,2,106,tố tụng hình sự,
1230,c,1,47,hình sự,
1230,s,1,51,hình sự,
1230,,2,51,hình sự,
1230,h,1,52,hình sự,
1230,c,1,249,hình sự,
1230,,1,138,hình sự,
1231,,,331,tố tụng hình sự,
1231,,,333,tố tụng hình sự,
1231,,2,136,tố tụng hình sự,
1231,c,1,47,hình sự,
1231,a,2,106,tố tụng hình sự,
1231,,2,51,hình sự,
1231,s,1,51,hình sự,
1231,c,1,249,hình sự,
1232,,2,136,tố tụng hình sự,
1232,,2,135,tố tụng hình sự,
1232,c,1,47,hình sự,
1232,a,2,106,tố tụng hình sự,
1232,c,1,249,hình sự,
1232,s,1,51,hình sự,
1232,,1,249,hình sự,
1233,c,1,47,hình sự,
1233,,2,136,tố tụng hình sự,
1233,s,1,51,hình sự,
1233,c,1,249,hình sự,
1234,e,3,249,hình sự,
1234,,2,136,tố tụng hình sự,
1234,b,3,249,hình sự,
1234,a,2,106,tố tụng hình sự,
1234,,,249,hình sự,
1234,c,1,47,hình sự,
1234,,2,51,hình sự,
1234,h,1,52,hình sự,
1234,s,1,51,hình sự,
1234,n,2,249,hình sự,
1235,,,30,,thi hành án dân sự
1235,,,9,,thi hành án dân sự
1235,,,7a,,thi hành án dân sự
1235,,,7,,thi hành án dân sự
1235,,,6,,thi hành án dân sự
1235,,,2,,thi hành án dân sự
1235,,,333,tố tụng hình sự,
1235,,,331,tố tụng hình sự,
1235,,,332,tố tụng hình sự,
1235,,,136,tố tụng hình sự,
1235,,,106,tố tụng hình sự,
1235,,,47,hình sự,
1235,,2,51,hình sự,
1235,,,38,hình sự,
1235,,5,249,hình sự,
1235,c,1,249,hình sự,
1235,s,1,51,hình sự,
1236,,,331,tố tụng hình sự,
1236,,,333,tố tụng hình sự,
1236,,2,136,tố tụng hình sự,
1236,a,2,106,tố tụng hình sự,
1236,c,1,47,hình sự,
1236,,2,51,hình sự,
1236,s,1,51,hình sự,
1236,c,1,249,hình sự,
1237,,,333,tố tụng hình sự,
1237,,,331,tố tụng hình sự,
1237,,2,136,tố tụng hình sự,
1237,a,2,106,tố tụng hình sự,
1237,c,1,47,hình sự,
1237,,2,51,hình sự,
1237,s,1,51,hình sự,
1237,g,2,249,hình sự,
1238,,,333,tố tụng hình sự,
1238,,,331,tố tụng hình sự,
1238,,2,136,tố tụng hình sự,
1238,a,2,106,tố tụng hình sự,
1238,c,1,47,hình sự,
1238,s,1,51,hình sự,
1238,c,1,249,hình sự,
1239,,2,136,tố tụng hình sự,
1239,,2,136,hình sự,
1239,,,329,tố tụng hình sự,
1239,,,30,,thi hành án dân sự
1239,,1,52,hình sự,
1239,,,249,hình sự,
1239,,,106,tố tụng hình sự,
1239,,,47,hình sự,
1239,,,38,hình sự,
1239,s,1,51,hình sự,
1239,c,1,249,hình sự,
1240,,,329,tố tụng hình sự,
1240,,2,136,tố tụng hình sự,
1240,,,326,tố tụng hình sự,
1240,,,106,tố tụng hình sự,
1240,,,38,hình sự,
1240,,,47,hình sự,
1240,,2,51,hình sự,
1240,,1,52,hình sự,
1240,s,1,51,hình sự,
1240,,,249,hình sự,
1240,c,1,249,hình sự,
1241,,2,136,tố tụng hình sự,
1241,,,326,tố tụng hình sự,
1241,,,106,tố tụng hình sự,
1241,,,329,tố tụng hình sự,
1241,,,47,hình sự,
1241,,,38,hình sự,
1241,s,1,51,hình sự,
1241,,1,52,hình sự,
1241,,,249,hình sự,
1241,c,1,249,hình sự,
1242,,2,136,tố tụng hình sự,
1242,,2,136,hình sự,
1242,,,329,tố tụng hình sự,
1242,,1,52,hình sự,
1242,,,106,tố tụng hình sự,
1242,,,249,hình sự,
1242,,,47,hình sự,
1242,,,38,hình sự,
1242,s,1,51,hình sự,
1242,c,1,249,hình sự,
1243,,,326,tố tụng hình sự,
1243,,2,136,tố tụng hình sự,
1243,,2,136,hình sự,
1243,,1,52,hình sự,
1243,,,329,tố tụng hình sự,
1243,,,249,hình sự,
1243,,,106,tố tụng hình sự,
1243,,,47,hình sự,
1243,,,38,hình sự,
1243,s,1,51,hình sự,
1243,c,1,249,hình sự,
1244,,,106,tố tụng hình sự,
1244,,,47,hình sự,
1244,,,38,hình sự,
1244,,2,51,hình sự,
1244,s,1,51,hình sự,
1244,c,1,249,hình sự,
1244,g,2,249,hình sự,
1245,,,106,tố tụng hình sự,
1245,,,91,hình sự,
1245,,,47,hình sự,
1245,s,1,51,hình sự,
1245,c,1,249,hình sự,
1245,,,38,hình sự,
1245,,,101,hình sự,
1246,,,356,tố tụng hình sự,37/2018/HS-ST
1246,,,38,hình sự,37/2018/HS-ST
1246,a,1,355,tố tụng hình sự,37/2018/HS-ST
1246,,2,51,hình sự,37/2018/HS-ST
1246,c,1,249,hình sự,37/2018/HS-ST
1246,s,1,51,hình sự,37/2018/HS-ST
1247,,,333,tố tụng hình sự,
1247,,,331,tố tụng hình sự,
1247,,,136,tố tụng hình sự,
1247,,2,51,hình sự,
1247,,,106,tố tụng hình sự,
1247,s,1,51,hình sự,
1247,,,38,hình sự,
1247,,,47,hình sự,
1247,c,1,249,hình sự,
1248,,,333,tố tụng hình sự,
1248,,,331,tố tụng hình sự,
1248,,,136,tố tụng hình sự,
1248,,,106,tố tụng hình sự,
1248,,2,51,hình sự,
1248,s,1,51,hình sự,
1248,,,47,hình sự,
1248,,,38,hình sự,
1248,c,1,249,hình sự,
1249,,,331,tố tụng hình sự,
1249,,,333,tố tụng hình sự,
1249,,,136,tố tụng hình sự,
1249,h,1,52,hình sự,
1249,,,106,tố tụng hình sự,
1249,s,1,51,hình sự,
1249,,,47,hình sự,
1249,,,38,hình sự,
1249,c,1,249,hình sự,
1250,,1,333,tố tụng hình sự,
1250,,1,331,tố tụng hình sự,
1250,,2,136,tố tụng hình sự,
1250,,,38,hình sự,
1250,,,52,hình sự,
1250,s,1,51,hình sự,
1250,a,3,106,tố tụng hình sự,
1250,a,2,106,tố tụng hình sự,
1250,,1,106,tố tụng hình sự,
1250,c,1,47,hình sự,
1250,a,1,47,hình sự,
1250,c,1,249,hình sự,
1251,,1,333,tố tụng hình sự,
1251,,1,331,tố tụng hình sự,
1251,,2,136,tố tụng hình sự,
1251,,,52,hình sự,
1251,a,2,106,tố tụng hình sự,
1251,,1,106,tố tụng hình sự,
1251,c,1,47,hình sự,
1251,s,1,51,hình sự,
1251,c,1,249,hình sự,
1252,,1,333,tố tụng hình sự,
1252,,1,331,tố tụng hình sự,
1252,,2,136,tố tụng hình sự,
1252,,,38,hình sự,
1252,a,2,106,tố tụng hình sự,
1252,,1,106,tố tụng hình sự,
1252,c,1,47,hình sự,
1252,a,1,47,hình sự,
1252,s,1,51,hình sự,
1252,h,1,52,hình sự,
1252,c,1,249,hình sự,
1253,,1,333,tố tụng hình sự,
1253,,1,331,tố tụng hình sự,
1253,,1,106,tố tụng hình sự,
1253,,2,136,tố tụng hình sự,
1253,a,2,106,tố tụng hình sự,
1253,c,1,47,hình sự,
1253,a,3,106,tố tụng hình sự,
1253,,2,51,hình sự,
1253,s,1,51,hình sự,
1253,c,1,249,hình sự,
1254,,1,331,tố tụng hình sự,
1254,,,333,tố tụng hình sự,
1254,,2,136,tố tụng hình sự,
1254,,5,249,hình sự,
1254,,,52,hình sự,
1254,s,1,51,hình sự,
1254,a,3,106,tố tụng hình sự,
1254,a,2,106,tố tụng hình sự,
1254,,1,106,tố tụng hình sự,
1254,c,1,47,hình sự,
1254,a,1,47,hình sự,
1254,c,1,249,hình sự,
1255,,,333,tố tụng hình sự,
1255,,,331,tố tụng hình sự,
1255,,,136,tố tụng hình sự,
1255,,1,47,hình sự,
1255,,5,249,hình sự,
1255,h,2,52,hình sự,
1255,,,106,tố tụng hình sự,
1255,,2,51,hình sự,
1255,,,47,hình sự,
1255,h,1,52,hình sự,
1255,,,38,hình sự,
1255,s,1,51,hình sự,
1255,e,3,249,hình sự,
1256,,,333,tố tụng hình sự,
1256,,,331,tố tụng hình sự,
1256,,,136,tố tụng hình sự,
1256,,,106,tố tụng hình sự,
1256,,,47,hình sự,
1256,,5,249,hình sự,
1256,,,38,hình sự,
1256,s,1,51,hình sự,
1256,o,2,249,hình sự,
1257,,,331,tố tụng hình sự,
1257,,,333,tố tụng hình sự,
1257,,,136,tố tụng hình sự,
1257,,,106,tố tụng hình sự,
1257,,5,249,hình sự,
1257,,,47,hình sự,
1257,,,38,hình sự,
1257,,2,51,hình sự,
1257,s,1,51,hình sự,
1257,c,1,249,hình sự,
1258,,,333,tố tụng hình sự,
1258,,,331,tố tụng hình sự,
1258,,,136,tố tụng hình sự,
1258,,5,249,hình sự,
1258,,,106,tố tụng hình sự,
1258,,1,47,hình sự,
1258,,2,47,hình sự,
1258,,,38,hình sự,
1258,,2,51,hình sự,
1258,s,1,51,hình sự,
1258,c,1,249,hình sự,
1259,,,333,tố tụng hình sự,
1259,,,331,tố tụng hình sự,
1259,,,136,tố tụng hình sự,
1259,,1,47,hình sự,
1259,,5,249,hình sự,
1259,s,1,51,hình sự,
1259,,,106,tố tụng hình sự,
1259,,,38,hình sự,
1259,h,1,52,hình sự,
1259,c,1,249,hình sự,
1260,,,333,tố tụng hình sự,
1260,,,337,tố tụng hình sự,
1260,,,331,tố tụng hình sự,
1260,,,136,tố tụng hình sự,
1260,,,106,tố tụng hình sự,
1260,,5,249,hình sự,
1260,c,1,249,hình sự,
1260,s,1,51,hình sự,
1261,,,136,tố tụng hình sự,
1261,,,106,tố tụng hình sự,
1261,,,47,hình sự,
1261,,2,51,hình sự,
1261,s,1,51,hình sự,
1261,c,1,249,hình sự,
1262,a,1,355,tố tụng hình sự,88/2018/HS-ST
1262,c,1,249,hình sự,88/2018/HS-ST
1262,,2,51,hình sự,88/2018/HS-ST
1262,s,1,51,hình sự,88/2018/HS-ST
1262,h,1,52,hình sự,88/2018/HS-ST
1262,,1,249,hình sự,88/2018/HS-ST
1263,a,1,355,tố tụng hình sự,87/2018/HS-ST
1263,,2,51,hình sự,87/2018/HS-ST
1263,s,1,51,hình sự,87/2018/HS-ST
1263,,1,47,hình sự,87/2018/HS-ST
1263,c,1,249,hình sự,87/2018/HS-ST
1264,c,2,106,tố tụng hình sự,
1264,,,135,tố tụng hình sự,
1264,,,38,hình sự,
1264,,2,51,hình sự,
1264,s,1,51,hình sự,
1264,c,1,249,hình sự,
1265,,,30,,thi hành án dân sự
1265,,,9,,thi hành án dân sự
1265,,,6,,thi hành án dân sự
1265,,,7,,thi hành án dân sự
1265,,,2,,thi hành án dân sự
1265,,2,136,tố tụng hình sự,
1265,,,26,,thi hành án dân sự
1265,,2,106,tố tụng hình sự,
1265,,,47,hình sự,
1265,,2,51,hình sự,
1265,,,38,hình sự,
1265,s,1,51,hình sự,
1265,,,249,hình sự,
1265,,5,249,hình sự,
1265,c,1,249,hình sự,
1266,,,30,,thi hành án dân sự
1266,,,9,,thi hành án dân sự
1266,,,7,,thi hành án dân sự
1266,,,6,,thi hành án dân sự
1266,,,2,,thi hành án dân sự
1266,,2,136,tố tụng hình sự,
1266,,,26,,thi hành án dân sự
1266,,2,106,tố tụng hình sự,
1266,,,38,hình sự,
1266,,,47,hình sự,
1266,,2,51,hình sự,
1266,s,1,51,hình sự,
1266,,5,249,hình sự,
1266,,,249,hình sự,
1266,c,1,249,hình sự,
1267,,,30,,thi hành án dân sự
1267,,,9,,thi hành án dân sự
1267,,,7,,thi hành án dân sự
1267,,,6,,thi hành án dân sự
1267,,,2,,thi hành án dân sự
1267,,,26,,thi hành án dân sự
1267,,2,136,tố tụng hình sự,
1267,,2,106,tố tụng hình sự,
1267,,,47,hình sự,
1267,,,38,hình sự,
1267,,2,51,hình sự,
1267,h,1,52,hình sự,
1267,s,1,51,hình sự,
1267,,5,249,hình sự,
1267,,,249,hình sự,
1267,c,1,249,hình sự,
1268,,,30,,thi hành án dân sự
1268,,,9,,thi hành án dân sự
1268,,,7,,thi hành án dân sự
1268,,,6,,thi hành án dân sự
1268,,,2,,thi hành án dân sự
1268,,,26,,thi hành án dân sự
1268,,2,136,tố tụng hình sự,
1268,,,47,hình sự,
1268,,2,106,tố tụng hình sự,
1268,,,38,hình sự,
1268,,2,51,hình sự,
1268,s,1,51,hình sự,
1268,,5,249,hình sự,
1268,,,249,hình sự,
1268,c,1,249,hình sự,
1269,a,2,106,tố tụng hình sự,
1269,c,1,47,hình sự,
1269,,,38,hình sự,
1269,,5,249,hình sự,
1269,,,52,hình sự,
1269,,,106,tố tụng hình sự,
1269,,,47,hình sự,
1269,c,1,249,hình sự,
1269,s,1,51,hình sự,
1270,a,1,47,hình sự,
1270,,,38,hình sự,
1270,,,17,hình sự,
1270,a,2,106,tố tụng hình sự,
1270,c,1,47,hình sự,
1270,,5,249,hình sự,
1270,,,52,hình sự,
1270,,1,17,hình sự,
1270,,,47,hình sự,
1270,,,106,tố tụng hình sự,
1270,s,1,51,hình sự,
1270,c,1,249,hình sự,
1271,a,2,106,tố tụng hình sự,
1271,,5,249,hình sự,
1271,c,1,47,hình sự,
1271,,2,65,hình sự,
1271,,,52,hình sự,
1271,,1,65,hình sự,
1271,,,106,tố tụng hình sự,
1271,,,47,hình sự,
1271,,,65,hình sự,
1271,x,1,51,hình sự,
1271,s,1,51,hình sự,
1271,o,1,51,hình sự,
1271,c,1,249,hình sự,
1274,,,30,,thi hành án dân sự
1274,,,7,,thi hành án dân sự
1274,,,9,,thi hành án dân sự
1274,,,6,,thi hành án dân sự
1274,,,2,,thi hành án dân sự
1274,,,106,tố tụng hình sự,
1274,,,47,hình sự,
1274,i,1,249,hình sự,
1274,t,1,51,hình sự,
1274,,2,51,hình sự,
1274,s,1,51,hình sự,
1274,c,1,249,hình sự,
1275,,,136,tố tụng hình sự,
1275,,,135,tố tụng hình sự,
1275,c,2,106,tố tụng hình sự,
1275,a,2,106,tố tụng hình sự,
1275,a,1,47,hình sự,
1275,,1,249,hình sự,
1275,,,106,tố tụng hình sự,
1275,,2,51,hình sự,
1275,,,47,hình sự,
1275,s,1,51,hình sự,
1275,c,1,249,hình sự,
1276,,,136,tố tụng hình sự,
1276,,,135,tố tụng hình sự,
1276,b,3,106,tố tụng hình sự,
1276,,1,48,hình sự,
1276,c,2,106,tố tụng hình sự,
1276,a,2,106,tố tụng hình sự,
1276,a,1,47,hình sự,
1276,,2,51,hình sự,
1276,,,106,tố tụng hình sự,
1276,,,47,hình sự,
1276,s,1,51,hình sự,
1276,,1,249,hình sự,
1276,h,1,52,hình sự,
1277,,,326,tố tụng hình sự,
1277,,,136,tố tụng hình sự,
1277,,,135,tố tụng hình sự,
1277,,2,51,hình sự,
1277,,,106,tố tụng hình sự,
1277,,,48,hình sự,
1277,,,47,hình sự,
1277,s,1,51,hình sự,
1277,c,1,249,hình sự,
1278,,2,136,tố tụng hình sự,
1278,,2,135,tố tụng hình sự,
1278,,,53,hình sự,
1278,,5,194,hình sự,
1278,,,106,tố tụng hình sự,
1278,,,41,hình sự,
1278,g,1,48,hình sự,
1278,p,1,46,hình sự,
1278,,1,194,hình sự,
1278,b,2,194,hình sự,
1278,,3,104,hình sự,
1279,,,106,tố tụng hình sự,
1279,,,47,hình sự,
1279,,2,136,tố tụng hình sự,
1279,,2,135,tố tụng hình sự,
1279,,5,249,hình sự,
1279,s,1,51,hình sự,
1279,h,1,52,hình sự,
1279,,1,249,hình sự,
1280,,,136,tố tụng hình sự,
1280,,,106,tố tụng hình sự,
1280,,,47,hình sự,
1280,s,1,51,hình sự,
1280,,1,249,hình sự,
1281,,,136,tố tụng hình sự,
1281,,,106,tố tụng hình sự,
1281,,,47,hình sự,
1281,,2,51,hình sự,
1281,s,1,51,hình sự,
1281,c,1,249,hình sự,
1282,,,333,tố tụng hình sự,
1282,,,336,tố tụng hình sự,
1282,,,332,tố tụng hình sự,
1282,,,331,tố tụng hình sự,
1282,,2,136,tố tụng hình sự,
1282,,,106,tố tụng hình sự,
1282,,2,51,hình sự,
1282,,,47,hình sự,
1282,s,1,51,hình sự,
1282,c,1,249,hình sự,
1283,,,136,tố tụng hình sự,
1283,,,135,tố tụng hình sự,
1283,,1,333,tố tụng hình sự,
1283,,2,136,tố tụng hình sự,
1283,,2,106,tố tụng hình sự,
1283,,2,47,hình sự,
1283,,1,47,hình sự,
1283,,1,249,hình sự,
1283,c,1,249,hình sự,
1283,,,326,tố tụng hình sự,
1283,,,299,tố tụng hình sự,
1283,s,1,51,hình sự,
1283,,1,51,hình sự,
1284,,,30,,thi hành án dân sự
1284,,,9,,thi hành án dân sự
1284,,,6,,thi hành án dân sự
1284,,,7,,thi hành án dân sự
1284,,,2,,thi hành án dân sự
1284,,,136,tố tụng hình sự,
1284,,,135,tố tụng hình sự,
1284,,,106,tố tụng hình sự,
1284,,,47,hình sự,
1284,,5,249,hình sự,
1284,s,1,51,hình sự,
1284,c,1,249,hình sự,
1285,,2,106,tố tụng hình sự,
1285,,1,47,hình sự,
1285,,5,249,hình sự,
1285,,,333,tố tụng hình sự,
1285,,,331,tố tụng hình sự,
1285,,,329,tố tụng hình sự,
1285,,2,51,hình sự,
1285,s,1,51,hình sự,
1285,,,38,hình sự,
1285,,1,249,hình sự,
1285,c,1,249,hình sự,
1286,,1,331,tố tụng hình sự,
1286,,1,333,tố tụng hình sự,
1286,,2,136,tố tụng hình sự,
1286,b,2,106,tố tụng hình sự,
1286,a,2,106,tố tụng hình sự,
1286,c,1,47,hình sự,
1286,b,1,47,hình sự,
1286,,,51,hình sự,
1286,,5,249,hình sự,
1286,,2,51,hình sự,
1286,s,1,51,hình sự,
1286,c,1,249,hình sự,
1287,,,38,hình sự,
1287,a,1,47,hình sự,
1287,,5,249,hình sự,
1287,c,2,106,tố tụng hình sự,
1287,,,52,hình sự,
1287,a,2,106,tố tụng hình sự,
1287,c,1,47,hình sự,
1287,s,1,51,hình sự,
1287,c,1,249,hình sự,
1288,,,38,hình sự,
1288,,5,249,hình sự,
1288,,,52,hình sự,
1288,a,2,106,tố tụng hình sự,
1288,c,1,47,hình sự,
1288,s,1,51,hình sự,
1288,c,1,249,hình sự,
1289,,2,56,hình sự,
1289,,,38,hình sự,
1289,,5,249,hình sự,
1289,,5,65,hình sự,
1289,a,2,106,tố tụng hình sự,
1289,,,56,hình sự,
1289,c,1,47,hình sự,
1289,h,1,52,hình sự,
1289,s,1,51,hình sự,
1289,c,1,249,hình sự,
1290,,,38,hình sự,
1290,,5,249,hình sự,
1290,,,52,hình sự,
1290,a,2,106,tố tụng hình sự,
1290,c,1,47,hình sự,
1290,c,1,249,hình sự,
1290,s,1,51,hình sự,
1291,,,38,hình sự,
1291,,5,249,hình sự,
1291,,,52,hình sự,
1291,a,2,106,tố tụng hình sự,
1291,c,1,47,hình sự,
1291,,2,51,hình sự,
1291,s,1,51,hình sự,
1291,c,1,249,hình sự,
1292,,,38,hình sự,
1292,a,1,47,hình sự,
1292,,5,249,hình sự,
1292,,,52,hình sự,
1292,a,2,106,tố tụng hình sự,
1292,c,1,47,hình sự,
1292,s,1,51,hình sự,
1292,c,1,249,hình sự,
1293,a,3,106,tố tụng hình sự,
1293,b,2,106,tố tụng hình sự,
1293,a,1,47,hình sự,
1293,,,50,hình sự,
1293,,,38,hình sự,
1293,s,1,51,hình sự,
1293,c,1,249,hình sự,
1294,,,333,tố tụng hình sự,
1294,,,331,tố tụng hình sự,
1294,,,136,tố tụng hình sự,
1294,,,47,hình sự,
1294,,,38,hình sự,
1294,,2,51,hình sự,
1294,s,1,51,hình sự,
1294,c,1,47,hình sự,
1294,,5,249,hình sự,
1294,a,2,106,tố tụng hình sự,
1294,c,1,249,hình sự,
1294,,1,249,hình sự,
1295,,,333,tố tụng hình sự,
1295,,,331,tố tụng hình sự,
1295,,,136,tố tụng hình sự,
1295,,5,249,hình sự,
1295,,,47,hình sự,
1295,b,3,106,tố tụng hình sự,
1295,a,2,106,tố tụng hình sự,
1295,c,1,47,hình sự,
1295,,,38,hình sự,
1295,s,1,51,hình sự,
1295,c,1,249,hình sự,
1295,,1,249,hình sự,
1296,a,2,106,tố tụng hình sự,
1296,,,47,hình sự,
1296,,2,136,tố tụng hình sự,
1296,,5,65,hình sự,
1296,,1,249,hình sự,
1296,,2,56,hình sự,
1296,h,1,52,hình sự,
1296,s,1,51,hình sự,
1296,c,1,249,hình sự,
1297,,2,136,tố tụng hình sự,
1297,,,106,tố tụng hình sự,
1297,,,47,hình sự,
1297,x,1,51,hình sự,
1297,,,55,hình sự,
1297,t,1,51,hình sự,
1297,,2,51,hình sự,
1297,s,1,51,hình sự,
1297,c,1,249,hình sự,
1297,,1,251,hình sự,
1297,b,4,249,hình sự,
1298,,,333,tố tụng hình sự,
1298,,,331,tố tụng hình sự,
1298,,,298,tố tụng hình sự,
1298,,,269,tố tụng hình sự,
1298,,,268,tố tụng hình sự,
1298,,,136,tố tụng hình sự,
1298,,,135,tố tụng hình sự,
1298,,,106,tố tụng hình sự,
1298,,,47,hình sự,
1298,,,46,hình sự,
1298,,2,51,hình sự,
1298,s,1,51,hình sự,
1298,c,1,249,hình sự,
1299,,2,51,hình sự,
1299,,,47,hình sự,
1299,,,46,hình sự,
1299,,,333,tố tụng hình sự,
1299,,,331,tố tụng hình sự,
1299,,,298,tố tụng hình sự,
1299,,,269,tố tụng hình sự,
1299,,,136,tố tụng hình sự,
1299,,,268,tố tụng hình sự,
1299,,,135,tố tụng hình sự,
1299,,,106,tố tụng hình sự,
1299,s,1,51,hình sự,
1299,c,1,249,hình sự,
1299,,,55,hình sự,
1300,,,136,tố tụng hình sự,
1300,,,135,tố tụng hình sự,
1300,,,106,tố tụng hình sự,
1300,,,47,hình sự,
1300,,,46,hình sự,
1300,s,1,51,hình sự,
1300,c,1,249,hình sự,
1301,,,333,tố tụng hình sự,
1301,,,331,tố tụng hình sự,
1301,,,298,tố tụng hình sự,
1301,,,269,tố tụng hình sự,
1301,,,268,tố tụng hình sự,
1301,,,136,tố tụng hình sự,
1301,,,135,tố tụng hình sự,
1301,,,106,tố tụng hình sự,
1301,,,47,hình sự,
1301,,,46,hình sự,
1301,s,1,51,hình sự,
1301,c,1,249,hình sự,
1302,,,135,tố tụng hình sự,
1302,,,136,tố tụng hình sự,
1302,,,106,tố tụng hình sự,
1302,,,47,hình sự,
1302,,,46,hình sự,
1302,c,1,249,hình sự,
1302,s,1,51,hình sự,
1303,,,332,tố tụng hình sự,
1303,,,333,tố tụng hình sự,
1303,,,331,tố tụng hình sự,
1303,,2,136,tố tụng hình sự,
1303,,,249,hình sự,
1303,,,106,tố tụng hình sự,
1303,,,47,hình sự,
1303,,,38,hình sự,
1303,s,1,51,hình sự,
1303,g,2,249,hình sự,
1304,,,136,tố tụng hình sự,
1304,a,3,106,tố tụng hình sự,
1304,,,52,hình sự,
1304,c,1,47,hình sự,
1304,,2,51,hình sự,
1304,s,1,51,hình sự,
1304,c,1,249,hình sự,
1305,s,1,51,hình sự,
1305,,,337,tố tụng hình sự,
1305,,,336,tố tụng hình sự,
1305,,,333,tố tụng hình sự,
1305,,,331,tố tụng hình sự,
1305,,,332,tố tụng hình sự,
1305,,,136,tố tụng hình sự,
1305,,,135,tố tụng hình sự,
1305,,,106,tố tụng hình sự,
1305,,,47,hình sự,
1305,,5,249,hình sự,
1305,,2,51,hình sự,
1305,c,1,249,hình sự,
1306,,,333,tố tụng hình sự,
1306,,,331,tố tụng hình sự,
1306,,,332,tố tụng hình sự,
1306,,,106,tố tụng hình sự,
1306,,2,136,tố tụng hình sự,
1306,,,47,hình sự,
1306,,,38,hình sự,
1306,s,1,51,hình sự,
1306,c,1,249,hình sự,
1307,,,333,tố tụng hình sự,
1307,,,331,tố tụng hình sự,
1307,,,136,tố tụng hình sự,
1307,,,106,tố tụng hình sự,
1307,,,47,hình sự,
1307,s,1,51,hình sự,
1307,c,1,249,hình sự,
1308,,,333,tố tụng hình sự,
1308,,,331,tố tụng hình sự,
1308,,,106,tố tụng hình sự,
1308,,,136,tố tụng hình sự,
1308,,,47,hình sự,
1308,s,1,51,hình sự,
1308,c,1,249,hình sự,
1309,,,333,tố tụng hình sự,
1309,,,331,tố tụng hình sự,
1309,,,136,tố tụng hình sự,
1309,,,106,tố tụng hình sự,
1309,,,51,hình sự,
1309,h,1,52,hình sự,
1309,,5,249,hình sự,
1309,s,1,51,hình sự,
1309,c,1,249,hình sự,
1310,,,333,tố tụng hình sự,
1310,,,136,tố tụng hình sự,
1310,,,331,tố tụng hình sự,
1310,,,106,tố tụng hình sự,
1310,,5,249,hình sự,
1310,s,1,51,hình sự,
1310,c,1,249,hình sự,
1311,,,333,tố tụng hình sự,
1311,,,331,tố tụng hình sự,
1311,,5,249,hình sự,
1311,,2,136,tố tụng hình sự,
1311,a,3,106,tố tụng hình sự,
1311,c,1,47,hình sự,
1311,a,2,106,tố tụng hình sự,
1311,a,1,47,hình sự,
1311,s,1,51,hình sự,
1311,c,1,249,hình sự,
1312,,,30,,thi hành án dân sự
1312,,,9,,thi hành án dân sự
1312,,,7,,thi hành án dân sự
1312,,,2,,thi hành án dân sự
1312,,,6,,thi hành án dân sự
1312,,2,136,tố tụng hình sự,
1312,,2,106,tố tụng hình sự,
1312,,,136,tố tụng hình sự,
1312,,,106,tố tụng hình sự,
1312,,,47,hình sự,
1312,s,1,51,hình sự,
1312,r,1,51,hình sự,
1312,c,1,249,hình sự,
1313,,,333,tố tụng hình sự,
1313,,,331,tố tụng hình sự,
1313,,,136,tố tụng hình sự,
1313,,,106,tố tụng hình sự,
1313,,,47,hình sự,
1313,s,1,51,hình sự,
1313,c,1,249,hình sự,
1314,,,333,tố tụng hình sự,
1314,,,331,tố tụng hình sự,
1314,,,136,tố tụng hình sự,
1314,,,106,tố tụng hình sự,
1314,,,47,hình sự,
1314,h,1,52,hình sự,
1314,s,1,51,hình sự,
1314,c,1,249,hình sự,
1315,,,30,,thi hành án dân sự
1315,,,2,,thi hành án dân sự
1315,,,333,tố tụng hình sự,
1315,,,331,tố tụng hình sự,
1315,,,332,tố tụng hình sự,
1315,,,136,tố tụng hình sự,
1315,,,106,tố tụng hình sự,
1315,,,47,hình sự,
1315,s,1,51,hình sự,
1315,c,1,249,hình sự,
1316,,,336,tố tụng hình sự,
1316,,,333,tố tụng hình sự,
1316,,,331,tố tụng hình sự,
1316,,,135,tố tụng hình sự,
1316,,,106,tố tụng hình sự,
1316,,,47,hình sự,
1316,,2,51,hình sự,
1316,s,1,51,hình sự,
1316,c,1,249,hình sự,
1317,,,333,tố tụng hình sự,
1317,,,331,tố tụng hình sự,
1317,,,136,tố tụng hình sự,
1317,,,135,tố tụng hình sự,
1317,,,106,tố tụng hình sự,
1317,s,1,51,hình sự,
1317,,5,249,hình sự,
1317,n,2,249,hình sự,
1318,,,333,tố tụng hình sự,
1318,,,331,tố tụng hình sự,
1318,,,135,tố tụng hình sự,
1318,,,136,tố tụng hình sự,
1318,,,106,tố tụng hình sự,
1318,,5,249,hình sự,
1318,h,1,52,hình sự,
1318,s,1,51,hình sự,
1318,c,1,249,hình sự,
1319,,,333,tố tụng hình sự,
1319,,,331,tố tụng hình sự,
1319,,,136,tố tụng hình sự,
1319,,,135,tố tụng hình sự,
1319,,,106,tố tụng hình sự,
1319,,2,51,hình sự,
1319,s,1,51,hình sự,
1319,,5,249,hình sự,
1319,i,1,249,hình sự,
1319,,1,194,hình sự,
1320,,,333,tố tụng hình sự,
1320,,,331,tố tụng hình sự,
1320,,,136,tố tụng hình sự,
1320,,,135,tố tụng hình sự,
1320,,,106,tố tụng hình sự,
1320,,5,249,hình sự,
1320,s,1,51,hình sự,
1320,g,1,249,hình sự,
1321,,,333,tố tụng hình sự,
1321,,,331,tố tụng hình sự,
1321,,,136,tố tụng hình sự,
1321,,,135,tố tụng hình sự,
1321,,,106,tố tụng hình sự,
1321,,5,249,hình sự,
1321,,2,51,hình sự,
1321,s,1,51,hình sự,
1321,i,1,249,hình sự,
1322,,,333,tố tụng hình sự,
1322,,,331,tố tụng hình sự,
1322,,,136,tố tụng hình sự,
1322,,,135,tố tụng hình sự,
1322,,,106,tố tụng hình sự,
1322,,5,249,hình sự,
1322,h,1,52,hình sự,
1322,s,1,51,hình sự,
1322,,1,294,hình sự,
1322,,3,7,hình sự,
1322,,1,249,hình sự,
1322,,1,194,hình sự,
1323,,,333,tố tụng hình sự,
1323,,,331,tố tụng hình sự,
1323,,,136,tố tụng hình sự,
1323,,,135,tố tụng hình sự,
1323,,,106,tố tụng hình sự,
1323,,5,249,hình sự,
1323,h,1,52,hình sự,
1323,s,1,51,hình sự,
1323,c,1,249,hình sự,
1324,,,333,tố tụng hình sự,
1324,,,331,tố tụng hình sự,
1324,,,136,tố tụng hình sự,
1324,,,135,tố tụng hình sự,
1324,,,106,tố tụng hình sự,
1324,,5,249,hình sự,
1324,,2,51,hình sự,
1324,s,1,51,hình sự,
1324,c,1,249,hình sự,
1325,,,136,tố tụng hình sự,
1325,,,329,tố tụng hình sự,
1325,,5,249,hình sự,
1325,,,52,hình sự,
1325,,,249,hình sự,
1325,,,106,tố tụng hình sự,
1325,,,47,hình sự,
1325,,,38,hình sự,
1325,s,1,51,hình sự,
1325,c,1,249,hình sự,
1326,,,136,tố tụng hình sự,
1326,,,228,,dân sự
1326,,,106,tố tụng hình sự,
1326,,,47,hình sự,
1326,,,329,tố tụng hình sự,
1326,,,38,hình sự,
1326,s,1,51,hình sự,
1326,c,1,249,hình sự,
1326,,5,249,hình sự,
1326,,,52,hình sự,
1326,,,249,hình sự,
1327,,,136,tố tụng hình sự,
1327,,,329,tố tụng hình sự,
1327,,5,249,hình sự,
1327,,,249,hình sự,
1327,,,106,tố tụng hình sự,
1327,,,47,hình sự,
1327,,,38,hình sự,
1327,h,1,52,hình sự,
1327,s,1,51,hình sự,
1327,c,1,249,hình sự,
1328,,,136,tố tụng hình sự,
1328,,,106,tố tụng hình sự,
1328,,,47,hình sự,
1328,,5,249,hình sự,
1328,,,329,tố tụng hình sự,
1328,,,38,hình sự,
1328,s,1,51,hình sự,
1328,c,1,249,hình sự,
1328,,,52,hình sự,
1328,,,249,hình sự,
1329,,,136,tố tụng hình sự,
1329,,,329,tố tụng hình sự,
1329,,5,249,hình sự,
1329,,,52,hình sự,
1329,,,106,tố tụng hình sự,
1329,,,47,hình sự,
1329,,,38,hình sự,
1329,s,1,51,hình sự,
1329,c,1,249,hình sự,
1330,,,136,tố tụng hình sự,
1330,,,329,tố tụng hình sự,
1330,,5,249,hình sự,
1330,,,52,hình sự,
1330,,,249,hình sự,
1330,,,106,tố tụng hình sự,
1330,,,47,hình sự,
1330,,,38,hình sự,
1330,s,1,51,hình sự,
1330,c,1,249,hình sự,
1331,,,136,tố tụng hình sự,
1331,,,106,tố tụng hình sự,
1331,,,47,hình sự,
1331,,5,249,hình sự,
1331,,,329,tố tụng hình sự,
1331,,,38,hình sự,
1331,s,1,51,hình sự,
1331,c,1,249,hình sự,
1331,h,1,52,hình sự,
1331,,,249,hình sự,
1331,,2,194,hình sự,
1332,,,329,tố tụng hình sự,
1332,,5,249,hình sự,
1332,,,52,hình sự,
1332,,,249,hình sự,
1332,,,106,tố tụng hình sự,
1332,,,47,hình sự,
1332,,,38,hình sự,
1332,s,1,51,hình sự,
1332,c,1,249,hình sự,
1333,,,136,tố tụng hình sự,
1333,,,329,tố tụng hình sự,
1333,,5,249,hình sự,
1333,,,52,hình sự,
1333,,,249,hình sự,
1333,,,106,tố tụng hình sự,
1333,,,47,hình sự,
1333,,,38,hình sự,
1333,s,1,51,hình sự,
1333,c,1,249,hình sự,
1334,,,333,tố tụng hình sự,
1334,,,331,tố tụng hình sự,
1334,,,136,tố tụng hình sự,
1334,,,106,tố tụng hình sự,
1334,,1,51,hình sự,
1334,,5,249,hình sự,
1334,s,1,51,hình sự,
1334,g,2,249,hình sự,
1335,,,136,tố tụng hình sự,
1335,,,30,,thi hành án dân sự
1335,,,9,,thi hành án dân sự
1335,,,7,,thi hành án dân sự
1335,,,106,tố tụng hình sự,
1335,,,47,hình sự,
1335,,2,56,hình sự,
1335,h,1,52,hình sự,
1335,,1,101,hình sự,
1335,,,91,hình sự,
1335,s,1,51,hình sự,
1335,r,1,51,hình sự,
1335,c,1,249,hình sự,
1336,,,136,tố tụng hình sự,
1336,,,106,tố tụng hình sự,
1336,,,47,hình sự,
1336,,5,249,hình sự,
1336,,,329,tố tụng hình sự,
1336,,,38,hình sự,
1336,s,1,51,hình sự,
1336,c,1,249,hình sự,
1336,,,52,hình sự,
1336,,,249,hình sự,
1337,,,329,tố tụng hình sự,
1337,,,136,tố tụng hình sự,
1337,,5,249,hình sự,
1337,,,52,hình sự,
1337,,,106,tố tụng hình sự,
1337,,,47,hình sự,
1337,,,38,hình sự,
1337,s,1,51,hình sự,
1337,c,1,249,hình sự,
1338,,,30,,thi hành án dân sự
1338,,,9,,thi hành án dân sự
1338,,,7,,thi hành án dân sự
1338,,,6,,thi hành án dân sự
1338,,,2,,thi hành án dân sự
1338,,,99,tố tụng hình sự,
1338,,1,47,hình sự,
1338,,5,249,hình sự,
1338,,,52,hình sự,
1338,,2,106,tố tụng hình sự,
1338,,,47,hình sự,
1338,,,46,hình sự,
1338,,,38,hình sự,
1338,s,1,51,hình sự,
1338,c,1,249,hình sự,
1339,,,136,tố tụng hình sự,
1339,,,329,tố tụng hình sự,
1339,,5,249,hình sự,
1339,,,52,hình sự,
1339,,,249,hình sự,
1339,,,106,tố tụng hình sự,
1339,,,47,hình sự,
1339,,,38,hình sự,
1339,s,1,51,hình sự,
1339,c,1,249,hình sự,
1340,,5,249,hình sự,
1340,,2,106,tố tụng hình sự,
1340,,1,106,tố tụng hình sự,
1340,,,47,hình sự,
1340,,,58,hình sự,
1340,s,1,51,hình sự,
1340,,,38,hình sự,
1340,c,1,249,hình sự,
1340,,1,249,hình sự,
1341,,,30,,thi hành án dân sự
1341,,,9,,thi hành án dân sự
1341,,,7,,thi hành án dân sự
1341,,,6,,thi hành án dân sự
1341,,,2,,thi hành án dân sự
1341,,,136,tố tụng hình sự,
1341,,,135,tố tụng hình sự,
1341,,1,249,hình sự,
1341,,2,51,hình sự,
1341,,,106,tố tụng hình sự,
1341,,,47,hình sự,
1341,h,1,52,hình sự,
1341,s,1,51,hình sự,
1341,c,1,249,hình sự,
1342,,,30,,thi hành án dân sự
1342,,,9,,thi hành án dân sự
1342,,,7,,thi hành án dân sự
1342,,,6,,thi hành án dân sự
1342,,,2,,thi hành án dân sự
1342,,2,136,tố tụng hình sự,
1342,,2,106,tố tụng hình sự,
1342,s,1,51,hình sự,
1342,,,38,hình sự,
1342,c,1,249,hình sự,
1343,,,30,,thi hành án dân sự
1343,,,9,,thi hành án dân sự
1343,,,7,,thi hành án dân sự
1343,,,6,,thi hành án dân sự
1343,,,2,,thi hành án dân sự
1343,,2,136,tố tụng hình sự,
1343,a,2,106,tố tụng hình sự,
1343,,,58,hình sự,
1343,s,1,51,hình sự,
1343,,,17,hình sự,
1343,,,38,hình sự,
1343,c,1,249,hình sự,
1344,,,9,,thi hành án dân sự
1344,,,30,,thi hành án dân sự
1344,,,7,,thi hành án dân sự
1344,,,6,,thi hành án dân sự
1344,,,2,,thi hành án dân sự
1344,,2,136,tố tụng hình sự,
1344,,2,106,tố tụng hình sự,
1344,s,1,51,hình sự,
1344,,,38,hình sự,
1344,c,1,249,hình sự,
1345,,,30,,thi hành án dân sự
1345,,,9,,thi hành án dân sự
1345,,,7,,thi hành án dân sự
1345,,,6,,thi hành án dân sự
1345,,,2,,thi hành án dân sự
1345,,2,136,tố tụng hình sự,
1345,,2,106,tố tụng hình sự,
1345,,5,65,hình sự,
1345,h,1,52,hình sự,
1345,,2,56,hình sự,
1345,,,38,hình sự,
1345,s,1,51,hình sự,
1345,c,1,249,hình sự,
1346,,,30,,thi hành án dân sự
1346,,,7,,thi hành án dân sự
1346,,,9,,thi hành án dân sự
1346,,,2,,thi hành án dân sự
1346,,,6,,thi hành án dân sự
1346,,2,136,tố tụng hình sự,
1346,,2,106,tố tụng hình sự,
1346,,3,106,tố tụng hình sự,
1346,,,58,hình sự,
1346,,,38,hình sự,
1346,s,1,51,hình sự,
1346,c,1,249,hình sự,
1346,,,17,hình sự,
1347,,,333,tố tụng hình sự,
1347,,,331,tố tụng hình sự,
1347,,5,249,hình sự,
1347,,,136,tố tụng hình sự,
1347,,,47,hình sự,
1347,,,106,tố tụng hình sự,
1347,,,38,hình sự,
1347,s,1,51,hình sự,
1347,c,1,249,hình sự,
1348,,1,333,tố tụng hình sự,
1348,,1,331,tố tụng hình sự,
1348,,2,136,tố tụng hình sự,
1348,,2,135,tố tụng hình sự,
1348,c,2,106,tố tụng hình sự,
1348,,1,106,tố tụng hình sự,
1348,a,2,106,tố tụng hình sự,
1348,c,1,47,hình sự,
1348,,5,249,hình sự,
1348,a,1,47,hình sự,
1348,,1,52,hình sự,
1348,,,249,hình sự,
1348,h,1,52,hình sự,
1348,c,1,249,hình sự,
1348,s,1,51,hình sự,
1348,,1,138,hình sự,
1349,,1,333,tố tụng hình sự,
1349,,2,136,tố tụng hình sự,
1349,,1,331,tố tụng hình sự,
1349,,2,135,tố tụng hình sự,
1349,c,2,106,tố tụng hình sự,
1349,,1,106,tố tụng hình sự,
1349,a,1,47,hình sự,
1349,,,249,hình sự,
1349,,5,249,hình sự,
1349,a,2,106,tố tụng hình sự,
1349,c,1,47,hình sự,
1349,s,1,51,hình sự,
1349,c,1,249,hình sự,
1350,,,136,tố tụng hình sự,
1350,,,329,tố tụng hình sự,
1350,,5,249,hình sự,
1350,,,47,hình sự,
1350,,,106,tố tụng hình sự,
1350,,,38,hình sự,
1350,s,1,51,hình sự,
1350,c,1,249,hình sự,
1351,,,136,tố tụng hình sự,
1351,,5,249,hình sự,
1351,,,329,tố tụng hình sự,
1351,,,106,tố tụng hình sự,
1351,,,38,hình sự,
1351,,,47,hình sự,
1351,s,1,51,hình sự,
1351,c,1,249,hình sự,
1352,a,2,106,tố tụng hình sự,
1352,c,2,106,tố tụng hình sự,
1352,c,1,47,hình sự,
1352,,5,249,hình sự,
1352,,2,136,tố tụng hình sự,
1352,s,1,51,hình sự,
1352,c,1,249,hình sự,
1353,,,106,tố tụng hình sự,
1353,,,136,tố tụng hình sự,
1353,,,47,hình sự,
1353,,,329,tố tụng hình sự,
1353,,,38,hình sự,
1353,s,1,51,hình sự,
1353,,5,249,hình sự,
1353,,1,249,hình sự,
1353,,1,194,hình sự,
1353,,1,109,hình sự,
1354,,,38,hình sự,
1354,,,136,tố tụng hình sự,
1354,,,135,tố tụng hình sự,
1354,,,106,tố tụng hình sự,
1354,,,46,hình sự,
1354,s,1,51,hình sự,
1354,,,47,hình sự,
1354,,2,106,tố tụng hình sự,
1354,c,1,249,hình sự,
1355,a,2,106,tố tụng hình sự,
1355,s,1,51,hình sự,
1355,c,1,47,hình sự,
1355,c,1,249,hình sự,
1356,,,136,tố tụng hình sự,
1356,,,329,tố tụng hình sự,
1356,,,106,tố tụng hình sự,
1356,,,38,hình sự,
1356,,,47,hình sự,
1356,,2,51,hình sự,
1356,,,52,hình sự,
1356,s,1,51,hình sự,
1356,c,1,249,hình sự,
1356,,,249,hình sự,
1357,,,329,tố tụng hình sự,
1357,,,52,hình sự,
1357,,,136,tố tụng hình sự,
1357,,,106,tố tụng hình sự,
1357,,,47,hình sự,
1357,,,38,hình sự,
1357,s,1,51,hình sự,
1357,i,1,249,hình sự,
1358,,2,136,tố tụng hình sự,
1358,,,47,hình sự,
1358,,,106,tố tụng hình sự,
1358,,1,52,hình sự,
1358,,,38,hình sự,
1358,c,1,249,hình sự,
1358,s,1,51,hình sự,
1359,,2,136,tố tụng hình sự,
1359,,,329,tố tụng hình sự,
1359,,,106,tố tụng hình sự,
1359,,,47,hình sự,
1359,,,38,hình sự,
1359,h,1,52,hình sự,
1359,s,1,51,hình sự,
1359,c,1,249,hình sự,
1360,,,136,tố tụng hình sự,
1360,,,106,tố tụng hình sự,
1360,,,47,hình sự,
1360,s,1,51,hình sự,
1360,g,1,249,hình sự,
1362,,,30,,thi hành án dân sự
1362,,,9,,thi hành án dân sự
1362,,,7,,thi hành án dân sự
1362,,,6,,thi hành án dân sự
1362,,,333,tố tụng hình sự,
1362,,,2,,thi hành án dân sự
1362,,,331,tố tụng hình sự,
1362,,2,136,tố tụng hình sự,
1362,,3,106,tố tụng hình sự,
1362,,2,106,tố tụng hình sự,
1362,s,1,51,hình sự,
1362,,,38,hình sự,
1362,o,2,249,hình sự,
1362,g,2,249,hình sự,
1363,,,329,tố tụng hình sự,
1363,,,136,tố tụng hình sự,
1363,,,106,tố tụng hình sự,
1363,,,47,hình sự,
1363,s,1,51,hình sự,
1363,c,1,249,hình sự,
1364,,,136,tố tụng hình sự,
1364,,,329,tố tụng hình sự,
1364,,,106,tố tụng hình sự,
1364,,,47,hình sự,
1364,s,1,51,hình sự,
1364,,2,51,hình sự,
1364,c,1,249,hình sự,
1365,,,329,tố tụng hình sự,
1365,,,136,tố tụng hình sự,
1365,,,106,tố tụng hình sự,
1365,,,47,hình sự,
1365,s,1,51,hình sự,
1365,c,1,249,hình sự,
1366,,2,136,tố tụng hình sự,
1366,,2,106,tố tụng hình sự,
1366,,,47,hình sự,
1366,,,106,tố tụng hình sự,
1366,,,38,hình sự,
1366,,2,51,hình sự,
1366,s,1,51,hình sự,
1366,c,1,249,hình sự,
1367,,2,106,tố tụng hình sự,
1367,,,106,tố tụng hình sự,
1367,,,47,hình sự,
1367,,,38,hình sự,
1367,s,1,51,hình sự,
1367,c,1,249,hình sự,
1368,,2,106,tố tụng hình sự,
1368,,2,136,tố tụng hình sự,
1368,,,106,tố tụng hình sự,
1368,,,47,hình sự,
1368,,,38,hình sự,
1368,s,1,51,hình sự,
1368,c,1,249,hình sự,
1369,,2,106,tố tụng hình sự,
1369,,2,136,tố tụng hình sự,
1369,,,47,hình sự,
1369,,,106,tố tụng hình sự,
1369,,2,51,hình sự,
1369,,,38,hình sự,
1369,s,1,51,hình sự,
1369,c,1,249,hình sự,
1370,,,329,tố tụng hình sự,
1370,,,136,tố tụng hình sự,
1370,,,106,tố tụng hình sự,
1370,,,47,hình sự,
1370,,2,51,hình sự,
1370,s,1,51,hình sự,
1370,c,1,249,hình sự,
1371,,,329,tố tụng hình sự,
1371,,,136,tố tụng hình sự,
1371,,,106,tố tụng hình sự,
1371,,,47,hình sự,
1371,,1,249,hình sự,
1371,h,1,52,hình sự,
1371,,2,51,hình sự,
1371,s,1,51,hình sự,
1371,c,1,249,hình sự,
1372,,,106,tố tụng hình sự,
1372,,,136,tố tụng hình sự,
1372,,,47,hình sự,
1372,,5,249,hình sự,
1372,,3,329,tố tụng hình sự,
1372,s,1,51,hình sự,
1372,i,1,249,hình sự,
1372,,,52,hình sự,
1372,,,249,hình sự,
1372,c,1,249,hình sự,
1372,,,38,hình sự,
1373,,,136,tố tụng hình sự,
1373,,,106,tố tụng hình sự,
1373,,,52,hình sự,
1373,,,47,hình sự,
1373,,2,51,hình sự,
1373,,,38,hình sự,
1373,s,1,51,hình sự,
1373,c,1,249,hình sự,
1374,,,331,tố tụng hình sự,
1374,,,333,tố tụng hình sự,
1374,,,136,tố tụng hình sự,
1374,,,135,tố tụng hình sự,
1374,,,106,tố tụng hình sự,
1374,s,1,51,hình sự,
1374,,1,47,hình sự,
1374,c,1,249,hình sự,
1375,,2,136,tố tụng hình sự,
1375,,5,249,hình sự,
1375,,,329,tố tụng hình sự,
1375,,,52,hình sự,
1375,,1,249,hình sự,
1375,,,47,hình sự,
1375,,,106,tố tụng hình sự,
1375,,,38,hình sự,
1375,s,1,51,hình sự,
1375,c,1,249,hình sự,
1376,,,136,tố tụng hình sự,
1376,,,106,tố tụng hình sự,
1376,,,329,tố tụng hình sự,
1376,,,47,hình sự,
1376,,,52,hình sự,
1376,,,38,hình sự,
1376,s,1,51,hình sự,
1376,c,1,249,hình sự,
1377,,,30,,thi hành án dân sự
1377,,,9,,thi hành án dân sự
1377,,,7,,thi hành án dân sự
1377,,,7a,,thi hành án dân sự
1377,,,6,,thi hành án dân sự
1377,,,106,tố tụng hình sự,
1377,,,2,,thi hành án dân sự
1377,,,38,hình sự,
1377,,,47,hình sự,
1377,,,53,hình sự,
1377,s,1,51,hình sự,
1377,,2,51,hình sự,
1377,h,1,52,hình sự,
1377,o,2,249,hình sự,
1377,,,249,hình sự,
1377,p,1,46,hình sự,
1377,c,2,138,hình sự,
1377,p,2,194,hình sự,
1377,,3,67,hình sự,
1377,,1,49,hình sự,
1377,g,1,48,hình sự,
1377,g,1,46,hình sự,
1377,,1,138,hình sự,
1377,h,1,39,hình sự,
1377,d,1,38,hình sự,
1377,,1,155,hình sự,
1378,,,136,tố tụng hình sự,
1378,,,329,tố tụng hình sự,
1378,,,106,tố tụng hình sự,
1378,,,47,hình sự,
1378,,,52,hình sự,
1378,,,38,hình sự,
1378,s,1,51,hình sự,
1378,c,1,249,hình sự,
1379,,,329,tố tụng hình sự,
1379,,,136,tố tụng hình sự,
1379,,,106,tố tụng hình sự,
1379,,,38,hình sự,
1379,,,47,hình sự,
1379,s,1,51,hình sự,
1379,h,1,52,hình sự,
1379,c,1,249,hình sự,
1380,,,136,tố tụng hình sự,
1380,,,106,tố tụng hình sự,
1380,s,1,51,hình sự,
1380,c,1,249,hình sự,
1380,,2,51,hình sự,
1380,,,47,hình sự,
1381,,,136,tố tụng hình sự,
1381,,,106,tố tụng hình sự,
1381,,,47,hình sự,
1381,,,38,hình sự,
1381,,,52,hình sự,
1381,,2,51,hình sự,
1381,s,1,51,hình sự,
1381,c,1,249,hình sự,
1381,,,249,hình sự,
1382,,,333,tố tụng hình sự,
1382,,,331,tố tụng hình sự,
1382,,2,136,tố tụng hình sự,
1382,,,329,tố tụng hình sự,
1382,,,47,hình sự,
1382,,,52,hình sự,
1382,,,58,hình sự,
1382,,,106,tố tụng hình sự,
1382,,,17,hình sự,
1382,,,38,hình sự,
1382,s,1,51,hình sự,
1382,c,1,249,hình sự,
1383,,,329,tố tụng hình sự,
1383,,,52,hình sự,
1383,,,106,tố tụng hình sự,
1383,,,136,tố tụng hình sự,
1383,,,47,hình sự,
1383,,,38,hình sự,
1383,s,1,51,hình sự,
1383,c,1,249,hình sự,
1384,,,136,tố tụng hình sự,
1384,,,52,hình sự,
1384,,,47,hình sự,
1384,,,106,tố tụng hình sự,
1384,s,1,51,hình sự,
1384,,,38,hình sự,
1384,c,1,249,hình sự,
1385,,,329,tố tụng hình sự,
1385,,,52,hình sự,
1385,,,249,hình sự,
1385,,,136,tố tụng hình sự,
1385,,,106,tố tụng hình sự,
1385,,,47,hình sự,
1385,,,38,hình sự,
1385,,2,51,hình sự,
1385,s,1,51,hình sự,
1385,c,1,249,hình sự,
1386,,,30,,thi hành án dân sự
1386,,,9,,thi hành án dân sự
1386,,,7,,thi hành án dân sự
1386,,,6,,thi hành án dân sự
1386,,,2,,thi hành án dân sự
1386,,,136,tố tụng hình sự,
1386,,2,106,tố tụng hình sự,
1386,c,1,47,hình sự,
1386,,2,51,hình sự,
1386,s,1,51,hình sự,
1386,r,1,51,hình sự,
1386,c,1,249,hình sự,
1387,s,1,51,hình sự,
1387,,,106,tố tụng hình sự,
1387,c,1,249,hình sự,
1388,,,329,tố tụng hình sự,
1388,,,136,tố tụng hình sự,
1388,,,106,tố tụng hình sự,
1388,,,47,hình sự,
1388,,,52,hình sự,
1388,,,38,hình sự,
1388,s,1,51,hình sự,
1388,c,1,249,hình sự,
1389,,,106,tố tụng hình sự,
1389,,,47,hình sự,
1389,s,1,51,hình sự,
1389,,1,249,hình sự,
1390,,,30,,thi hành án dân sự
1390,,,9,,thi hành án dân sự
1390,,,6,,thi hành án dân sự
1390,,,7,,thi hành án dân sự
1390,,,2,,thi hành án dân sự
1390,,2,106,tố tụng hình sự,
1390,,,136,tố tụng hình sự,
1390,c,1,47,hình sự,
1390,,2,51,hình sự,
1390,s,1,51,hình sự,
1390,c,1,249,hình sự,
1391,,,136,tố tụng hình sự,
1391,,,46,hình sự,
1391,,,106,tố tụng hình sự,
1391,,,329,hình sự,
1391,h,1,52,hình sự,
1391,s,1,51,hình sự,
1391,c,1,249,hình sự,
1392,,,333,tố tụng hình sự,
1392,,,331,tố tụng hình sự,
1392,,,136,tố tụng hình sự,
1392,,,47,hình sự,
1392,,,106,tố tụng hình sự,
1392,,,38,hình sự,
1392,c,1,249,hình sự,
1392,s,1,51,hình sự,
1393,,,333,tố tụng hình sự,
1393,,,331,tố tụng hình sự,
1393,,,136,tố tụng hình sự,
1393,,,106,tố tụng hình sự,
1393,,,47,hình sự,
1393,,,38,hình sự,
1393,s,1,51,hình sự,
1393,c,1,249,hình sự,
1394,,,333,tố tụng hình sự,
1394,,,331,tố tụng hình sự,
1394,,,106,tố tụng hình sự,
1394,,,136,tố tụng hình sự,
1394,,,47,hình sự,
1394,,,38,hình sự,
1394,h,1,52,hình sự,
1394,,2,51,hình sự,
1394,c,1,249,hình sự,
1394,s,1,51,hình sự,
1395,,,333,tố tụng hình sự,
1395,,,331,tố tụng hình sự,
1395,,,136,tố tụng hình sự,
1395,,,38,hình sự,
1395,a,2,106,tố tụng hình sự,
1395,s,1,51,hình sự,
1395,c,1,47,hình sự,
1395,c,1,249,hình sự,
1396,,,135,tố tụng hình sự,
1396,,,136,tố tụng hình sự,
1396,a,2,106,tố tụng hình sự,
1396,,1,47,hình sự,
1396,,,52,hình sự,
1396,,2,106,tố tụng hình sự,
1396,,5,249,hình sự,
1396,,,38,hình sự,
1396,,,50,hình sự,
1396,s,1,51,hình sự,
1396,,2,51,hình sự,
1396,c,1,249,hình sự,
1397,,,106,tố tụng hình sự,
1397,,,333,tố tụng hình sự,
1397,,,331,tố tụng hình sự,
1397,s,1,51,hình sự,
1397,c,1,249,hình sự,
1398,,,333,tố tụng hình sự,
1398,,,106,tố tụng hình sự,
1398,,,331,tố tụng hình sự,
1398,s,1,51,hình sự,
1398,c,1,249,hình sự,
1399,,,106,tố tụng hình sự,
1399,,,333,tố tụng hình sự,
1399,,,331,tố tụng hình sự,
1399,s,1,51,hình sự,
1399,h,1,52,hình sự,
1399,c,1,249,hình sự,
1400,,,333,tố tụng hình sự,
1400,,,331,tố tụng hình sự,
1400,,2,136,tố tụng hình sự,
1400,,,106,tố tụng hình sự,
1400,,,47,hình sự,
1400,,,38,hình sự,
1400,,2,51,hình sự,
1400,s,1,51,hình sự,
1400,c,1,249,hình sự,
3002,,,106,tố tụng hình sự,
3002,,,9,thi hành án hình sự,
3002,,,7,thi hành án hình sự,
3002,,,6,thi hành án hình sự,
3002,,5,249,hình sự,
3002,,,30,thi hành án hình sự,
3002,,2,51,hình sự,
3002,,,47,hình sự,
3002,,,2,thi hành án hình sự,
3002,,1,136,tố tụng hình sự,
3002,c,1,249,hình sự,
3002,s,1,51,hình sự,
3003,,,333,tố tụng hình sự,
3003,,,331,tố tụng hình sự,
3003,,,136,tố tụng hình sự,
3003,,,106,tố tụng hình sự,
3003,,,47,hình sự,
3003,,5,249,hình sự,
3003,,,38,hình sự,
3003,s,1,51,hình sự,
3003,c,1,249,hình sự,
3004,,,23,luật khác,
3004,5,,249,hình sự,
3004,,,333,tố tụng hình sự,
3004,,,331,tố tụng hình sự,
3004,,,136,tố tụng hình sự,
3004,,,106,tố tụng hình sự,
3004,,,47,hình sự,
3004,,,38,hình sự,
3004,h,1,52,hình sự,
3004,1,1,51,hình sự,
3004,c,1,249,hình sự,
3005,,,333,tố tụng hình sự,
3005,,,331,tố tụng hình sự,
3005,,,106,tố tụng hình sự,
3005,,,47,hình sự,
3005,,,329,tố tụng hình sự,
3005,,5,249,hình sự,
3005,o,2,249,hình sự,
3005,,,38,hình sự,
3005,,2,51,hình sự,
3005,,1,51,hình sự,
3006,,,47,hình sự,
3006,,,136,tố tụng hình sự,
3006,,,106,tố tụng hình sự,
3006,a,1,55,hình sự,
3006,s,1,51,hình sự,
3006,r,1,51,hình sự,
3006,1,,173,hình sự,
3006,c,1,249,hình sự,
3006,,1,249,hình sự,
3006,a,1,55,hình sự,
3006,s,1,51,hình sự,
3006,r,1,51,hình sự,
3006,1,,51,hình sự,
3006,c,1,249,hình sự,
3006,,1,173,hình sự,
3006,,1,52,hình sự,
3006,,1,249,hình sự,
3006,,1,173,hình sự,
3006,1,,55,hình sự,
3006,,1,51,hình sự,
3007,,,30,luật khác,Luật thi hành án dân sự
3007,,,9,luật khác,Luật thi hành án dân sự
3007,,,7,luật khác,Luật thi hành án dân sự
3007,,,6,luật khác,Luật thi hành án dân sự
3007,,2,2,luật khác,Luật thi hành án dân sự
3007,,,136,tố tụng hình sự,
3007,c,2,106,tố tụng hình sự,
3007,a,2,106,tố tụng hình sự,
3007,,1,47,hình sự,
3007,c,1,249,hình sự,
3007,s,2,51,hình sự,
3007,s,1,51,hình sự,
3007,c,1,249,hình sự,
3007,2,,106,tố tụng hình sự,
3007,1,,47,hình sự,
3007,,2,51,hình sự,
3007,,1,51,hình sự,
3007,,1,249,hình sự,
3008,,,136,tố tụng hình sự,
3008,a,2,106,tố tụng hình sự,
3008,,2,51,hình sự,
3008,s,1,51,hình sự,
3008,c,1,249,hình sự,
3009,,,,khác,Sơ thẩm số 07/2018/HSST
3009,,,30,thi hành án hình sự,
3009,,,9,thi hành án hình sự,
3009,,,7,thi hành án hình sự,
3009,,,6,thi hành án hình sự,
3009,,,2,thi hành án hình sự,
3009,,,136,tố tụng hình sự,
3009,,,589,luật khác,
3009,,,585,luật khác,
3009,,,584,luật khác,
3009,,,38,hình sự,
3009,,2,175,hình sự,
3009,,2,140,hình sự,
3009,g,1,52,hình sự,
3009,,1,51,hình sự,
3010,,,,khác,Sơ thẩm số 41/2018/HSST
3010,,,136,tố tụng hình sự,
3010,a,2,106,tố tụng hình sự,
3010,,2,51,hình sự,
3010,s,1,51,hình sự,
3010,c,1,249,hình sự,
3011,,2,136,tố tụng hình sự,
3011,,,106,tố tụng hình sự,
3011,,1,7,hình sự,
3011,,,38,hình sự,
3011,,1,249,hình sự,
3011,s,1,51,hình sự,
3012,2,136,,tố tụng hình sự,
3012,2,106,,tố tụng hình sự,
3012,1,51,,hình sự,
3012,2,249,,hình sự,
3012,1,47,,hình sự,
3012,1,51,,hình sự,
3012,,2,249,hình sự,
3012,,106,,tố tụng hình sự,
3012,1,2,47,hình sự,
3012,,38,,hình sự,
3012,,2,249,hình sự,
3012,1,1,51,hình sự,
3013,,,329,tố tụng hình sự,
3013,,,106,tố tụng hình sự,
3013,,,47,hình sự,
3013,,,38,hình sự,
3013,,2,51,hình sự,
3013,s,1,51,hình sự,
3013,c,1,249,hình sự,
3014,,,329,tố tụng hình sự,
3014,,,106,tố tụng hình sự,
3014,,,47,hình sự,
3014,,,38,hình sự,
3014,s,1,51,hình sự,
3014,c,1,249,hình sự,
3015,,,329,tố tụng hình sự,
3015,,,106,tố tụng hình sự,
3015,,,47,hình sự,
3015,,,38,hình sự,
3015,,2,51,hình sự,
3015,s,1,51,hình sự,
3015,,1,249,hình sự,
3016,,,23,luật khác,
3016,2,,136,tố tụng hình sự,
3016,,,47,hình sự,
3016,,,106,tố tụng hình sự,
3016,2,,51,hình sự,
3016,1,,51,hình sự,
3016,1,,51,hình sự,
3016,,1,249,hình sự,
3017,a,1,23,luật khác,
3017,2,1,51,hình sự,
3017,s,1,51,hình sự,
3017,c,1,249,hình sự,
3017,,,136,tố tụng hình sự,
3017,a,2,106,tố tụng hình sự,
3017,2,1,51,hình sự,
3017,1,1,51,hình sự,
3017,1,1,249,hình sự,
3018,a,1,23,luật khác,
3018,,,136,tố tụng hình sự,
3018,a,2,106,tố tụng hình sự,
3018,,2,51,hình sự,
3018,s,1,51,hình sự,
3018,c,1,249,hình sự,
3019,,,30,luật khác,Luật Thi hành án dân sự
3019,,,2,luật khác,Luật Thi hành án dân sự
3019,,,136,tố tụng hình sự,
3019,2,,106,tố tụng hình sự,
3019,1,,47,hình sự,
3019,c,1,249,hình sự,
3019,s,1,51,hình sự,
3019,,1,51,hình sự,
3020,,,30,luật khác,Luật thi hành án dân sự
3020,,,2,luật khác,Luật Thi hành án dân sự
3020,,1,136,tố tụng hình sự,
3020,,1,51,hình sự,
3020,,1,249,hình sự,
3020,c,1,47,hình sự,
3020,c,1,47,hình sự,
3020,,5,249,hình sự,
3020,,1,249,hình sự,
3020,,,51,hình sự,
3020,,1,249,hình sự,
3020,1,,51,hình sự,
3020,,1,249,hình sự,
3022,,6,15,luật khác,
3022,đ,1,12,luật khác,
3022,,2,136,tố tụng hình sự,
3022,,1,333,tố tụng hình sự,
3022,,,331,tố tụng hình sự,
3022,,2,106,tố tụng hình sự,
3022,,1,47,hình sự,
3022,,,38,hình sự,
3022,s,1,51,hình sự,
3022,c,1,249,hình sự,
3023,,,106,tố tụng hình sự,
3023,,,47,hình sự,
3023,,1,249,hình sự,
3023,,1,249,hình sự,
3023,,1,51,hình sự,
3024,,,106,tố tụng hình sự,
3024,,,47,hình sự,
3024,s,1,51,hình sự,
3024,c,1,249,hình sự,
3024,,1,249,hình sự,
3025,,2,51,hình sự,
3025,,1,51,hình sự,
3025,,,30,luật khác,Luật Thi hành án Dân sự
3025,,,9,luật khác,Luật Thi hành án Dân sự
3025,,7a,,luật khác,Luật Thi hành án Dân sự
3025,,,7,luật khác,Luật Thi hành án Dân sự
3025,,,6,luật khác,Luật Thi hành án Dân sự
3025,,2,2,luật khác,Luật Thi hành án Dân sự
3025,,,136,tố tụng hình sự,
3025,,,106,tố tụng hình sự,
3025,,,47,hình sự,
3025,,2,51,hình sự,
3025,c,1,249,hình sự,
3025,s,1,51,hình sự,
3025,,1,249,hình sự,
3026,2,,136,tố tụng hình sự,
3026,c,2,106,tố tụng hình sự,
3026,a,2,106,tố tụng hình sự,
3026,5,,249,hình sự,
3026,1,1,249,hình sự,
3026,c,1,249,hình sự,
3026,,1,51,hình sự,
3027,,,,luật khác,Sơ thẩm số 32/2018/HSST
3027,2,,136,tố tụng hình sự,
3027,c,2,106,tố tụng hình sự,
3027,c,1,47,hình sự,
3027,a,2,106,tố tụng hình sự,
3027,a,1,47,hình sự,
3027,,,58,hình sự,
3027,,,17,hình sự,
3027,,2,51,hình sự,
3027,s,1,51,hình sự,
3027,,1,51,hình sự,
3027,c,1,249,hình sự,
3027,,1,249,hình sự,
3028,,,106,hình sự,
3028,,2,47,hình sự,
3028,,1,51,hình sự,
3029,,,23,luật khác,
3029,,2,136,tố tụng hình sự,
3029,,1,47,hình sự,
3029,a,2,106,tố tụng hình sự,
3029,s,1,51,hình sự,
3029,,1,51,hình sự,
3029,h,1,52,hình sự,
3029,,1,52,hình sự,
3029,c,1,249,hình sự,
3029,,1,249,hình sự,
3030,,,106,tố tụng hình sự,
3030,,,329,tố tụng hình sự,
3030,,,38,hình sự,
3030,s,1,51,hình sự,
3030,c,1,249,hình sự,
3031,,,329,tố tụng hình sự,
3031,,,136,tố tụng hình sự,
3031,,,106,tố tụng hình sự,
3031,,,47,hình sự,
3031,,,38,hình sự,
3031,s,1,51,hình sự,
3031,,1,251,hình sự,
3032,,,99,tố tụng hình sự,
3032,,1,228,tố tụng hình sự,
3032,a,2,76,tố tụng hình sự,
3032,,1,41,hình sự,
3032,,1,46,hình sự,
3032,,,33,hình sự,
3032,p,1,46,hình sự,
3032,,1,194,hình sự,
3033,,,106,hình sự,
3033,,2,55,hình sự,
3033,,2,5,hình sự,
3033,,2,251,hình sự,
3033,,2,49,hình sự,
3033,,2,5,hình sự,
3033,,1,51,hình sự,
3034,,,,luật khác,Sơ thẩm số 33/2018/HSST
3034,,,333,tố tụng hình sự,
3034,,,332,tố tụng hình sự,
3034,,,331,tố tụng hình sự,
3034,,,136,tố tụng hình sự,
3034,,2,106,tố tụng hình sự,
3034,c,1,47,hình sự,
3034,2,1,106,tố tụng hình sự,
3034,,,47,hình sự,
3034,,,38,hình sự,
3034,1,1,51,hình sự,
3034,,1,249,hình sự,
3035,,,333,tố tụng hình sự,
3035,,,331,tố tụng hình sự,
3035,,,136,tố tụng hình sự,
3035,,,106,tố tụng hình sự,
3035,,1,249,hình sự,
3035,,1,249,hình sự,
3035,,2,51,hình sự,
3035,,1,51,hình sự,
3036,,2,136,tố tụng hình sự,
3036,a,2,106,tố tụng hình sự,
3036,,,47,hình sự,
3036,,,38,hình sự,
3036,s,1,51,hình sự,
3036,c,1,249,hình sự,
3037,,,,luật khác,Sơ thẩm số 44/2018/HSST
3037,,2,136,tố tụng hình sự,
3037,a,2,106,tố tụng hình sự,
3037,,,47,hình sự,
3037,,,38,hình sự,
3037,s,1,51,hình sự,
3037,c,1,249,hình sự,
3038,a,1,23,luật khác,
3038,,,333,tố tụng hình sự,
3038,,,331,tố tụng hình sự,
3038,,2,136,tố tụng hình sự,
3038,,2,135,tố tụng hình sự,
3038,,,106,tố tụng hình sự,
3038,,,47,hình sự,
3038,,,38,hình sự,
3038,s,1,51,hình sự,
3038,c,1,249,hình sự,
3039,,,,luật khác,Sơ thẩm số 35/2018/HS-ST
3039,,,106,tố tụng hình sự,
3039,,,56,hình sự,
3039,,,47,hình sự,
3039,1,1,51,hình sự,
3039,,1,249,hình sự,
3040,đ,1,12,luật khác,
3040,,,333,tố tụng hình sự,
3040,,,331,tố tụng hình sự,
3040,2,,291,tố tụng hình sự,
3040,g,2,61,tố tụng hình sự,
3040,,,106,tố tụng hình sự,
3040,,1,47,hình sự,
3040,c,1,47,hình sự,
3040,c,1,249,hình sự,
3040,,,38,hình sự,
3040,,1,51,hình sự,
3041,2,136,,tố tụng hình sự,
3041,2,135,,tố tụng hình sự,
3041,,106,,tố tụng hình sự,
3041,,5,249,hình sự,
3041,2,2,51,hình sự,
3041,s,1,51,hình sự,
3041,,38,,hình sự,
3041,c,1,249,hình sự,
3041,1,1,249,hình sự,
3041,1,,249,hình sự,
3041,,1,257,hình sự,
3042,,,106,tố tụng hình sự,
3042,,2,136,tố tụng hình sự,
3042,,1,135,tố tụng hình sự,
3042,,2,51,hình sự,
3042,s,1,51,hình sự,
3042,,5,249,hình sự,
3042,,,38,hình sự,
3042,,1,51,hình sự,
3042,,1,249,hình sự,
3043,,,333,tố tụng hình sự,
3043,,,331,tố tụng hình sự,
3043,,,136,tố tụng hình sự,
3043,,,106,tố tụng hình sự,
3043,,,47,hình sự,
3043,,,38,hình sự,
3043,2,1,51,hình sự,
3043,1,1,51,hình sự,
3043,5,1,249,hình sự,
3043,,1,249,hình sự,
3044,,,333,tố tụng hình sự,
3044,,,331,tố tụng hình sự,
3044,,,136,tố tụng hình sự,
3044,,1,249,hình sự,
3044,a,1,249,hình sự,
3044,s,1,51,hình sự,
3044,a,1,249,hình sự,
3044,,,106,tố tụng hình sự,
3044,,,47,hình sự,
3044,2,1,51,hình sự,
3044,s,1,51,hình sự,
3044,,1,38,hình sự,
3044,c,1,249,hình sự,
3045,a,1,23,luật khác,
3045,,2,136,tố tụng hình sự,
3045,a,2,106,tố tụng hình sự,
3045,a,1,47,hình sự,
3045,,,38,hình sự,
3045,c,1,249,hình sự,
3045,,1,51,hình sự,
3046,a,1,23,luật khác,
3046,,2,136,tố tụng hình sự,
3046,c,2,106,tố tụng hình sự,
3046,a,2,106,tố tụng hình sự,
3046,a,1,47,hình sự,
3046,,4,98,hình sự,
3046,,,38,hình sự,
3046,,,101,hình sự,
3046,,,91,hình sự,
3046,,2,51,hình sự,
3046,s,1,51,hình sự,
3046,c,1,249,hình sự,
3047,,1,136,tố tụng hình sự,
3047,,1,135,tố tụng hình sự,
3047,,1,51,hình sự,
3047,,1,249,hình sự,
3047,,30,,thi hành án hình sự,
3047,,9,,thi hành án hình sự,
3047,,7a,,thi hành án hình sự,
3047,,,7,thi hành án hình sự,
3047,,,6,thi hành án hình sự,
3047,,,2,thi hành án hình sự,
3047,,1,106,tố tụng hình sự,
3047,,1,47,hình sự,
3047,,1,249,hình sự,
3047,,1,51,hình sự,
3048,,,,luật khác,Sơ thẩm số 50/2018/ HSST
3048,,,136,tố tụng hình sự,
3048,,2,106,tố tụng hình sự,
3048,c,1,47,hình sự,
3048,,2,51,hình sự,
3048,s,1,51,hình sự,
3048,,,58,hình sự,
3048,,,17,hình sự,
3048,s,2,51,hình sự,
3048,s,1,51,hình sự,
3048,c,1,249,hình sự,
3048,,1,249,hình sự,
3048,o,2,249,hình sự,
3048,,2,249,hình sự,
3049,3,,30,hình sự,
3049,2,,30,hình sự,
3049,5,,194,hình sự,
3049,1,,249,hình sự,
3049,2,,136,tố tụng hình sự,
3049,,1,136,tố tụng hình sự,
3049,2,,106,tố tụng hình sự,
3049,c,1,47,hình sự,
3049,3,,35,hình sự,
3049,2,,35,hình sự,
3049,2,,51,hình sự,
3049,s,1,51,hình sự,
3049,,5,249,hình sự,
3049,,1,249,hình sự,
3050,,1,249,hình sự,
3050,,,136,tố tụng hình sự,
3050,,2,106,tố tụng hình sự,
3050,,1,47,hình sự,
3050,,1,249,hình sự,
3050,,1,51,hình sự,
3051,,,136,tố tụng hình sự,
3051,c,2,106,tố tụng hình sự,
3051,a,2,106,tố tụng hình sự,
3051,,1,47,hình sự,
3051,c,1,249,hình sự,
3051,,1,51,hình sự,
3052,,,,luật khác,Sơ thẩm số 97/2018/HSST
3052,,,136,tố tụng hình sự,
3052,2,2,106,tố tụng hình sự,
3052,s,1,51,hình sự,
3052,c,1,249,hình sự,
3052,,2,47,hình sự,
3052,,1,249,hình sự,
3052,,1,51,hình sự,
3053,,,136,tố tụng hình sự,
3053,c,2,106,tố tụng hình sự,
3053,2,,106,tố tụng hình sự,
3053,c,1,47,hình sự,
3053,1,,47,hình sự,
3053,1,,249,hình sự,
3053,,1,51,hình sự,
3053,,3,35,hình sự,
3053,,2,35,hình sự,
3053,,5,249,hình sự,
3053,b,2,249,hình sự,
3053,c,1,249,hình sự,
3053,c,1,249,hình sự,
3053,,,136,tố tụng hình sự,
3053,,,12,hình sự,
3053,c,2,106,tố tụng hình sự,
3053,a,2,106,tố tụng hình sự,
3053,c,1,47,hình sự,
3053,,1,47,hình sự,
3053,3,,35,hình sự,
3053,2,,35,hình sự,
3053,5,,249,hình sự,
3053,1,,249,hình sự,
3053,,1,51,hình sự,
3054,,,,luật khác,Sơ thẩm số 89/2018/HSST
3054,,,136,tố tụng hình sự,
3054,c,2,106,tố tụng hình sự,
3054,a,2,106,tố tụng hình sự,
3054,c,1,47,hình sự,
3054,a,1,47,hình sự,
3054,c,1,249,hình sự,
3054,,1,51,hình sự,
3055,,,,luật khác,Sơ thẩm số 101/2018/HSST
3055,,,136,tố tụng hình sự,
3055,c,2,106,tố tụng hình sự,
3055,a,2,106,tố tụng hình sự,
3055,c,1,47,hình sự,
3055,1,1,47,hình sự,
3055,,3,35,hình sự,
3055,,2,35,hình sự,
3055,5,1,249,hình sự,
3055,,1,249,hình sự,
3055,,1,51,hình sự,
3056,2,3,106,tố tụng hình sự,
3056,1,2,47,hình sự,
3056,1,1,51,hình sự,
3056,2,,51,hình sự,
3056,,1,251,hình sự,
3056,,1,251,hình sự,
3056,,23,,luật khác,
3056,,21,,luật khác,
3056,1,,135,tố tụng hình sự,
3056,2,3,106,tố tụng hình sự,
3056,1,2,47,hình sự,
3056,s,1,51,hình sự,
3056,,1,251,hình sự,
3057,,23,,luật khác,
3057,,21,,luật khác,
3057,c,1,149,hình sự,
3057,,,135,tố tụng hình sự,
3057,,5,149,hình sự,
3057,a,3,106,tố tụng hình sự,
3057,c,2,106,tố tụng hình sự,
3057,a,2,106,tố tụng hình sự,
3057,c,1,47,hình sự,
3057,a,1,47,hình sự,
3057,1,1,47,hình sự,
3057,1,2,106,tố tụng hình sự,
3057,3,,35,hình sự,
3057,2,1,51,hình sự,
3057,1,1,51,hình sự,
3057,c,1,249,hình sự,
3057,,1,249,hình sự,
3058,,,,luật khác,Sơ thẩm số 06/2018/HSST
3058,2,,136,tố tụng hình sự,
3058,2,,136,tố tụng hình sự,
3058,3,,106,tố tụng hình sự,
3058,2,,106,tố tụng hình sự,
3058,1,46,1,hình sự,
3058,2,1,249,hình sự,
3058,1,1,194,hình sự,
3058,,33,,hình sự,
3058,1,46,1,hình sự,
3058,1,1,249,hình sự,
3058,1,1,194,hình sự,
3059,1,,135,tố tụng hình sự,
3059,2,2,51,hình sự,
3059,,1,249,hình sự,
3059,s,1,51,hình sự,
3059,,99,99,tố tụng hình sự,
3059,2,3,106,tố tụng hình sự,
3059,1,,47,hình sự,
3059,,1,249,hình sự,
3059,2,2,106,tố tụng hình sự,
3059,1,1,47,hình sự,
3059,2,,51,hình sự,
3059,1,1,51,hình sự,
3059,1,249,249,hình sự,
3059,1,1,194,hình sự,
3059,,1,249,hình sự,
3059,2,,106,tố tụng hình sự,
3059,1,1,47,hình sự,
3059,,1,249,hình sự,
3059,3,7,7,hình sự,
3059,1,1,51,hình sự,
3060,a,1,23,luật khác,
3060,,,136,tố tụng hình sự,
3060,,,135,tố tụng hình sự,
3060,,3,106,tố tụng hình sự,
3060,,2,106,tố tụng hình sự,
3060,,,52,hình sự,
3060,,1,47,hình sự,
3060,a,3,106,tố tụng hình sự,
3060,c,2,106,tố tụng hình sự,
3060,b,2,106,tố tụng hình sự,
3060,a,2,106,tố tụng hình sự,
3060,c,1,47,hình sự,
3060,b,1,47,hình sự,
3060,,5,251,hình sự,
3060,a,1,47,hình sự,
3060,,1,38,hình sự,
3060,s,1,51,hình sự,
3060,,1,251,hình sự,
3061,,,333,tố tụng hình sự,
3061,,,331,tố tụng hình sự,
3061,,,136,tố tụng hình sự,
3061,,,135,tố tụng hình sự,
3061,,,106,tố tụng hình sự,
3061,,,47,hình sự,
3061,,,106,tố tụng hình sự,
3061,2,,51,hình sự,
3061,,5,249,hình sự,
3061,s,1,51,hình sự,
3061,1,1,249,hình sự,
3062,,5,249,hình sự,
3062,,,333,tố tụng hình sự,
3062,,,331,tố tụng hình sự,
3062,,,136,tố tụng hình sự,
3062,,,135,tố tụng hình sự,
3062,,,106,tố tụng hình sự,
3062,,,47,hình sự,
3062,,,48,hình sự,
3062,,2,51,hình sự,
3062,s,1,51,hình sự,
3062,c,1,249,hình sự,
3063,,,41,hình sự,
3063,,,333,tố tụng hình sự,
3063,,,331,tố tụng hình sự,
3063,,,136,tố tụng hình sự,
3063,,,135,tố tụng hình sự,
3063,,,106,tố tụng hình sự,
3063,,3,7,hình sự,
3063,p,1,46,hình sự,
3063,,1,194,hình sự,
3064,,,,luật khác,Sơ thẩm số 86/2018/HS-ST
3064,,,106,tố tụng hình sự,
3064,,,136,tố tụng hình sự,
3064,,,47,hình sự,
3064,2,,51,hình sự,
3064,s,1,51,hình sự,
3064,,1,249,hình sự,
3064,,,106,tố tụng hình sự,
3064,,,47,hình sự,
3064,2,,51,hình sự,
3064,s,1,51,hình sự,
3064,,1,249,hình sự,
3065,,1,51,hình sự,
3065,,,9,luật khác,Luật Thi hành án dân sự năm 2008
3065,,7a,2,luật khác,Luật Thi hành án dân sự năm 2008
3065,,,7,luật khác,Luật Thi hành án dân sự năm 2008
3065,,,6,luật khác,Luật Thi hành án dân sự năm 2008
3065,,30,2,luật khác,Luật Thi hành án dân sự năm 2008
3065,,,2,luật khác,Luật Thi hành án dân sự năm 2008
3065,,,136,tố tụng hình sự,
3065,,,135,tố tụng hình sự,
3065,,,47,hình sự,
3065,,,106,tố tụng hình sự,
3065,h,1,52,hình sự,
3065,s,1,51,hình sự,
3065,g,2,249,hình sự,
3065,,2,249,hình sự,
3066,,,30,luật khác,Luật Thi hành án dân sự năm 2008
3066,,6,9,luật khác,Luật Thi hành án dân sự năm 2008
3066,,6,7a,luật khác,Luật Thi hành án dân sự năm 2008
3066,,6,7,luật khác,Luật Thi hành án dân sự năm 2008
3066,,,2,luật khác,Luật Thi hành án dân sự năm 2008
3066,,,136,tố tụng hình sự,
3066,,,135,tố tụng hình sự,
3066,,,106,tố tụng hình sự,
3066,,,47,hình sự,
3066,,1,51,hình sự,
3066,s,1,51,hình sự,
3066,1,1,249,hình sự,
3066,,1,249,hình sự,
3067,,,106,tố tụng hình sự,
3067,,,47,hình sự,
3067,,2,290,tố tụng hình sự,
3067,s,1,51,hình sự,
3067,,1,249,hình sự,
3068,,23,,luật khác,
3068,,s,51,hình sự,
3068,,,337,tố tụng hình sự,
3068,,,333,tố tụng hình sự,
3068,,,336,tố tụng hình sự,
3068,,,332,tố tụng hình sự,
3068,,,331,tố tụng hình sự,
3068,,,136,tố tụng hình sự,
3068,,,135,tố tụng hình sự,
3068,,,106,tố tụng hình sự,
3068,,4,47,hình sự,
3068,,1,249,hình sự,
3068,1,c,249,hình sự,
3068,5,,249,hình sự,
3068,,1,51,hình sự,
3069,,,106,tố tụng hình sự,
3069,,,47,hình sự,
3069,,1,249,hình sự,
3069,,1,249,hình sự,
3069,,1,51,hình sự,
3070,c,2,106,tố tụng hình sự,
3070,c,1,47,hình sự,
3070,1,,249,hình sự,
3070,s,1,51,hình sự,
3070,s,1,51,hình sự,
3070,c,1,249,hình sự,
3070,c,2,106,tố tụng hình sự,
3070,c,1,47,hình sự,
3070,s,1,51,hình sự,
3070,1,,249,hình sự,
3071,,,106,tố tụng hình sự,
3071,,,106,tố tụng hình sự,
3071,,,47,hình sự,
3071,,,47,hình sự,
3071,,1,51,hình sự,
3071,s,1,51,hình sự,
3071,,1,249,hình sự,
3072,,,,luật khác,
3072,,,136,tố tụng hình sự,
3072,,5,249,hình sự,
3072,,2,106,tố tụng hình sự,
3072,,1,47,hình sự,
3072,,,58,hình sự,
3072,,,17,hình sự,
3072,s,1,51,hình sự,
3072,c,1,249,hình sự,
3073,,,,luật khác,Sơ thẩm số 85/2018/HSST
3073,,2,136,tố tụng hình sự,
3073,,5,249,hình sự,
3073,,1,9,hình sự,
3073,,2,106,tố tụng hình sự,
3073,,1,47,hình sự,
3073,s,1,51,hình sự,
3073,c,1,249,hình sự,
3074,,,333,tố tụng hình sự,
3074,,,331,tố tụng hình sự,
3074,,1,23,luật khác,
3074,,,136,tố tụng hình sự,
3074,,,135,tố tụng hình sự,
3074,a,2,106,tố tụng hình sự,
3074,c,1,47,hình sự,
3074,,,106,tố tụng hình sự,
3074,,,47,hình sự,
3074,,,38,hình sự,
3074,h,1,52,hình sự,
3074,1,1,51,hình sự,
3074,c,1,249,hình sự,
3075,,,333,tố tụng hình sự,
3075,,,331,tố tụng hình sự,
3075,,,136,tố tụng hình sự,
3075,,,135,tố tụng hình sự,
3075,,1,38,hình sự,
3075,a,2,106,tố tụng hình sự,
3075,c,1,47,hình sự,
3075,c,1,249,hình sự,
3075,h,1,52,hình sự,
3075,,1,51,hình sự,
3076,,,106,tố tụng hình sự,
3076,h,1,52,hình sự,
3076,c,1,249,hình sự,
3076,s,1,51,hình sự,
3076,c,1,47,hình sự ,
3076,a,1,47,hình sự ,
3076,s,1,51,hình sự ,
3076,,1,38,hình sự,
3076,c,1,249,hình sự,
3077,,,333,tố tụng hình sự,
3077,,,337,tố tụng hình sự,
3077,,1,136,tố tụng hình sự,
3077,,1,38,hình sự,
3077,,2,106,tố tụng hình sự,
3077,,1,249,hình sự,
3077,,1,51,hình sự,
3078,,,2,luật khác,Luật Thi hành án Dân sự
3078,,,30,luật khác,Luật Thi hành án Dân sự
3078,,,9,luật khác,Luật Thi hành án Dân sự
3078,,,7,luật khác,Luật Thi hành án Dân sự
3078,,1,6,luật khác,Luật Thi hành án Dân sự
3078,3,2,106,tố tụng hình sự,
3078,4,2,136,tố tụng hình sự,
3078,2,2,211,tố tụng hình sự,
3078,,,38,hình sự,
3078,,1,249,hình sự,
3078,1,1,51,hình sự,
3080,,,326/2016/UBTVQH14,luật khác,
3080,,,106,tố tụng hình sự,
3080,,,47,hình sự,
3080,,,51,hình sự,
3080,,,136,tố tụng hình sự,
3080,a,2,106,tố tụng hình sự,
3080,c,1,47,hình sự,
3080,5,,249,hình sự,
3080,s,1,51,hình sự,
3080,c,1,249,hình sự,
3080,,1,249,hình sự,
3081,2,,136,tố tụng hình sự,
3081,2,,135,tố tụng hình sự,
3081,,,48,hình sự,
3081,1,,47,hình sự,
3081,,,38,hình sự,
3081,5,,249,hình sự,
3081,s,1,51,hình sự,
3081,c,1,249,hình sự,
3081,326,,,tố tụng hình sự,
3081,260,,,tố tụng hình sự,
3081,254,,,tố tụng hình sự,
3081,259,,,tố tụng hình sự,
3081,,,48,hình sự,
3081,1,,47,hình sự,
3081,s,1,51,hình sự,
3081,5,,249,hình sự,
3081,,,48,hình sự,
3081,1,,106,tố tụng hình sự,
3081,1,,47,hình sự,
3081,,,38,hình sự,
3081,s,1,51,hình sự,
3081,5,,249,hình sự,
3081,c,1,249,hình sự,
3081,1,,293,tố tụng hình sự,
3081,c,1,249,hình sự,
3082,,,,luật khác,Sơ thẩm số 61/2018/HS-ST
3082,,1,23,luật khác,
3082,,,106,tố tụng hình sự,
3082,,,47,hình sự,
3082,,,46,hình sự,
3082,,1,38,hình sự,
3082,,1,249,hình sự,
3082,1,1,51,hình sự,
3083,a,2,106,tố tụng hình sự,
3083,1,,47,hình sự,
3083,s,1,51,hình sự,
3083,c,1,249,hình sự,
3083,1,,51,hình sự,
3083,1,,249,hình sự,
3083,a,2,106,tố tụng hình sự,
3083,c,1,47,hình sự,
3083,s,1,51,hình sự,
3083,c,1,249,hình sự,
3083,a,2,106,tố tụng hình sự,
3083,1,1,47,hình sự,
3083,5,,249,hình sự,
3083,,1,51,hình sự,
3083,1,1,249,hình sự,
3084,,,106,tố tụng hình sự,
3084,,,47,hình sự,
3084,,5,251,hình sự,
3084,s,1,51,hình sự,
3084,b,2,251,hình sự,
3084,c,1,249,hình sự,
3084,,5,194,hình sự,
3084,s,1,51,hình sự,
3084,b,2,194,hình sự,
3084,,1,51,hình sự,
3085,,,106,tố tụng hình sự,
3085,,,47,hình sự,
3085,1,1,51,hình sự,
3085,,1,249,hình sự,
3086,,,,luật khác,Sơ thẩm số 34/2018/HSST
3086,,,106,tố tụng hình sự,
3086,,,47,hình sự,
3086,,1,249,hình sự,
3086,s,1,51,hình sự,
3086,,1,249,hình sự,
3086,,,106,tố tụng hình sự,
3086,,,47,hình sự,
3086,,5,249,hình sự,
3086,1,,51,hình sự,
3086,,1,249,hình sự,
3087,,,,luật khác,
3087,,,333,tố tụng hình sự,
3087,,,331,tố tụng hình sự,
3087,s,1,51,hình sự,
3087,1,a,23,luật khác,Luật phí và lệ phí năm 2015
3087,,2,47,hình sự,
3087,2,,106,tố tụng hình sự,
3087,c,1,249,hình sự,
3087,,1,51,hình sự,
3088,2,,135,tố tụng hình sự,
3088,2,,136,tố tụng hình sự,
3088,1,,194,hình sự,
3088,1,p,46,hình sự,
3088,1,,48,hình sự,
3088,1,a,106,tố tụng hình sự,
3088,,5,194,hình sự,
3088,1,,47,hình sự,
3088,,,33,hình sự,
3088,1,1,46,hình sự,
3088,5,,194,hình sự,
3088,1,,194,hình sự,
3088,,1,194,hình sự,
3089,,,,tố tụng hình sự,
3089,,1,194,hình sự,
3089,s,1,51,hình sự,
3089,c,1,249,hình sự,
3089,,,106,tố tụng hình sự,
3089,,,47,hình sự,
3089,,,76,tố tụng hình sự,
3089,,,41,hình sự,
3089,p,1,46,hình sự,
3089,,5,249,hình sự,
3089,c,1,249,hình sự,
3089,,1,51,hình sự,
3090,,,,luật khác,
3090,,,,luật khác,
3090,,1,249,hình sự,
3090,,1,249,hình sự,
3090,,1,249,hình sự,
3090,,1,249,hình sự,
3090,,1,249,hình sự,
3090,,1,249,hình sự,
3090,,1,249,hình sự,
3090,,1,249,hình sự,
3090,,,106,tố tụng hình sự,
3090,,,47,hình sự,
3090,,1,249,hình sự,
3090,,1,51,hình sự,
3091,5,,249,hình sự,
3091,5,1,51,hình sự,
3091,,,106,tố tụng hình sự,
3091,,,47,hình sự,
3091,,1,51,hình sự,
3091,,1,249,hình sự,
3092,,,106,tố tụng hình sự,
3092,,1,47,hình sự,
3092,s,1,51,hình sự,
3092,,1,249,hình sự,
3093,,2,136,tố tụng hình sự,
3093,,2,135,tố tụng hình sự,
3093,,,326,tố tụng hình sự,
3093,,,260,tố tụng hình sự,
3093,,,259,tố tụng hình sự,
3093,,,254,tố tụng hình sự,
3093,,,194,hình sự,
3093,,3,7,hình sự,
3093,a,2,106,tố tụng hình sự,
3093,c,1,47,hình sự,
3093,,2,51,hình sự,
3093,,,38,hình sự,
3093,s,1,51,hình sự,
3093,h,1,52,hình sự,
3093,i,1,249,hình sự,
3094,2,2,135,tố tụng hình sự,
3094,2,2,136,tố tụng hình sự,
3094,,,326,tố tụng hình sự,
3094,,,260,tố tụng hình sự,
3094,,,259,tố tụng hình sự,
3094,2,2,106,tố tụng hình sự,
3094,1,1,106,tố tụng hình sự,
3094,,,52,hình sự,
3094,1,1,51,hình sự,
3094,,,47,hình sự,
3094,,5,249,hình sự,
3094,1,1,51,hình sự,
3094,,1,249,hình sự,
3094,,,38,hình sự,
3095,,2,136,tố tụng hình sự,
3095,,2,135,tố tụng hình sự,
3095,,,326,tố tụng hình sự,
3095,,,260,tố tụng hình sự,
3095,,,259,tố tụng hình sự,
3095,,2,106,tố tụng hình sự,
3095,,1,47,hình sự,
3095,,5,249,hình sự,
3095,s,1,51,hình sự,
3095,,1,249,hình sự,
3096,,1,23,luật khác,
3096,,,47,hình sự,
3096,,,106,tố tụng hình sự,
3096,,,46,hình sự,
3096,,,38,hình sự,
3096,,1,249,hình sự,
3096,,2,51,hình sự,
3096,,1,51,hình sự,
3097,,,30,luật khác,
3097,,,9,luật khác,
3097,,,7,luật khác,
3097,,,6,luật khác,
3097,,,2,luật khác,
3097,1,,23,luật khác,
3097,,136,,tố tụng hình sự,
3097,,3,7,hình sự,
3097,,,47,hình sự,
3097,,,38,hình sự,
3097,,1,106,tố tụng hình sự,
3097,,2,249,hình sự,
3097,,1,106,tố tụng hình sự,
3097,,5,249,hình sự,
3097,,,47,hình sự,
3097,,2,249,hình sự,
3097,,2,249,hình sự,
3097,,1,106,tố tụng hình sự,
3097,,2,194,hình sự,
3097,2,,51,hình sự,
3097,,3,7,hình sự,
3097,1,,51,hình sự,
3097,,2,249,hình sự,
3099,,1,333,tố tụng hình sự,
3099,,1,331,tố tụng hình sự,
3099,,2,136,tố tụng hình sự,
3099,,,106,tố tụng hình sự,
3099,,5,249,hình sự,
3099,,,38,hình sự,
3099,,2,51,hình sự,
3099,s,1,51,hình sự,
3099,c,1,249,hình sự,
3100,,,333,tố tụng hình sự,
3100,,,331,tố tụng hình sự,
3100,,,136,tố tụng hình sự,
3100,,,106,tố tụng hình sự,
3100,,,38,hình sự,
3100,,,47,hình sự,
3100,2,,51,hình sự,
3100,1,,51,hình sự,
3100,,1,249,hình sự,
3101,,2,135,tố tụng hình sự,
3101,,2,136,tố tụng hình sự,
3101,a,2,106,tố tụng hình sự,
3101,c,1,47,hình sự,
3101,s,1,51,hình sự,
3101,c,1,249,hình sự,
3102,,2,136,tố tụng hình sự,
3102,,2,135,tố tụng hình sự,
3102,a,2,106,tố tụng hình sự,
3102,c,1,47,hình sự,
3102,s,1,51,hình sự,
3102,c,1,249,hình sự,
3103,,2,136,tố tụng hình sự,
3103,,2,135,tố tụng hình sự,
3103,a,2,106,tố tụng hình sự,
3103,c,1,47,hình sự,
3103,s,1,51,hình sự,
3103,c,1,249,hình sự,
3104,2,,136,tố tụng hình sự,
3104,a,2,106,tố tụng hình sự,
3104,2,,135,tố tụng hình sự,
3104,c,1,47,hình sự,
3104,2,1,51,hình sự,
3104,s,1,51,hình sự,
3104,c,1,249,hình sự,
3105,,,329,tố tụng hình sự,
3105,,,113,tố tụng hình sự,
3105,,,119,tố tụng hình sự,
3105,c,1,109,tố tụng hình sự,
3105,2,,106,tố tụng hình sự,
3105,,2,136,tố tụng hình sự,
3105,1,,47,hình sự,
3105,h,1,52,hình sự,
3105,s,1,51,hình sự,
3105,c,1,249,hình sự,
3106,,,136,tố tụng hình sự,
3106,c,2,106,tố tụng hình sự,
3106,a,3,106,tố tụng hình sự,
3106,a,2,106,tố tụng hình sự,
3106,,,50,hình sự,
3106,c,1,47,hình sự,
3106,,,38,hình sự,
3106,,2,51,hình sự,
3106,c,1,249,hình sự,
3106,s,1,51,hình sự,
3107,,,136,tố tụng hình sự,
3107,,,135,tố tụng hình sự,
3107,c,2,106,tố tụng hình sự,
3107,a,2,106,tố tụng hình sự,
3107,,,47,hình sự,
3107,,3,7,hình sự,
3107,s,1,51,hình sự,
3107,o,2,249,hình sự,
3108,,,136,tố tụng hình sự,
3108,,,135,tố tụng hình sự,
3108,b,3,106,tố tụng hình sự,
3108,,,47,hình sự,
3108,a,2,106,tố tụng hình sự,
3108,s,1,51,hình sự,
3108,2,,51,hình sự,
3108,c,1,249,hình sự,
3109,,,135,tố tụng hình sự,
3109,,,136,tố tụng hình sự,
3109,,,106,tố tụng hình sự,
3109,a,2,106,tố tụng hình sự,
3109,c,2,106,tố tụng hình sự,
3109,,,47,hình sự,
3109,,2,51,hình sự,
3109,c,1,249,hình sự,
3109,s,1,51,hình sự,
3110,,,136,tố tụng hình sự,
3110,,,135,tố tụng hình sự,
3110,,,47,hình sự,
3110,b,3,106,tố tụng hình sự,
3110,a,2,106,tố tụng hình sự,
3110,1,1,51,hình sự,
3110,,5,249,hình sự,
3110,c,1,249,hình sự,
3111,,,136,tố tụng hình sự,
3111,,,135,tố tụng hình sự,
3111,b,3,106,tố tụng hình sự,
3111,c,2,106,tố tụng hình sự,
3111,a,2,106,tố tụng hình sự,
3111,s,1,51,hình sự,
3111,,,47,hình sự,
3111,i,1,249,hình sự,
3112,a,2,106,tố tụng hình sự,
3112,s,1,51,hình sự,
3112,c,1,249,hình sự,
3113,a,2,106,tố tụng hình sự,
3113,s,1,51,hình sự,
3113,c,1,249,hình sự,
3114,a,2,106,tố tụng hình sự,
3114,,1,194,hình sự,
3114,s,1,51,hình sự,
3114,c,1,249,hình sự,
3115,a,2,106,tố tụng hình sự,
3115,,5,249,hình sự,
3115,s,1,51,hình sự,
3115,n,2,249,hình sự,
3115,b,2,249,hình sự,
3116,,1,194,hình sự,
3116,a,3,106,tố tụng hình sự,
3116,a,2,106,tố tụng hình sự,
3116,s,1,51,hình sự,
3116,c,1,249,hình sự,
3117,,,136,tố tụng hình sự,
3117,,,135,tố tụng hình sự,
3117,,,38,hình sự,
3117,,,106,tố tụng hình sự,
3117,s,1,51,hình sự,
3117,c,1,249,hình sự,
3118,,136,2,tố tụng hình sự,
3118,,135,2,tố tụng hình sự,
3118,,,106,tố tụng hình sự,
3118,,,38,hình sự,
3118,c,1,249,hình sự,
3118,s,1,51,hình sự,
3119,,,106,tố tụng hình sự,
3119,,,47,hình sự,
3119,s,1,51,hình sự,
3119,i,1,249,hình sự,
3120,,,30,luật khác,Luật Thi hành án dân sự
3120,7a,,9,luật khác,Luật Thi hành án dân sự
3120,,,7,luật khác,Luật Thi hành án dân sự
3120,,,6,luật khác,Luật Thi hành án dân sự
3120,,,2,thi hành án hình sự,
3120,,2,136,tố tụng hình sự,
3120,,,106,tố tụng hình sự,
3120,,,47,hình sự,
3120,c,1,249,hình sự,
3120,s,1,51,hình sự,
3121,,2,135,tố tụng hình sự,
3121,,2,136,tố tụng hình sự,
3121,,,106,tố tụng hình sự,
3121,,1,47,hình sự,
3121,,2,51,hình sự,
3121,,,38,hình sự,
3121,s,1,51,hình sự,
3121,c,1,249,hình sự,
3122,,2,135,tố tụng hình sự,
3122,,2,136,tố tụng hình sự,
3122,a,2,106,tố tụng hình sự,
3122,c,1,47,hình sự,
3122,a,2,106,tố tụng hình sự,
3122,,1,47,hình sự,
3122,s,1,51,hình sự,
3122,,3,7,hình sự,
3122,c,1,249,hình sự,
3123,,,106,tố tụng hình sự,
3123,c,1,47,hình sự,
3123,,2,51,hình sự,
3123,s,1,51,hình sự,
3123,,,38,hình sự,
3123,c,1,249,hình sự,
3124,,,106,tố tụng hình sự,
3124,,,46,hình sự,
3124,,,47,hình sự,
3124,,1,249,hình sự,
3124,c,1,249,hình sự,
3124,s,1,51,hình sự,
3125,,,106,tố tụng hình sự,
3125,,,48,hình sự,
3125,,,47,hình sự,
3125,,,46,hình sự,
3125,c,1,249,hình sự,
3125,s,1,51,hình sự,
3126,,,106,tố tụng hình sự,
3126,,,46,hình sự,
3126,,,47,hình sự,
3126,s,1,51,hình sự,
3126,g,2,249,hình sự,
3127,a,1,47,hình sự,
3127,,,106,tố tụng hình sự,
3127,,,38,hình sự,
3127,h,1,52,hình sự,
3127,1,1,51,hình sự,
3127,c,1,249,hình sự,
3128,2,,136,tố tụng hình sự,
3128,2,,135,tố tụng hình sự,
3128,c,2,106,tố tụng hình sự,
3128,a,2,106,tố tụng hình sự,
3128,c,1,47,hình sự,
3128,s,1,51,hình sự,
3128,a,1,47,hình sự,
3128,c,1,249,hình sự,
3129,,2,135,tố tụng hình sự,
3129,,2,136,tố tụng hình sự,
3129,a,2,106,tố tụng hình sự,
3129,c,1,47,hình sự,
3129,,5,249,hình sự,
3129,a,2,106,tố tụng hình sự,
3129,c,1,47,hình sự,
3129,c,1,249,hình sự,
3129,s,1,51,hình sự,
3130,2,,136,tố tụng hình sự,
3130,2,,135,tố tụng hình sự,
3130,s,1,51,hình sự,
3130,c,1,249,hình sự,
3130,c,1,47,hình sự,
3130,a,2,106,tố tụng hình sự,
3130,c,2,106,tố tụng hình sự,
3130,a,2,106,tố tụng hình sự,
3130,s,1,51,hình sự,
3130,c,1,47,hình sự,
3130,c,1,249,hình sự,
3131,,,30,luật khác,Luật Thi hành án dân sự
3131,,,9,luật khác,Luật Thi hành án dân sự
3131,2,,6,luật khác,Luật Thi hành án dân sự
3131,,,7,luật khác,Luật Thi hành án dân sự
3131,,337,1,tố tụng hình sự,
3131,,1,333,tố tụng hình sự,
3131,,2,136,tố tụng hình sự,
3131,a,2,106,tố tụng hình sự,
3131,c,1,47,hình sự,
3131,s,1,51,hình sự,
3131,h,1,52,hình sự,
3131,c,1,249,hình sự,
3132,,,30,luật khác,Luật Thi hành án dân sự
3132,,,9,luật khác,Luật Thi hành án dân sự
3132,,,7,luật khác,Luật Thi hành án dân sự
3132,,,6,luật khác,Luật Thi hành án dân sự
3132,1,,337,tố tụng hình sự,
3132,,,2,luật khác,Luật Thi hành án dân sự
3132,1,,333,tố tụng hình sự,
3132,2,,136,tố tụng hình sự,
3132,a,2,106,tố tụng hình sự,
3132,c,1,47,hình sự,
3132,s,1,51,hình sự,
3132,c,1,249,hình sự,
3132,h,1,52,hình sự,
3133,1,,337,tố tụng hình sự,
3133,2,,136,tố tụng hình sự,
3133,1,,333,tố tụng hình sự,
3133,a,2,106,tố tụng hình sự,
3133,c,1,47,hình sự,
3133,s,1,51,hình sự,
3133,i,1,249,hình sự,
3134,,2,136,tố tụng hình sự,
3134,,2,135,tố tụng hình sự,
3134,2,,106,tố tụng hình sự,
3134,1,,249,hình sự,
3134,s,1,51,hình sự,
3134,1,,47,hình sự,
3134,c,1,249,hình sự,
3135,,2,136,tố tụng hình sự,
3135,,2,135,tố tụng hình sự,
3135,,,7,hình sự,
3135,,1,194,hình sự,
3135,a,2,106,tố tụng hình sự,
3135,,,47,hình sự,
3135,s,1,51,hình sự,
3135,c,1,249,hình sự,
3136,2,,136,tố tụng hình sự,
3136,2,,135,tố tụng hình sự,
3136,a,2,106,tố tụng hình sự,
3136,a,2,106,tố tụng hình sự,
3136,c,1,249,hình sự,
3136,c,1,47,hình sự,
3136,s,1,51,hình sự,
3136,,,17,hình sự,
3136,c,1,249,hình sự,
3136,,,17,hình sự,
3136,,,58,hình sự,
3136,s,1,51,hình sự,
3136,h,1,52,hình sự,
3136,c,1,249,hình sự,
3137,,,228,luật khác,Bộ luật Dân sự
3137,,,221,luật khác,Bộ luật Dân sự
3137,,,136,tố tụng hình sự,
3137,,,135,tố tụng hình sự,
3137,,,47,hình sự,
3137,a,2,106,tố tụng hình sự,
3137,s,1,51,hình sự,
3137,1,,249,hình sự,
3137,b,3,106,tố tụng hình sự,
3137,b,2,106,tố tụng hình sự,
3137,,2,106,tố tụng hình sự,
3137,s,1,51,hình sự,
3137,i,1,249,hình sự,
3138,c,2,106,tố tụng hình sự,
3138,a,2,106,tố tụng hình sự,
3138,c,1,47,hình sự,
3138,s,1,51,hình sự,
3138,c,1,249,hình sự,
3139,,2,135,tố tụng hình sự,
3139,c,1,47,hình sự,
3139,,,106,tố tụng hình sự,
3139,,2,51,hình sự,
3139,,,38,hình sự,
3139,s,1,51,hình sự,
3139,c,1,249,hình sự,
3140,,355,,tố tụng hình sự,
3140,,356,,tố tụng hình sự,
3140,,,58,hình sự,
3140,,,17,hình sự,
3140,s,1,51,hình sự,
3140,c,1,249,hình sự,
3141,,,136,tố tụng hình sự,
3141,,,106,tố tụng hình sự,
3141,,,47,hình sự,
3141,,2,51,hình sự,
3141,,,46,hình sự,
3141,s,1,51,hình sự,
3141,c,1,249,hình sự,
3142,,,136,tố tụng hình sự,
3142,,5,194,hình sự,
3142,,,47,hình sự,
3142,,,106,tố tụng hình sự,
3142,s,1,51,hình sự,
3142,m,2,194,hình sự,
3143,,,135,tố tụng hình sự,
3143,s,1,51,hình sự,
3143,o,2,249,hình sự,
3144,,,106,tố tụng hình sự,
3144,,,47,hình sự,
3144,2,,51,hình sự,
3144,s,1,51,hình sự,
3144,c,1,249,hình sự,
3145,b,2,53,hình sự,
3145,,,106,tố tụng hình sự,
3145,,,136,tố tụng hình sự,
3145,,,89,tố tụng hình sự,
3145,s,1,51,hình sự,
3145,,,50,hình sự,
3145,,,38,hình sự,
3145,o,2,249,hình sự,
3146,,,337,tố tụng hình sự,
3146,,,333,tố tụng hình sự,
3146,,,331,tố tụng hình sự,
3146,,,136,tố tụng hình sự,
3146,,,106,tố tụng hình sự,
3146,,,47,hình sự,
3146,s,1,51,hình sự,
3146,c,1,249,hình sự,
3147,,,333,tố tụng hình sự,
3147,,,337,tố tụng hình sự,
3147,,,331,tố tụng hình sự,
3147,,,106,tố tụng hình sự,
3147,,,136,tố tụng hình sự,
3147,,,47,hình sự,
3147,s,1,51,hình sự,
3147,c,1,249,hình sự,
3148,,,337,tố tụng hình sự,
3148,,,333,tố tụng hình sự,
3148,,,136,tố tụng hình sự,
3148,,,331,tố tụng hình sự,
3148,,,106,tố tụng hình sự,
3148,2,,290,tố tụng hình sự,
3148,,,47,hình sự,
3148,,1,249,hình sự,
3148,h,1,52,hình sự,
3148,2,,51,hình sự,
3148,s,1,51,hình sự,
3148,c,1,249,hình sự,
3149,,,337,tố tụng hình sự,
3149,,,333,tố tụng hình sự,
3149,,,331,tố tụng hình sự,
3149,,1,106,tố tụng hình sự,
3149,,,136,tố tụng hình sự,
3149,,1,249,hình sự,
3149,s,1,51,hình sự,
3149,c,1,249,hình sự,
3150,2,,136,tố tụng hình sự,
3150,2,,135,tố tụng hình sự,
3150,c,1,47,hình sự,
3150,a,2,106,tố tụng hình sự,
3150,s,1,51,hình sự,
3150,c,1,249,hình sự,
3151,,,9,luật khác,Luật Thi hành án dân sự
3151,,,7,luật khác,Luật Thi hành án dân sự
3151,,,30,luật khác,Luật Thi hành án dân sự
3151,,,6,luật khác,Luật Thi hành án dân sự
3151,,,2,luật khác,Luật Thi hành án dân sự
3151,1,1,249,hình sự,
3151,c,1,47,hình sự,
3151,a,2,106,tố tụng hình sự,
3151,h,1,52,hình sự,
3151,s,1,51,hình sự,
3151,c,1,249,hình sự,
3152,,,331,tố tụng hình sự,
3152,,,333,tố tụng hình sự,
3152,,,136,tố tụng hình sự,
3152,,,106,tố tụng hình sự,
3152,,,38,hình sự,
3152,,,47,hình sự,
3152,h,1,52,hình sự,
3152,s,1,51,hình sự,
3152,c,1,249,hình sự,
3153,,,333,tố tụng hình sự,
3153,,,331,tố tụng hình sự,
3153,,,136,tố tụng hình sự,
3153,,,106,tố tụng hình sự,
3153,,,47,hình sự,
3153,,,38,hình sự,
3153,h,1,52,hình sự,
3153,s,1,51,hình sự,
3153,c,1,249,hình sự,
3154,1,,333,tố tụng hình sự,
3154,1,,331,tố tụng hình sự,
3154,2,,136,tố tụng hình sự,
3154,a,2,106,tố tụng hình sự,
3154,i,1,249,hình sự,
3154,s,1,51,hình sự,
3154,o,2,249,hình sự,
3155,,1,106,tố tụng hình sự,
3155,h,1,52,hình sự,
3155,s,1,51,hình sự,
3155,1,,47,hình sự,
3155,i,1,249,hình sự,
3156,,,331,tố tụng hình sự,
3156,,,333,tố tụng hình sự,
3156,,,136,tố tụng hình sự,
3156,,,106,tố tụng hình sự,
3156,,,47,hình sự,
3156,,,38,hình sự,
3156,s,1,51,hình sự,
3156,c,1,249,hình sự,
3157,,,333,tố tụng hình sự,
3157,,,136,tố tụng hình sự,
3157,,1,331,tố tụng hình sự,
3157,,2,106,tố tụng hình sự,
3157,,,38,hình sự,
3157,,,47,hình sự,
3157,s,1,51,hình sự,
3157,c,1,249,hình sự,
3158,,,331,tố tụng hình sự,
3158,,,333,tố tụng hình sự,
3158,2,,106,tố tụng hình sự,
3158,,,38,hình sự,
3158,,2,106,tố tụng hình sự,
3158,,,47,hình sự,
3158,,,38,hình sự,
3158,h,1,52,hình sự,
3158,s,1,51,hình sự,
3158,c,1,249,hình sự,
3159,b,3,106,tố tụng hình sự,
3159,a,2,106,tố tụng hình sự,
3159,s,1,51,hình sự,
3159,c,1,249,hình sự,
3160,a,2,106,tố tụng hình sự,
3160,s,1,51,hình sự,
3160,h,1,52,hình sự,
3160,c,1,249,hình sự,
3161,b,3,106,tố tụng hình sự,
3161,a,2,106,tố tụng hình sự,
3161,b,3,106,tố tụng hình sự,
3161,a,2,106,tố tụng hình sự,
3161,1,,51,hình sự,
3161,1,,249,hình sự,
3161,s,1,51,hình sự,
3161,c,1,249,hình sự,
3162,b,3,106,tố tụng hình sự,
3162,a,2,106,tố tụng hình sự,
3162,1,,51,hình sự,
3162,1,,249,hình sự,
3162,s,1,51,hình sự,
3162,i,1,249,hình sự,
3163,b,3,106,tố tụng hình sự,
3163,a,2,106,tố tụng hình sự,
3163,s,1,51,hình sự,
3163,,,58,hình sự,
3163,c,1,249,hình sự,
3164,,,30,luật khác,Luật thi hành án dân sự
3164,,,7,luật khác,Luật thi hành án dân sự
3164,,,9,luật khác,Luật thi hành án dân sự
3164,,,6,luật khác,Luật thi hành án dân sự
3164,,2,136,tố tụng hình sự,
3164,a,2,106,tố tụng hình sự,
3164,,,47,hình sự,
3164,,,106,tố tụng hình sự,
3164,,,38,hình sự,
3164,s,1,51,hình sự,
3164,h,1,52,hình sự,
3164,c,1,249,hình sự,
3165,,,135,tố tụng hình sự ,
3166,,,30,luật khác,Luật thi hành án dân sự
3166,,,9,luật khác,Luật thi hành án dân sự
3166,,,7,luật khác,Luật thi hành án dân sự
3166,,,7a,luật khác,Luật thi hành án dân sự
3166,,,6,luật khác,Luật thi hành án dân sự
3166,,,2,luật khác,Luật thi hành án dân sự
3166,,,106,tố tụng hình sự,
3166,,,47,hình sự,
3166,s,1,51,hình sự,
3166,c,1,249,hình sự,
3166,,,135,tố tụng hình sự ,
3167,,2,136,tố tụng hình sự,
3167,a,2,106,tố tụng hình sự,
3167,,,47,hình sự,
3167,,,38,hình sự,
3167,s,1,51,hình sự,
3167,c,1,249,hình sự,
3168,,,136,tố tụng hình sự,
3168,,,47,hình sự,
3168,,,135,tố tụng hình sự,
3168,,,106,tố tụng hình sự,
3168,,5,249,hình sự,
3168,1,,249,hình sự,
3168,c,1,249,hình sự,
3168,,1,51,hình sự,
3169,,,106,tố tụng hình sự,
3169,,,47,hình sự,
3169,,,46,hình sự,
3169,s,1,51,hình sự,
3169,o,2,249,hình sự,
3169,n,2,249,hình sự,
3170,,,333,tố tụng hình sự,
3170,,,331,tố tụng hình sự,
3170,,,136,tố tụng hình sự,
3170,,,47,hình sự,
3170,,2,51,hình sự,
3170,,,38,hình sự,
3170,s,1,51,hình sự,
3170,,1,249,hình sự,
3170,c,1,249,hình sự,
3171,,,333,tố tụng hình sự,
3171,,,331,tố tụng hình sự,
3171,,,136,tố tụng hình sự,
3171,,,38,hình sự,
3171,,,47,hình sự,
3171,,2,51,hình sự,
3171,,1,51,hình sự,
3171,c,1,249,hình sự,
3172,,,333,tố tụng hình sự,
3172,,,331,tố tụng hình sự,
3172,,1,136,tố tụng hình sự,
3172,,,47,hình sự,
3172,,,38,hình sự,
3172,s,1,51,hình sự,
3172,,1,249,hình sự,
3172,1,,249,hình sự,
3173,2,,136,tố tụng hình sự,
3173,a,2,135,tố tụng hình sự,
3173,c,1,41,hình sự,
3173,c,2,106,tố tụng hình sự,
3173,a,2,106,tố tụng hình sự,
3173,1,,41,hình sự,
3173,c,1,249,hình sự,
3173,,1,194,hình sự,
3173,1,,257,hình sự,
3174,2,,136,tố tụng hình sự,
3174,a,2,106,tố tụng hình sự,
3174,c,1,249,hình sự,
3174,1,,41,hình sự,
3174,,,33,hình sự,
3174,,1,46,hình sự,
3174,1,,194,hình sự,
3175,,,30,thi hành án dân sự,Luật Thi hành án dân sự
3175,,,9,thi hành án dân sự,Luật Thi hành án dân sự
3175,,,7,thi hành án dân sự,Luật Thi hành án dân sự
3175,,,6,thi hành án dân sự,Luật Thi hành án dân sự
3175,,,2,thi hành án hình sự,
3175,,2,136,tố tụng hình sự,
3175,,,106,tố tụng hình sự,
3175,,1,47,hình sự,
3175,a,2,106,tố tụng hình sự,
3175,s,2,51,hình sự,
3175,,2,249,hình sự,
3175,s,1,51,hình sự,
3175,n,2,249,hình sự,
3175,a,2,106,tố tụng hình sự,
3175,a,1,47,hình sự,
3175,a,2,106,tố tụng hình sự,
3175,,2,47,hình sự,
3175,c,1,47,hình sự,
3175,,1,47,hình sự,
3175,s,2,51,hình sự,
3175,n,2,249,hình sự,
3175,s,1,51,hình sự,
3176,2,,136,tố tụng hình sự,
3176,2,,135,tố tụng hình sự,
3176,c,2,106,tố tụng hình sự,
3176,a,2,106,tố tụng hình sự,
3176,c,1,47,hình sự,
3176,a,1,47,hình sự,
3176,a,1,46,hình sự,
3176,2,,51,hình sự,
3176,s,1,51,hình sự,
3176,c,1,249,hình sự,
3177,,,47,hình sự,
3177,a,2,106,tố tụng hình sự,
3177,,,38,hình sự,
3177,,2,51,hình sự,
3177,s,1,51,hình sự,
3177,c,1,249,hình sự,
3178,,2,136,tố tụng hình sự,
3178,c,2,106,tố tụng hình sự,
3178,,3,106,tố tụng hình sự,
3178,a,2,106,tố tụng hình sự,
3178,,2,155,tố tụng hình sự,
3178,h,1,52,hình sự,
3178,,1,155,tố tụng hình sự,
3178,s,1,51,hình sự,
3178,c,1,249,hình sự,
3179,,,333,tố tụng hình sự,
3179,,,331,tố tụng hình sự,
3179,,,106,tố tụng hình sự,
3179,s,1,51,hình sự,
3179,h,1,52,hình sự,
3179,c,1,249,hình sự,
3180,,,47,hình sự,
3180,,2,106,tố tụng hình sự,
3180,,,38,hình sự,
3180,h,1,52,hình sự,
3180,s,1,51,hình sự,
3180,c,1,249,hình sự,
3181,,,30,luật khác,Luật Thi hành án dân sự năm 2008
3181,,,9,luật khác,Luật Thi hành án dân sự năm 2008
3181,a,,7,luật khác,Luật Thi hành án dân sự năm 2008
3181,,,7,luật khác,Luật Thi hành án dân sự năm 2008
3181,,,6,luật khác,Luật Thi hành án dân sự năm 2008
3181,,,2,luật khác,Luật Thi hành án dân sự năm 2008
3181,,,136,tố tụng hình sự,
3181,,,135,tố tụng hình sự,
3181,,,106,tố tụng hình sự,
3181,,,47,hình sự,
3181,,2,51,hình sự,
3181,n,2,249,hình sự,
3181,s,1,51,hình sự,
3182,,,30,luật khác,Luật Thi hành án dân sự
3182,,,2,luật khác,Luật Thi hành án dân sự
3182,,,333,tố tụng hình sự,
3182,,,331,tố tụng hình sự,
3182,,1,249,hình sự,
3182,,2,136,tố tụng hình sự,
3182,,2,106,tố tụng hình sự,
3182,,2,51,hình sự,
3182,s,1,51,hình sự,
3182,c,1,249,hình sự,
3183,,2,106,tố tụng hình sự,
3183,,,47,hình sự,
3183,h,1,52,hình sự,
3183,,,38,hình sự,
3183,1,,51,hình sự,
3183,c,1,249,hình sự,
3184,,2,135,tố tụng hình sự,
3184,c,2,106,tố tụng hình sự,
3184,a,2,106,tố tụng hình sự,
3184,1,,46,hình sự,
3184,,2,51,hình sự,
3184,s,1,51,hình sự,
3184,c,1,249,hình sự,
3185,,2,135,tố tụng hình sự,
3185,a,2,106,tố tụng hình sự,
3185,c,2,106,tố tụng hình sự,
3185,1,,46,hình sự,
3185,s,1,51,hình sự,
3185,c,1,249,hình sự,
3186,a,2,106,tố tụng hình sự,
3186,c,1,47,hình sự,
3186,s,1,51,hình sự,
3186,h,1,52,hình sự,
3186,c,1,249,hình sự,
3187,,2,106,tố tụng hình sự,
3187,s,1,51,hình sự,
3187,c,1,249,hình sự,
3188,,,136,tố tụng hình sự,
3188,,2,106,tố tụng hình sự,
3188,s,1,51,hình sự,
3188,c,1,249,hình sự,
3189,,2,106,tố tụng hình sự,
3189,,2,51,hình sự,
3189,s,1,51,hình sự,
3189,c,1,249,hình sự,
3190,1,,333,tố tụng hình sự,
3190,1,,331,tố tụng hình sự,
3190,2,,136,tố tụng hình sự,
3190,,,106,tố tụng hình sự,
3190,,,47,hình sự,
3190,,,38,hình sự,
3190,s,1,51,hình sự,
3190,g,1,249,hình sự,
3191,,,136,tố tụng hình sự,
3191,c,3,106,tố tụng hình sự,
3191,c,1,47,hình sự,
3191,a,2,106,tố tụng hình sự,
3191,a,1,47,hình sự,
3191,,1,50,hình sự,
3191,s,1,51,hình sự,
3191,,,38,hình sự,
3191,g,2,249,hình sự,
3192,a,2,106,tố tụng hình sự,
3192,,,136,tố tụng hình sự,
3192,c,1,47,hình sự,
3192,a,1,46,hình sự,
3192,h,1,52,hình sự,
3192,,,58,hình sự,
3192,s,1,51,hình sự,
3192,,1,50,hình sự,
3192,,1,38,hình sự,
3192,c,1,249,hình sự,
3193,,30,,thi hành án hình sự,
3193,,9,,thi hành án hình sự,
3193,,7,,thi hành án hình sự,
3193,,2,2,thi hành án hình sự,
3193,,6,,thi hành án hình sự,
3193,c,2,106,tố tụng hình sự,
3193,a,1,47,hình sự,
3193,a,2,106,tố tụng hình sự,
3193,5,,249,hình sự,
3193,s,1,51,hình sự,
3193,h,1,52,hình sự,
3193,c,1,249,hình sự,
3194,,,30,luật khác,Luật thi hành án dân sự
3194,,,333,tố tụng hình sự,
3194,,,2,luật khác,Luật Thi hành án dân sự
3194,,,331,tố tụng hình sự,
3194,5,,249,hình sự,
3194,,2,136,tố tụng hình sự,
3194,,2,106,tố tụng hình sự,
3194,1,,51,hình sự,
3194,h,1,52,hình sự,
3194,c,1,249,hình sự,
3195,,,333,tố tụng hình sự,
3195,,,136,tố tụng hình sự,
3195,,,331,tố tụng hình sự,
3195,,,106,tố tụng hình sự,
3195,,,47,hình sự,
3195,c,1,249,hình sự,
3195,s,1,51,hình sự,
3196,,,331,tố tụng hình sự,
3196,,,333,tố tụng hình sự,
3196,,,136,tố tụng hình sự,
3196,,,106,tố tụng hình sự,
3196,,,47,hình sự,
3196,h,1,52,hình sự,
3196,s,1,51,hình sự,
3196,c,1,249,hình sự,
3197,,,333,tố tụng hình sự,
3197,,,331,tố tụng hình sự,
3197,,,136,tố tụng hình sự,
3197,,,106,tố tụng hình sự,
3197,,,47,hình sự,
3197,,,48,hình sự,
3197,,2,56,hình sự,
3197,h,1,52,hình sự,
3197,,2,51,hình sự,
3197,s,1,51,hình sự,
3197,c,1,249,hình sự,
3199,,,329,tố tụng hình sự,
3199,,,106,tố tụng hình sự,
3199,,,47,hình sự,
3199,,,38,hình sự,
3199,s,1,51,hình sự,
3199,c,1,249,hình sự,
3200,,2,136,tố tụng hình sự,
3200,b,3,106,tố tụng hình sự,
3200,,1,135,tố tụng hình sự,
3200,c,2,106,tố tụng hình sự,
3200,a,2,47,hình sự,
3200,a,1,47,hình sự,
3200,2,,51,hình sự,
3200,s,1,51,hình sự,
3200,i,1,249,hình sự,
3201,,,30,thi hành án hình sự,
3201,,,2,thi hành án hình sự,
3201,,,333,tố tụng hình sự,
3201,,,331,tố tụng hình sự,
3201,,1,136,tố tụng hình sự,
3201,,2,106,tố tụng hình sự,
3201,c,1,249,hình sự,
3201,s,1,51,hình sự,
3202,,,333,tố tụng hình sự,
3202,,,136,tố tụng hình sự,
3202,,,331,tố tụng hình sự,
3202,,,135,tố tụng hình sự,
3202,,,47,hình sự,
3202,,,106,tố tụng hình sự,
3202,,,38,hình sự,
3202,1,1,51,hình sự,
3202,h,1,52,hình sự,
3202,c,1,249,hình sự,
3203,,,333,tố tụng hình sự,
3203,,,331,tố tụng hình sự,
3203,,,136,tố tụng hình sự,
3203,,,106,tố tụng hình sự,
3203,,,47,hình sự,
3203,,,38,hình sự,
3203,,,46,hình sự,
3203,2,,51,hình sự,
3203,s,1,51,hình sự,
3203,c,1,249,hình sự,
3204,,,333,tố tụng hình sự,
3204,,,331,tố tụng hình sự,
3204,,,136,tố tụng hình sự,
3204,,,106,tố tụng hình sự,
3204,,,47,hình sự,
3204,,,46,hình sự,
3204,,,38,hình sự,
3204,,2,51,hình sự,
3204,s,1,51,hình sự,
3204,c,1,249,hình sự,
3205,,,331,tố tụng hình sự,
3205,,,333,tố tụng hình sự,
3205,,,136,tố tụng hình sự,
3205,,,106,tố tụng hình sự,
3205,,,46,hình sự,
3205,,,38,hình sự,
3205,c,1,249,hình sự,
3205,s,1,51,hình sự,
3206,,,331,tố tụng hình sự,
3206,,,333,tố tụng hình sự,
3206,,,136,tố tụng hình sự,
3206,,,106,tố tụng hình sự,
3206,,,47,hình sự,
3206,1,,53,hình sự,
3206,,,46,hình sự,
3206,,,38,hình sự,
3206,h,1,52,hình sự,
3206,1,,51,hình sự,
3206,c,1,249,hình sự,
3207,,,332,tố tụng hình sự,
3207,,,333,tố tụng hình sự,
3207,,,331,tố tụng hình sự,
3207,a,2,106,tố tụng hình sự,
3207,,2,136,tố tụng hình sự,
3207,c,1,47,hình sự,
3207,s,1,51,hình sự,
3207,,,38,hình sự,
3207,c,1,249,hình sự,
3208,,2,136,tố tụng hình sự,
3208,a,2,106,tố tụng hình sự,
3208,,2,135,tố tụng hình sự,
3208,,,47,hình sự,
3208,c,1,47,hình sự,
3208,a,2,106,tố tụng hình sự,
3208,a,1,47,hình sự,
3208,a,1,46,hình sự,
3208,s,1,51,hình sự,
3208,c,1,249,hình sự,
3209,a,2,106,tố tụng hình sự,
3209,,2,136,tố tụng hình sự,
3209,c,1,47,hình sự,
3209,s,1,51,hình sự,
3209,p,2,251,hình sự,
3209,c,1,249,hình sự,
3210,,,2,thi hành án hình sự,
3210,,,30,thi hành án hình sự,
3210,,,333,tố tụng hình sự,
3210,,,331,tố tụng hình sự,
3210,,,136,tố tụng hình sự,
3210,,2,106,tố tụng hình sự,
3210,,5,249,hình sự,
3210,t,1,51,hình sự,
3210,s,1,51,hình sự,
3210,c,1,249,hình sự,
3211,,,331,tố tụng hình sự,
3211,,,333,tố tụng hình sự,
3211,,,136,tố tụng hình sự,
3211,,2,106,tố tụng hình sự,
3211,2,,51,hình sự,
3211,s,1,51,hình sự,
3211,,,333,tố tụng hình sự,
3211,c,1,249,hình sự,
3211,,,331,tố tụng hình sự,
3211,,2,106,tố tụng hình sự,
3211,,,136,tố tụng hình sự,
3211,2,,51,hình sự,
3211,s,1,51,hình sự,
3211,c,1,249,hình sự,
3211,2,,106,tố tụng hình sự,
3211,5,,249,hình sự,
3211,2,,51,hình sự,
3211,s,1,51,hình sự,
3211,c,1,249,hình sự,
3211,1,,249,hình sự,
3211,2,,106,tố tụng hình sự,
3211,2,,51,hình sự,
3211,s,1,51,hình sự,
3211,c,1,249,hình sự,
3212,,,331,tố tụng hình sự,
3212,,,333,tố tụng hình sự,
3212,,1,106,tố tụng hình sự,
3212,h,1,52,hình sự,
3212,s,1,51,hình sự,
3212,,1,249,hình sự,
3213,,,333,tố tụng hình sự,
3213,,,106,tố tụng hình sự,
3213,,,331,tố tụng hình sự,
3213,,,194,hình sự,
3213,s,1,51,hình sự,
3213,,3,7,hình sự,
3213,c,1,249,hình sự,
3214,,,136,tố tụng hình sự,
3214,,1,106,tố tụng hình sự,
3214,,,47,hình sự,
3214,c,1,249,hình sự,
3214,s,1,51,hình sự,
3214,1,,249,hình sự,
3215,,,30,thi hành án hình sự,
3215,,,2,thi hành án hình sự,
3215,,,333,tố tụng hình sự,
3215,,,331,tố tụng hình sự,
3215,,2,136,tố tụng hình sự,
3215,,2,106,tố tụng hình sự,
3215,1,,52,hình sự,
3215,,5,249,hình sự,
3215,a,1,249,hình sự,
3215,s,1,51,hình sự,
3216,,,30,thi hành án hình sự,
3216,,,2,thi hành án hình sự,
3216,,,333,tố tụng hình sự,
3216,,,136,tố tụng hình sự,
3216,,,331,tố tụng hình sự,
3216,,2,106,tố tụng hình sự,
3216,s,1,51,hình sự,
3216,,,333,tố tụng hình sự,
3216,1,,251,hình sự,
3216,,,136,tố tụng hình sự,
3216,,,331,tố tụng hình sự,
3216,,2,106,tố tụng hình sự,
3216,1,,51,hình sự,
3216,,5,251,hình sự,
3216,1,,251,hình sự,
3216,,2,106,tố tụng hình sự,
3216,s,1,51,hình sự,
3216,1,,251,hình sự,
3217,,,136,tố tụng hình sự,
3217,,,106,tố tụng hình sự,
3217,,,47,hình sự,
3217,,58,,hình sự,
3217,,51,,hình sự,
3217,c,1,249,hình sự,
3217,,1,249,hình sự,
3217,s,1,51,hình sự,
3217,1,,249,hình sự,
3218,,,106,tố tụng hình sự,
3218,,1,38,hình sự,
3218,,,47,hình sự,
3218,2,,51,hình sự,
3218,c,1,249,hình sự,
3218,s,1,51,hình sự,
3219,,,30,thi hành án hình sự,
3219,,,2,thi hành án hình sự,
3219,,,333,tố tụng hình sự,
3219,,,331,tố tụng hình sự,
3219,,1,136,tố tụng hình sự,
3219,,1,52,hình sự,
3219,5,,249,hình sự,
3219,,2,106,tố tụng hình sự,
3219,s,1,51,hình sự,
3219,c,1,249,hình sự,
3220,,,2,luật khác,Luật thi hành án dân sự
3220,,,30,luật khác,Luật thi hành án dân sự
3220,,,333,tố tụng hình sự,
3220,,,331,tố tụng hình sự,
3220,,,136,tố tụng hình sự,
3220,,5,249,hình sự,
3220,,2,106,tố tụng hình sự,
3220,s,1,51,hình sự,
3220,c,1,249,hình sự,
3221,,,333,tố tụng hình sự,
3221,,,331,tố tụng hình sự,
3221,,,106,tố tụng hình sự,
3221,2,,136,tố tụng hình sự,
3221,,,48,hình sự,
3221,,,47,hình sự,
3221,c,1,249,hình sự,
3221,,1,136,tố tụng hình sự,
3221,,2,106,tố tụng hình sự,
3221,1,,249,hình sự,
3221,,,47,hình sự,
3221,,,48,hình sự,
3221,2,,51,hình sự,
3221,s,1,51,hình sự,
3221,1,,51,hình sự,
3221,1,,249,hình sự,
3222,,,30,thi hành án hình sự,
3222,,,7,thi hành án hình sự,
3222,,,9,thi hành án hình sự,
3222,,,6,thi hành án hình sự,
3222,,,2,thi hành án hình sự,
3222,,2,136,tố tụng hình sự,
3222,,2,135,tố tụng hình sự,
3222,,,106,tố tụng hình sự,
3222,,,47,hình sự,
3222,,,50,hình sự,
3222,,,38,hình sự,
3222,,2,51,hình sự,
3222,s,1,51,hình sự,
3222,c,1,249,hình sự,
3223,,,329,tố tụng hình sự,
3223,,,136,tố tụng hình sự,
3223,,,106,tố tụng hình sự,
3223,,,47,hình sự,
3223,,,38,hình sự,
3223,s,1,51,hình sự,
3223,c,1,249,hình sự,
3224,1,,333,tố tụng hình sự,
3224,2,,136,tố tụng hình sự,
3224,1,,331,tố tụng hình sự,
3224,,,106,tố tụng hình sự,
3224,,,47,hình sự,
3224,,,38,hình sự,
3224,s,1,51,hình sự,
3224,h,1,52,hình sự,
3224,c,1,249,hình sự,
3225,,2,136,tố tụng hình sự,
3225,a,2,106,tố tụng hình sự,
3225,c,1,47,hình sự,
3225,2,,51,hình sự,
3225,c,1,249,hình sự,
3225,s,1,51,hình sự,
3225,a,2,106,tố tụng hình sự,
3225,,,38,hình sự,
3225,c,1,47,hình sự,
3225,2,,51,hình sự,
3225,c,1,249,hình sự,
3225,s,1,51,hình sự,
3227,,2,136,tố tụng hình sự,
3227,,2,135,tố tụng hình sự,
3227,,,9,luật khác,Luật thi hành án dân sự
3227,,,30,luật khác,Luật thi hành án dân sự
3227,7a,,,luật khác,Luật thi hành án dân sự
3227,,,6,luật khác,Luật thi hành án dân sự
3227,,,7,luật khác,Luật thi hành án dân sự
3227,,,2,luật khác,Luật thi hành án dân sự
3227,c,1,47,hình sự,
3227,a,2,106,tố tụng hình sự,
3227,,,38,hình sự,
3227,c,1,249,hình sự,
3227,s,1,51,hình sự,
3228,,2,136,tố tụng hình sự,
3228,,2,135,tố tụng hình sự,
3228,a,2,106,tố tụng hình sự,
3228,,,38,hình sự,
3228,c,1,47,hình sự,
3228,s,1,51,hình sự,
3228,b,3,249,hình sự,
3229,2,,136,tố tụng hình sự,
3229,2,,135,tố tụng hình sự,
3229,a,2,106,tố tụng hình sự,
3229,c,1,47,hình sự,
3229,,,38,hình sự,
3229,,1,249,hình sự,
3229,c,1,249,hình sự,
3229,s,1,51,hình sự,
3230,2,,136,tố tụng hình sự,
3230,,,106,tố tụng hình sự,
3230,,1,51,hình sự,
3230,,1,12,tố tụng hình sự,
3230,c,1,249,hình sự,
3231,,,136,tố tụng hình sự,
3231,a,2,106,tố tụng hình sự,
3231,c,1,47,hình sự,
3231,,,38,hình sự,
3231,h,1,52,hình sự,
3231,2,s,51,hình sự,
3231,s,1,51,hình sự,
3231,c,1,249,hình sự,
3232,,,293,tố tụng hình sự,
3232,,,106,tố tụng hình sự,
3232,,,136,tố tụng hình sự,
3232,,,47,hình sự,
3232,s,1,51,hình sự,
3232,c,1,249,hình sự,
3233,,,331,tố tụng hình sự,
3233,,,333,tố tụng hình sự,
3233,a,2,106,tố tụng hình sự,
3233,,,38,hình sự,
3233,c,1,47,hình sự,
3233,s,1,51,hình sự,
3233,c,1,249,hình sự,
3234,,,293,tố tụng hình sự,
3234,,,292,tố tụng hình sự,
3234,2,,136,tố tụng hình sự,
3234,,,329,tố tụng hình sự,
3234,,,106,tố tụng hình sự,
3234,,,47,hình sự,
3234,,,38,hình sự,
3234,s,1,51,hình sự,
3234,c,1,249,hình sự,
3235,,,331,tố tụng hình sự,
3235,,,333,tố tụng hình sự,
3235,,,136,tố tụng hình sự,
3235,,,106,tố tụng hình sự,
3235,,,47,hình sự,
3235,s,1,51,hình sự,
3235,,,106,tố tụng hình sự,
3235,c,1,249,hình sự,
3235,,,47,hình sự,
3235,,,38,hình sự,
3235,s,1,51,hình sự,
3235,c,1,249,hình sự,
3236,,,333,tố tụng hình sự,
3236,,,331,tố tụng hình sự,
3236,,,106,tố tụng hình sự,
3236,,,136,tố tụng hình sự,
3236,,,47,hình sự,
3236,s,1,51,hình sự,
3236,,,38,hình sự,
3236,c,1,249,hình sự,
3236,,,47,hình sự,
3236,,,106,tố tụng hình sự,
3236,,,38,hình sự,
3236,s,1,51,hình sự,
3236,c,1,249,hình sự,
3237,,,136,tố tụng hình sự,
3237,,,135,tố tụng hình sự,
3237,,,106,tố tụng hình sự,
3237,,,47,hình sự,
3237,s,1,51,hình sự,
3237,c,1,249,hình sự,
3238,,,333,tố tụng hình sự,
3238,,,331,tố tụng hình sự,
3238,,,136,tố tụng hình sự,
3238,,,50,hình sự,
3238,,,106,tố tụng hình sự,
3238,,,47,hình sự,
3238,,,38,hình sự,
3238,s,1,51,hình sự,
3238,c,1,249,hình sự,
3239,,,136,tố tụng hình sự,
3239,c,2,106,tố tụng hình sự,
3239,a,2,106,tố tụng hình sự,
3239,c,1,47,hình sự,
3239,a,1,46,hình sự,
3239,,,38,hình sự,
3239,s,1,51,hình sự,
3239,c,1,249,hình sự,
3240,,1,106,tố tụng hình sự,
3240,,2,136,tố tụng hình sự,
3240,,,47,hình sự,
3240,,,50,hình sự,
3240,,,46,hình sự,
3240,,,38,hình sự,
3240,,,7,hình sự,
3240,s,1,51,hình sự,
3240,c,1,249,hình sự,
3241,,2,136,tố tụng hình sự,
3241,,,46,hình sự,
3241,,,7,hình sự,
3241,a,3,106,tố tụng hình sự,
3241,a,2,106,tố tụng hình sự,
3241,,,50,hình sự,
3241,,,38,hình sự,
3241,,2,51,hình sự,
3241,s,1,51,hình sự,
3241,,,47,hình sự,
3241,c,1,249,hình sự,
3242,,,333,tố tụng hình sự,
3242,,,136,tố tụng hình sự,
3242,,,331,tố tụng hình sự,
3242,1,,135,tố tụng hình sự,
3242,,,106,tố tụng hình sự,
3242,,,47,hình sự,
3242,,,38,hình sự,
3242,2,,51,hình sự,
3242,s,1,51,hình sự,
3242,c,1,249,hình sự,
3243,,,333,tố tụng hình sự,
3243,,,136,tố tụng hình sự,
3243,,,331,tố tụng hình sự,
3243,,2,290,tố tụng hình sự,
3243,,,50,hình sự,
3243,,,106,tố tụng hình sự,
3243,,,47,hình sự,
3243,,,38,hình sự,
3243,,,46,hình sự,
3243,s,1,51,hình sự,
3243,,,7,hình sự,
3243,o,2,249,hình sự,
3244,,,333,tố tụng hình sự,
3244,,,136,tố tụng hình sự,
3244,,,331,tố tụng hình sự,
3244,,,106,tố tụng hình sự,
3244,,,47,hình sự,
3244,,,50,hình sự,
3244,,2,51,hình sự,
3244,,,38,hình sự,
3244,s,1,51,hình sự,
3244,c,1,249,hình sự,
3244,,1,249,hình sự,
3245,,,331,tố tụng hình sự,
3245,,,333,tố tụng hình sự,
3245,,,136,tố tụng hình sự,
3245,,,106,tố tụng hình sự,
3245,,,48,hình sự,
3245,,1,47,hình sự,
3245,1,,249,hình sự,
3245,s,1,51,hình sự,
3246,,,333,tố tụng hình sự,
3246,,,331,tố tụng hình sự,
3246,,,106,tố tụng hình sự,
3246,,,47,hình sự,
3246,,,38,hình sự,
3246,s,1,51,hình sự,
3246,h,1,52,hình sự,
3246,1,,173,hình sự,
3246,,,136,tố tụng hình sự,
3246,,1,135,tố tụng hình sự,
3246,,,47,hình sự,
3246,,,106,tố tụng hình sự,
3246,,,38,hình sự,
3246,s,1,51,hình sự,
3246,h,1,52,hình sự,
3246,1,,173,hình sự,
3247,,2,136,tố tụng hình sự,
3247,,5,249,hình sự,
3247,,1,51,hình sự,
3247,c,1,249,hình sự,
3247,1,,106,tố tụng hình sự,
3247,1,,47,hình sự,
3247,,1,58,hình sự,
3247,,1,51,hình sự,
3247,1,,51,hình sự,
3247,,2,35,hình sự,
3247,c,1,249,hình sự,
3248,,333,,tố tụng hình sự,
3248,,136,,tố tụng hình sự,
3248,,1,331,tố tụng hình sự,
3248,1,135,,tố tụng hình sự,
3248,,,47,hình sự,
3248,,,106,tố tụng hình sự,
3248,,,38,hình sự,
3248,s,1,51,hình sự,
3248,h,1,52,hình sự,
3248,i,1,249,hình sự,
3249,,,331,tố tụng hình sự,
3249,,,333,tố tụng hình sự,
3249,,,136,tố tụng hình sự,
3249,,,47,hình sự,
3249,,,106,tố tụng hình sự,
3249,,,38,hình sự,
3249,s,1,51,hình sự,
3249,c,1,249,hình sự,
3250,,,333,tố tụng hình sự,
3250,,,331,tố tụng hình sự,
3250,,,136,tố tụng hình sự,
3250,,,106,tố tụng hình sự,
3250,,,47,hình sự,
3250,,,38,hình sự,
3250,s,1,51,hình sự,
3250,c,1,249,hình sự,
3251,,,331,tố tụng hình sự,
3251,,,333,tố tụng hình sự,
3251,,,106,tố tụng hình sự,
3251,,,136,tố tụng hình sự,
3251,,,47,hình sự,
3251,s,1,51,hình sự,
3251,,,38,hình sự,
3251,c,1,249,hình sự,
3252,2,,136,tố tụng hình sự,
3252,1,,47,hình sự,
3252,1,,106,tố tụng hình sự,
3252,s,1,51,hình sự,
3252,,,58,hình sự,
3252,c,1,249,hình sự,
3252,c,1,249,hình sự,
3252,s,1,51,hình sự,
3252,a,2,106,tố tụng hình sự,
3252,1,,106,tố tụng hình sự,
3252,1,,47,hình sự,
3252,,,58,hình sự,
3252,s,1,51,hình sự,
3252,s,1,51,hình sự,
3252,,1,249,hình sự,
3252,c,1,249,hình sự,
3253,,,333,tố tụng hình sự,
3253,,,136,tố tụng hình sự,
3253,,,331,tố tụng hình sự,
3253,,,106,tố tụng hình sự,
3253,,,38,hình sự,
3253,s,1,51,hình sự,
3253,c,1,249,hình sự,
3254,,,331,tố tụng hình sự,
3254,,,333,tố tụng hình sự,
3254,,,136,tố tụng hình sự,
3254,,,38,hình sự,
3254,,,106,tố tụng hình sự,
3254,c,1,249,hình sự,
3254,s,1,51,hình sự,
3255,,,356,tố tụng hình sự,
3255,,2,355,tố tụng hình sự,
3255,a,1,355,tố tụng hình sự,
3255,,,343,tố tụng hình sự,
3255,n,2,249,hình sự,
3255,s,1,51,hình sự,
3255,s,2,51,hình sự,
3255,g,2,249,hình sự,
3256,2,,136,tố tụng hình sự,
3256,c,2,106,tố tụng hình sự,
3256,2,,106,tố tụng hình sự,
3256,a,2,106,tố tụng hình sự,
3256,2,,106,tố tụng hình sự,
3256,1,,106,tố tụng hình sự,
3256,1,,47,hình sự,
3256,,2,35,hình sự,
3256,s,1,51,hình sự,
3256,5,1,249,hình sự,
3256,i,1,249,hình sự,
3256,c,1,249,hình sự,
3257,,,356,tố tụng hình sự,Số hiệu bản án sơ thẩm: 177/2018/HS-ST
3257,,2,355,tố tụng hình sự,Số hiệu bản án sơ thẩm: 177/2018/HS-ST
3257,a,1,355,tố tụng hình sự,Số hiệu bản án sơ thẩm: 177/2018/HS-ST
3257,,,343,tố tụng hình sự,Số hiệu bản án sơ thẩm: 177/2018/HS-ST
3257,,2,51,hình sự,
3257,s,1,51,hình sự,
3257,g,1,249,hình sự,
3258,,,333,tố tụng hình sự,
3258,,,331,tố tụng hình sự,
3258,,,136,tố tụng hình sự,
3258,,,50,hình sự,
3258,,,106,tố tụng hình sự,
3258,,,47,hình sự,
3258,,,46,hình sự,
3258,,,38,hình sự,
3258,s,1,51,hình sự,
3258,,,7,hình sự,
3258,c,1,249,hình sự,
3259,2,1,136,tố tụng hình sự,
3259,p,1,46,hình sự,
3259,1,,249,hình sự,
3259,,1,194,hình sự,
3259,,5,194,hình sự,
3259,,3,8,hình sự,
3259,,2,106,tố tụng hình sự,
3259,c,1,249,hình sự,
3259,,1,41,hình sự,
3259,3,,7,hình sự,
3259,,1,194,hình sự,
3259,p,1,46,hình sự,
3260,,,333,tố tụng hình sự,
3260,,,331,tố tụng hình sự,
3260,,,136,tố tụng hình sự,
3260,,,106,tố tụng hình sự,
3260,,,47,hình sự,
3260,s,1,51,hình sự,
3260,c,1,249,hình sự,
3261,,,331,tố tụng hình sự,
3261,,,333,tố tụng hình sự,
3261,,,136,tố tụng hình sự,
3261,c,2,106,tố tụng hình sự,
3261,a,2,106,tố tụng hình sự,
3261,c,1,47,hình sự,
3261,s,1,51,hình sự,
3261,c,1,249,hình sự,
3262,,,333,tố tụng hình sự,
3262,,,331,tố tụng hình sự,
3262,c,2,106,tố tụng hình sự,
3262,,,136,tố tụng hình sự,
3262,c,1,47,hình sự,
3262,a,2,106,tố tụng hình sự,
3262,s,1,51,hình sự,
3262,c,1,249,hình sự,
3263,,,106,tố tụng hình sự,
3263,,,41,hình sự,
3263,,3,7,hình sự,
3263,5,,249,hình sự,
3263,g,1,48,hình sự,
3263,p,1,46,hình sự,
3263,2,,46,hình sự,
3263,,1,194,hình sự,
3263,c,1,249,hình sự,
3264,,,136,tố tụng hình sự,
3264,,,135,tố tụng hình sự,
3264,,,106,tố tụng hình sự,
3264,,,47,hình sự,
3264,c,1,249,hình sự,
3264,,5,249,hình sự,
3264,s,1,51,hình sự,
3264,c,1,249,hình sự,
3265,,,136,tố tụng hình sự,
3265,,,106,tố tụng hình sự,
3265,,,47,hình sự,
3265,s,1,51,hình sự,
3265,c,1,249,hình sự,
3266,,2,136,tố tụng hình sự,
3266,,,131,luật khác,Bộ luật Dân sự
3266,,,401,luật khác,Bộ luật Dân sự
3266,,,129,luật khác,Bộ luật Dân sự
3266,a,3,106,tố tụng hình sự,
3266,,4,106,tố tụng hình sự,
3266,c,1,47,hình sự,
3266,a,2,106,tố tụng hình sự,
3266,,,38,hình sự,
3266,s,1,51,hình sự,
3266,2,,51,hình sự,
3266,g,2,249,hình sự,
3267,,2,136,tố tụng hình sự,
3267,,2,135,tố tụng hình sự,
3267,,1,106,tố tụng hình sự,
3267,a,2,106,tố tụng hình sự,
3267,c,1,47,hình sự,
3267,,,38,hình sự,
3267,a,1,46,hình sự,
3267,2,,51,hình sự,
3267,s,1,51,hình sự,
3267,c,1,249,hình sự,
3268,,,38,hình sự,
3268,h,1,52,hình sự,
3268,2,,51,hình sự,
3268,s,1,51,hình sự,
3268,c,1,249,hình sự,
3269,,,106,tố tụng hình sự,
3269,,,136,tố tụng hình sự,
3269,,,47,hình sự,
3269,,,46,hình sự,
3269,c,1,47,hình sự,
3269,2,,51,hình sự,
3269,s,1,51,hình sự,
3269,c,1,249,hình sự,
3270,,,106,tố tụng hình sự,
3270,,,46,hình sự,
3270,,,47,hình sự,
3270,s,1,51,hình sự,
3270,,,136,tố tụng hình sự,
3270,c,1,249,hình sự,
3270,a,2,106,tố tụng hình sự,
3270,c,1,47,hình sự,
3270,s,1,51,hình sự,
3270,c,1,249,hình sự,
3271,,,106,tố tụng hình sự,
3271,,,47,hình sự,
3271,,,46,hình sự,
3271,,,136,tố tụng hình sự,
3271,a,2,106,tố tụng hình sự,
3271,c,1,47,hình sự,
3271,s,1,51,hình sự,
3271,g,2,249,hình sự,
3272,a,2,106,tố tụng hình sự,
3272,,,136,tố tụng hình sự,
3272,c,1,47,hình sự,
3272,h,1,52,hình sự,
3272,s,1,51,hình sự,
3272,c,1,249,hình sự,
3273,,,333,tố tụng hình sự,
3273,,,329,tố tụng hình sự,
3273,,,136,tố tụng hình sự,
3273,,,331,tố tụng hình sự,
3273,,,106,tố tụng hình sự,
3273,,,38,hình sự,
3273,,,47,hình sự,
3273,,1,249,hình sự,
3273,s,1,51,hình sự,
3273,c,1,249,hình sự,
3274,,,333,tố tụng hình sự,
3274,,,136,tố tụng hình sự,
3274,,,331,tố tụng hình sự,
3274,,,106,tố tụng hình sự,
3274,,,38,hình sự,
3274,s,1,51,hình sự,
3274,o,2,249,hình sự,
3275,,,30,thi hành án hình sự,
3275,,,2,thi hành án hình sự,
3275,,,333,tố tụng hình sự,
3275,,,136,tố tụng hình sự,
3275,,,331,tố tụng hình sự,
3275,,2,106,tố tụng hình sự,
3275,c,1,249,hình sự,
3275,s,1,51,hình sự,
3275,,,333,tố tụng hình sự,
3275,,,331,tố tụng hình sự,
3275,,,136,tố tụng hình sự,
3275,,2,106,tố tụng hình sự,
3275,,5,249,hình sự,
3275,,,52,hình sự,
3275,,1,249,hình sự,
3275,s,1,51,hình sự,
3275,,2,106,tố tụng hình sự,
3275,s,1,51,hình sự,
3275,c,1,249,hình sự,
3276,1,,41,hình sự,
3276,1,,194,hình sự,
3276,1,,249,hình sự,
3276,3,,7,hình sự,
3276,1,,46,hình sự,
3276,1,,48,hình sự,
3276,1,,194,hình sự,
3277,,,331,tố tụng hình sự,
3277,,,333,tố tụng hình sự,
3277,,,136,tố tụng hình sự,
3277,,,106,tố tụng hình sự,
3277,,,38,hình sự,
3277,,1,51,hình sự,
3277,c,1,249,hình sự,
3278,,,135,tố tụng hình sự,
3278,2,,106,tố tụng hình sự,
3278,,5,249,hình sự,
3278,1,1,249,hình sự,
3278,s,1,51,hình sự,
3278,c,1,249,hình sự,
3278,,,50,hình sự,
3278,,,38,hình sự,
3278,s,1,51,hình sự,
3278,c,1,249,hình sự,
3279,,,333,tố tụng hình sự,
3279,2,,136,tố tụng hình sự,
3279,,,331,tố tụng hình sự,
3279,,,106,tố tụng hình sự,
3279,,,47,hình sự,
3279,,,38,hình sự,
3279,s,1,51,hình sự,
3279,c,1,249,hình sự,
3280,,,356,tố tụng hình sự,
3280,,,293,tố tụng hình sự,
3280,a,1,355,tố tụng hình sự,
3280,,,292,tố tụng hình sự,
3280,,,91,hình sự,
3280,,,101,hình sự,
3280,,,38,hình sự,
3280,t,1,51,hình sự,
3280,,2,51,hình sự,
3280,s,1,51,hình sự,
3280,c,1,249,hình sự,
3281,h,1,51,hình sự,
3281,,,356,tố tụng hình sự,
3281,a,1,355,tố tụng hình sự,
3281,,,331,tố tụng hình sự,
3281,,,333,tố tụng hình sự,
3281,,,329,tố tụng hình sự,
3281,h,1,52,hình sự,
3281,s,1,51,hình sự,
3281,a,1,249,hình sự,
3282,,,135,tố tụng hình sự,
3282,,,106,tố tụng hình sự,
3282,,1,47,hình sự,
3282,,5,249,hình sự,
3282,s,1,51,hình sự,
3282,h,1,52,hình sự,
3282,c,1,249,hình sự,
3283,,,136,tố tụng hình sự,
3283,,1,47,hình sự,
3283,,,106,tố tụng hình sự,
3283,h,1,52,hình sự,
3283,c,1,249,hình sự,
3283,s,1,51,hình sự,
3284,,,136,tố tụng hình sự,
3284,,,135,tố tụng hình sự,
3284,a,2,106,tố tụng hình sự,
3284,c,1,47,hình sự,
3284,2,,51,hình sự,
3284,,,38,hình sự,
3284,s,1,51,hình sự,
3284,c,1,249,hình sự,
3285,,,136,tố tụng hình sự,
3285,,,135,tố tụng hình sự,
3285,a,2,106,tố tụng hình sự,
3285,c,1,47,hình sự,
3285,,,38,hình sự,
3285,h,1,52,hình sự,
3285,c,1,249,hình sự,
3285,s,1,51,hình sự,
3286,,,331,tố tụng hình sự,
3286,,,333,tố tụng hình sự,
3286,,,136,tố tụng hình sự,
3286,,2,106,tố tụng hình sự,
3286,c,1,47,hình sự,
3286,h,1,52,hình sự,
3286,s,1,51,hình sự,
3286,c,1,249,hình sự,
3287,,,135,tố tụng hình sự,
3287,,,136,tố tụng hình sự,
3287,,,106,tố tụng hình sự,
3287,,,47,hình sự,
3287,s,1,51,hình sự,
3287,c,1,249,hình sự,
3288,,,136,tố tụng hình sự,
3288,,,135,tố tụng hình sự,
3288,,,106,tố tụng hình sự,
3288,h,1,52,hình sự,
3288,,,47,hình sự,
3288,s,1,51,hình sự,
3288,c,1,249,hình sự,
3289,,,30,luật khác,Luật thi hành án dân sự
3289,,,2,luật khác,Luật Thi hành án dân sự
3289,,,333,tố tụng hình sự,
3289,,,331,tố tụng hình sự,
3289,,,136,tố tụng hình sự,
3289,,1,47,hình sự,
3289,,1,106,tố tụng hình sự,
3289,s,1,51,hình sự,
3289,h,1,52,hình sự,
3289,c,1,249,hình sự,
3290,,,30,luật khác,Luật thi hành án  dân sự
3290,,,2,luật khác,Luật Thi hành án dân sự
3290,,,333,tố tụng hình sự,
3290,,,136,tố tụng hình sự,
3290,,,331,tố tụng hình sự,
3290,,2,106,tố tụng hình sự,
3290,s,1,51,hình sự,
3290,c,1,47,hình sự,
3290,,1,52,hình sự,
3290,1,,249,hình sự,
3290,s,1,51,hình sự,
3290,c,1,249,hình sự,
3291,,,30,luật khác,Luật thi hành án dân sự
3291,,,7,luật khác,Luật thi hành án dân sự
3291,,,9,luật khác,Luật thi hành án dân sự
3291,,,6,luật khác,Luật thi hành án dân sự
3291,c,2,106,tố tụng hình sự,
3291,,,2,thi hành án hình sự,
3291,,,47,hình sự,
3291,s,1,51,hình sự,
3291,,1,38,hình sự,
3291,c,1,249,hình sự,
3292,,,30,luật khác,Luật Thi hành án dân sự
3292,,9,,luật khác,Luật Thi hành án dân sự
3292,,7,,luật khác,Luật Thi hành án dân sự
3292,,6,,luật khác,Luật Thi hành án dân sự
3292,,2,2,thi hành án hình sự,
3292,1,,47,hình sự,
3292,a,2,106,tố tụng hình sự,
3292,s,1,51,hình sự,
3292,,1,38,hình sự,
3292,c,1,249,hình sự,
3293,,,136,tố tụng hình sự,
3293,,,135,tố tụng hình sự,
3293,a,3,106,tố tụng hình sự,
3293,a,2,106,tố tụng hình sự,
3293,,2,47,hình sự,
3293,,,47,hình sự,
3293,c,1,249,hình sự,
3293,s,1,51,hình sự,
3294,2,136,,tố tụng hình sự,
3294,2,135,,tố tụng hình sự,
3294,h,1,52,hình sự,
3294,s,1,51,hình sự,
3294,c,1,249,hình sự,
3294,,5,249,hình sự,
3294,h,1,52,hình sự,
3294,s,1,51,hình sự,
3294,c,1,249,hình sự,
3294,,,47,hình sự,
3294,a,2,106,tố tụng hình sự,
3294,h,1,52,hình sự,
3294,c,1,249,hình sự,
3294,s,1,51,hình sự,
3295,,,136,tố tụng hình sự,
3295,a,2,106,tố tụng hình sự,
3295,c,1,47,hình sự,
3295,s,1,51,hình sự,
3295,c,1,249,hình sự,
3296,a,2,106,tố tụng hình sự,
3296,s,1,51,hình sự,
3296,,,38,hình sự,
3296,c,1,249,hình sự,
3297,,,106,tố tụng hình sự,
3297,,,50,hình sự,
3297,,,38,hình sự,
3297,,2,51,hình sự,
3297,s,1,51,hình sự,
3297,c,1,249,hình sự,
3298,,,106,tố tụng hình sự,
3298,,,47,hình sự,
3298,1,,51,hình sự,
3298,c,1,249,hình sự,
3299,,,106,tố tụng hình sự,
3299,,,47,hình sự,
3299,,2,51,hình sự,
3299,s,1,51,hình sự,
3299,c,1,249,hình sự,
3300,,,30,luật khác,Luật Thi hành án Dân sự
3300,,,9,luật khác,Luật Thi hành án Dân sự
3300,,,7,luật khác,Luật Thi hành án Dân sự
3300,,2,136,tố tụng hình sự,
3300,,1,6,luật khác,Luật Thi hành án Dân sự
3300,a,3,106,tố tụng hình sự,
3300,a,2,106,tố tụng hình sự,
3300,,,58,hình sự,
3300,s,1,51,hình sự,
3300,,,17,hình sự,
3300,,,38,hình sự,
3300,c,1,249,hình sự,
3301,,,331,tố tụng hình sự,
3301,,,333,tố tụng hình sự,
3301,2,,136,tố tụng hình sự,
3301,5,,249,hình sự,
3301,,,249,hình sự,
3301,,,50,hình sự,
3301,a,2,106,tố tụng hình sự,
3301,c,1,47,hình sự,
3301,2,,51,hình sự,
3301,s,1,51,hình sự,
3301,,,38,hình sự,
3301,c,1,249,hình sự,
3302,,2,136,tố tụng hình sự,
3302,,2,106,tố tụng hình sự,
3302,,,54,hình sự,
3302,,,55,hình sự,
3302,r,1,51,hình sự,
3302,,,38,hình sự,
3302,s,1,51,hình sự,
3302,b,2,256,hình sự,
3302,b,2,251,hình sự,
3303,,,333,tố tụng hình sự,
3303,,,331,tố tụng hình sự,
3303,,,106,tố tụng hình sự,
3303,,,136,tố tụng hình sự,
3303,,,38,hình sự,
3303,3,,7,hình sự,
3303,s,1,51,hình sự,
3303,c,1,249,hình sự,
3304,,7,9,thi hành án hình sự,
3304,,30,9,thi hành án hình sự,
3304,,6,3,thi hành án hình sự,
3304,,2,136,tố tụng hình sự,
3304,,2,2,thi hành án hình sự,
3304,a,2,106,tố tụng hình sự,
3304,s,1,51,hình sự,
3304,2,,51,hình sự,
3304,,,38,hình sự,
3304,c,1,249,hình sự,
3305,a,2,106,tố tụng hình sự,
3305,s,1,51,hình sự,
3305,,,38,hình sự,
3305,c,1,249,hình sự,
3306,1,2,106,tố tụng hình sự,
3306,,,50,hình sự,
3306,,,38,hình sự,
3306,s,1,51,hình sự,
3306,1,,249,hình sự,
3307,,,333,tố tụng hình sự,
3307,,,331,tố tụng hình sự,
3307,,,136,tố tụng hình sự,
3307,,,106,tố tụng hình sự,
3307,,,47,hình sự,
3307,,,48,hình sự,
3307,s,1,51,hình sự,
3307,o,2,249,hình sự,
3308,1,333,,tố tụng hình sự,
3308,,2,136,tố tụng hình sự,
3308,1,331,,tố tụng hình sự,
3308,,,38,hình sự,
3308,s,1,51,hình sự,
3308,g,2,173,hình sự,
3308,c,2,138,hình sự,
3309,,,333,tố tụng hình sự,
3309,,,331,tố tụng hình sự,
3309,,,136,tố tụng hình sự,
3309,,,48,hình sự,
3309,,,106,tố tụng hình sự,
3309,,,47,hình sự,
3309,s,1,51,hình sự,
3309,c,1,249,hình sự,
3310,1,,333,tố tụng hình sự,
3310,1,1,331,tố tụng hình sự,
3310,2,,136,tố tụng hình sự,
3310,,,106,tố tụng hình sự,
3310,,,47,hình sự,
3310,,5,249,hình sự,
3310,,,38,hình sự,
3310,1,1,51,hình sự,
3310,c,1,249,hình sự,
3311,1,,333,tố tụng hình sự,
3311,1,,331,tố tụng hình sự,
3311,2,,136,tố tụng hình sự,
3311,,,47,hình sự,
3311,,,106,tố tụng hình sự,
3311,,,38,hình sự,
3311,s,1,51,hình sự,
3311,c,1,249,hình sự,
3312,1,,333,tố tụng hình sự,
3312,1,,331,tố tụng hình sự,
3312,2,,136,tố tụng hình sự,
3312,,,106,tố tụng hình sự,
3312,,,38,hình sự,
3312,,,47,hình sự,
3312,s,1,51,hình sự,
3312,c,1,249,hình sự,
3313,1,333,,tố tụng hình sự,
3313,1,331,,tố tụng hình sự,
3313,,,106,tố tụng hình sự,
3313,,2,136,tố tụng hình sự,
3313,,,47,hình sự,
3313,,2,51,hình sự,
3313,,,38,hình sự,
3313,s,1,51,hình sự,
3313,c,1,249,hình sự,
3314,a,2,106,tố tụng hình sự,
3314,,,136,tố tụng hình sự,
3314,s,1,51,hình sự,
3314,c,1,249,hình sự,
3315,a,2,106,tố tụng hình sự,
3315,c,1,47,hình sự,
3315,,3,7,hình sự,
3315,,2,56,hình sự,
3315,s,1,51,hình sự,
3315,o,2,249,hình sự,
3315,p,2,194,hình sự,
3316,,,136,tố tụng hình sự,
3316,a,2,106,tố tụng hình sự,
3316,h,1,52,hình sự,
3316,s,1,51,hình sự,
3316,c,1,249,hình sự,
3317,,,336,tố tụng hình sự,
3317,,,333,tố tụng hình sự,
3317,,,331,tố tụng hình sự,
3317,,,135,tố tụng hình sự,
3317,,,106,tố tụng hình sự,
3317,,,47,hình sự,
3317,,2,51,hình sự,
3317,s,1,51,hình sự,
3317,c,1,249,hình sự,
3318,,,336,tố tụng hình sự,
3318,,,333,tố tụng hình sự,
3318,,,331,tố tụng hình sự,
3318,,,135,tố tụng hình sự,
3318,,,47,hình sự,
3318,,,106,tố tụng hình sự,
3318,s,2,51,hình sự,
3318,c,1,249,hình sự,
3318,s,1,51,hình sự,
3319,a,2,106,tố tụng hình sự,
3319,a,1,47,hình sự,
3319,,,54,hình sự,
3319,,,38,hình sự,
3319,,,50,hình sự,
3319,s,1,51,hình sự,
3319,c,1,249,hình sự,
3319,h,1,51,hình sự,
3320,,,356,tố tụng hình sự,
3320,a,1,355,tố tụng hình sự,Số hiệu bản án sơ thẩm: 219/2018/HS-ST
3320,s,1,51,hình sự,
3320,g,2,249,hình sự,
3321,,,30,thi hành án dân sự,
3321,,,7b,thi hành án dân sự,
3321,,,9,thi hành án dân sự,
3321,,,7a,thi hành án dân sự,
3321,,,7,thi hành án dân sự,
3321,,,6,thi hành án dân sự,
3321,,,2,thi hành án dân sự,
3321,2,,135,tố tụng hình sự,
3321,2,,136,tố tụng hình sự,
3321,,,47,hình sự,
3321,,,106,tố tụng hình sự,
3321,,2,468,dân sự,
3321,5,,249,hình sự,
3321,c,1,249,hình sự,
3321,s,1,51,hình sự,
3321,c,1,249,hình sự,
3321,h,1,52,hình sự,
3322,,2,136,tố tụng hình sự,
3322,,2,135,tố tụng hình sự,
3322,,,106,tố tụng hình sự,
3322,,5,249,hình sự,
3322,,,47,hình sự,
3322,,2,51,hình sự,
3322,s,1,51,hình sự,
3322,c,1,249,hình sự,
3323,,,30,luật khác,Luật thi hành án  dân sự
3323,,,2,luật khác,Luật Thi hành án dân sự
3323,,,333,tố tụng hình sự,
3323,,,331,tố tụng hình sự,
3323,,2,106,tố tụng hình sự,
3323,,1,136,tố tụng hình sự,
3323,,2,56,hình sự,
3323,s,1,51,hình sự,
3323,,1,47,hình sự,
3323,o,2,249,hình sự,
3323,p,2,194,hình sự,
3324,,,106,tố tụng hình sự,
3324,1,,51,hình sự,
3324,,,47,hình sự,
3324,1,,249,hình sự,
3324,1,,249,hình sự,
3324,s,1,51,hình sự,
3324,1,,194,hình sự,
3324,1,,194,hình sự,
3325,,2,135,tố tụng hình sự,
3325,,,47,hình sự,
3325,,,106,tố tụng hình sự,
3325,s,1,51,hình sự,
3325,,2,106,tố tụng hình sự,
3325,c,1,249,hình sự,
3325,,,47,hình sự,
3325,c,1,249,hình sự,
3325,s,1,51,hình sự,
3326,b,2,53,hình sự,
3326,,2,106,tố tụng hình sự,
3326,,,47,hình sự,
3326,,,50,hình sự,
3326,,,38,hình sự,
3326,s,1,51,hình sự,
3326,o,2,249,hình sự,
3327,,,333,tố tụng hình sự,
3327,,,331,tố tụng hình sự,
3327,,,106,tố tụng hình sự,
3327,,,136,tố tụng hình sự,
3327,,,47,hình sự,
3327,,,38,hình sự,
3327,2,,51,hình sự,
3327,s,1,51,hình sự,
3327,a,1,249,hình sự,
3328,,,333,tố tụng hình sự,
3328,,,331,tố tụng hình sự,
3328,,,136,tố tụng hình sự,
3328,,,106,tố tụng hình sự,
3328,,,47,tố tụng hình sự,
3328,,,38,hình sự,
3328,s,1,51,hình sự,
3328,c,1,249,hình sự,
3329,,,333,tố tụng hình sự,
3329,,,136,tố tụng hình sự,
3329,,,331,tố tụng hình sự,
3329,,,106,tố tụng hình sự,
3329,,,47,tố tụng hình sự,
3329,,,38,hình sự,
3329,2,,51,hình sự,
3329,c,1,249,hình sự,
3329,s,1,51,hình sự,
3330,,,106,tố tụng hình sự,
3330,,,47,hình sự,
3330,,,46,hình sự,
3330,1,,249,hình sự,
3330,1,,51,hình sự,
3331,,,331,tố tụng hình sự,
3331,,,333,tố tụng hình sự,
3331,,,106,tố tụng hình sự,
3331,,,47,hình sự,
3331,,2,51,hình sự,
3331,s,1,51,hình sự,
3331,c,1,249,hình sự,
3332,,,333,tố tụng hình sự,
3332,,,331,tố tụng hình sự,
3332,,2,136,tố tụng hình sự,
3332,,,135,tố tụng hình sự,
3332,,,106,tố tụng hình sự,
3332,,,38,hình sự,
3332,,,47,hình sự,
3332,,2,51,hình sự,
3332,s,1,51,hình sự,
3332,t,1,51,hình sự,
3332,1,,249,hình sự,
3333,,,333,tố tụng hình sự,
3333,,,331,tố tụng hình sự,
3333,2,136,,tố tụng hình sự,
3333,,,106,tố tụng hình sự,
3333,,,135,tố tụng hình sự,
3333,,,47,hình sự,
3333,,,38,hình sự,
3333,c,1,249,hình sự,
3333,s,1,51,hình sự,
3334,,2,136,tố tụng hình sự,
3334,a,2,106,tố tụng hình sự,
3334,1,,52,hình sự,
3334,1,1,51,hình sự,
3334,,1,249,hình sự,
3334,a,2,106,tố tụng hình sự,
3334,,,38,hình sự,
3334,a,1,47,hình sự,
3334,s,1,51,hình sự,
3334,,1,249,hình sự,
3335,,,12,hình sự,
3335,,,136,tố tụng hình sự,
3335,,1,7,hình sự,
3335,,,106,tố tụng hình sự,
3335,,,47,hình sự,
3335,,,38,hình sự,
3335,s,1,51,hình sự,
3335,b,4,249,hình sự,
3336,,2,136,tố tụng hình sự,
3336,a,1,47,hình sự,
3336,,,106,tố tụng hình sự,
3336,,5,249,hình sự,
3336,s,1,51,hình sự,
3336,,2,51,hình sự,
3336,,1,249,hình sự,
3336,c,1,249,hình sự,
3337,,,333,tố tụng hình sự,
3337,,,331,tố tụng hình sự,
3337,,,332,tố tụng hình sự,
3337,1,,293,tố tụng hình sự,
3337,,,136,tố tụng hình sự,
3337,1,,292,tố tụng hình sự,
3337,3,,106,tố tụng hình sự,
3337,a,1,47,hình sự,
3337,a,2,106,tố tụng hình sự,
3337,,,38,hình sự,
3337,c,1,249,hình sự,
3337,s,1,51,hình sự,
3338,,,99,tố tụng hình sự,
3338,,,106,tố tụng hình sự,
3338,,,76,hình sự,
3338,,2,51,hình sự,
3338,s,1,51,hình sự,
3338,,1,249,hình sự,
3338,s,1,51,hình sự,
3338,c,1,249,hình sự,
3339,c,2,106,tố tụng hình sự,
3339,,2,136,tố tụng hình sự,
3339,a,2,106,tố tụng hình sự,
3339,c,1,47,hình sự,
3339,,1,329,tố tụng hình sự,
3339,,,47,hình sự,
3339,,,38,hình sự,
3339,s,1,51,hình sự,
3339,,2,51,hình sự,
3339,c,1,249,hình sự,
3340,2,,136,tố tụng hình sự,
3340,c,2,106,tố tụng hình sự,
3340,c,1,47,hình sự,
3340,a,2,106,tố tụng hình sự,
3340,,1,329,tố tụng hình sự,
3340,s,1,51,hình sự,
3340,,,38,hình sự,
3340,c,1,249,hình sự,
3341,,2,136,tố tụng hình sự,
3341,a,2,106,tố tụng hình sự,
3341,c,2,106,tố tụng hình sự,
3341,c,1,47,hình sự,
3341,,,38,hình sự,
3341,,1,329,tố tụng hình sự,
3341,s,1,51,hình sự,
3341,c,1,249,hình sự,
3342,,,30,thi hành án hình sự,
3342,,,9,thi hành án hình sự,
3342,,,6,thi hành án hình sự,
3342,,,7,thi hành án hình sự,
3342,,,2,thi hành án hình sự,
3342,,2,136,tố tụng hình sự,
3342,,2,135,tố tụng hình sự,
3342,a,2,106,tố tụng hình sự,
3342,c,1,47,hình sự,
3342,5,,249,hình sự,
3342,5,,194,hình sự,
3342,c,1,249,hình sự,
3342,s,1,51,hình sự,
3342,,3,7,hình sự,
3342,p,1,46,hình sự,
3342,c,1,249,hình sự,
3342,,1,194,hình sự,
3343,,,106,tố tụng hình sự,
3343,,2,51,hình sự,
3343,s,1,51,hình sự,
3343,c,1,249,hình sự,
3344,,1,293,tố tụng hình sự,
3344,,,136,tố tụng hình sự,
3344,,,135,tố tụng hình sự,
3344,a,2,106,tố tụng hình sự,
3344,,,38,hình sự,
3344,c,1,47,hình sự,
3344,s,1,51,hình sự,
3344,c,1,249,hình sự,
3345,,,135,tố tụng hình sự,
3345,,,106,tố tụng hình sự,
3345,,,47,hình sự,
3345,1,1,51,hình sự,
3345,c,1,249,hình sự,
3345,o,2,249,hình sự,
3346,,,30,luật khác,Luật thi hành án dân sự
3346,,,7,luật khác,Luật thi hành án dân sự
3346,,,9,luật khác,Luật thi hành án dân sự
3346,,,6,luật khác,Luật thi hành án dân sự
3346,,,333,tố tụng hình sự,
3346,,,331,tố tụng hình sự,
3346,,2,136,tố tụng hình sự,
3346,,,17,hình sự,
3346,,2,135,tố tụng hình sự,
3346,a,2,106,tố tụng hình sự,
3346,c,2,106,tố tụng hình sự,
3346,b,1,47,hình sự,
3346,,,38,hình sự,
3346,s,1,51,hình sự,
3346,c,1,249,hình sự,
3347,,,333,tố tụng hình sự,
3347,,,331,tố tụng hình sự,
3347,,2,136,tố tụng hình sự,
3347,,,50,hình sự,
3347,,,106,tố tụng hình sự,
3347,g,2,249,hình sự,
3347,s,1,51,hình sự,
3348,,,333,tố tụng hình sự,
3348,,,331,tố tụng hình sự,
3348,,2,136,tố tụng hình sự,
3348,,,106,tố tụng hình sự,
3348,,,47,hình sự,
3348,,,50,hình sự,
3348,,1,249,hình sự,
3348,s,1,51,hình sự,
3348,c,1,249,hình sự,
3349,,2,135,tố tụng hình sự,
3349,,2,136,tố tụng hình sự,
3349,,,106,tố tụng hình sự,
3349,,,47,hình sự,
3349,h,1,52,hình sự,
3349,2,,51,hình sự,
3349,c,1,249,hình sự,
3349,s,1,51,hình sự,
3350,c,2,106,tố tụng hình sự,
3350,a,2,106,tố tụng hình sự,
3350,a,1,47,hình sự,
3350,,,136,tố tụng hình sự,
3350,,,58,hình sự,
3350,s,1,51,hình sự,
3350,c,1,249,hình sự,
3351,,2,136,tố tụng hình sự,
3351,a,2,106,tố tụng hình sự,
3351,a,3,106,tố tụng hình sự,
3351,s,1,51,hình sự,
3351,h,1,52,hình sự,
3351,c,1,249,hình sự,
3351,a,3,106,tố tụng hình sự,
3351,a,2,106,tố tụng hình sự,
3351,c,1,47,hình sự,
3351,s,1,51,hình sự,
3351,h,1,52,hình sự,
3351,c,1,249,hình sự,
3351,s,1,51,hình sự,
3351,c,1,249,hình sự,
3352,,,331,tố tụng hình sự,
3352,,,333,tố tụng hình sự,
3352,,,106,tố tụng hình sự,
3352,,2,56,hình sự,
3352,,,47,hình sự,
3352,h,1,52,hình sự,
3352,s,1,51,hình sự,
3352,c,1,249,hình sự,
3353,,2,136,tố tụng hình sự,
3353,,2,106,tố tụng hình sự,
3353,,5,249,hình sự,
3353,b,1,9,hình sự,
3353,s,1,51,hình sự,
3353,,1,47,hình sự,
3353,,1,249,hình sự,
3354,,,331,tố tụng hình sự,
3354,,,333,tố tụng hình sự,
3354,,,136,tố tụng hình sự,
3354,,,135,tố tụng hình sự,
3354,,,106,tố tụng hình sự,
3354,,,41,hình sự,
3354,p,1,46,hình sự,
3354,1,,194,hình sự,
3355,,,333,tố tụng hình sự,
3355,,,331,tố tụng hình sự,
3355,,,106,tố tụng hình sự,
3355,,,47,hình sự,
3355,,2,51,hình sự,
3355,s,1,51,hình sự,
3355,c,1,249,hình sự,
3356,,,76,hình sự,
3356,,,333,tố tụng hình sự,
3356,,,326,tố tụng hình sự,
3356,,,331,tố tụng hình sự,
3356,,,299,tố tụng hình sự,
3356,,,135,tố tụng hình sự,
3356,,,106,tố tụng hình sự,
3356,,,38,hình sự,
3356,,,47,hình sự,
3356,s,1,51,hình sự,
3356,c,1,249,hình sự,
3357,,,333,tố tụng hình sự,
3357,,,331,tố tụng hình sự,
3357,,,326,tố tụng hình sự,
3357,,,299,tố tụng hình sự,
3357,,,106,tố tụng hình sự,
3357,,,135,tố tụng hình sự,
3357,,,38,hình sự,
3357,,,76,hình sự,
3357,s,1,51,hình sự,
3357,c,1,249,hình sự,
3358,a,2,106,tố tụng hình sự,
3358,c,1,47,hình sự,
3358,s,1,51,hình sự,
3358,c,1,249,hình sự,
3359,a,3,106,tố tụng hình sự,
3359,a,2,106,tố tụng hình sự,
3359,,1,106,tố tụng hình sự,
3359,,2,136,tố tụng hình sự,
3359,2,,51,hình sự,
3359,2,,3,luật khác,Bộ luât dân sự 2015
3359,1,,249,hình sự,
3359,1,,51,hình sự,
3359,,2,136,tố tụng hình sự,
3359,1,,106,tố tụng hình sự,
3359,1,,3,luật khác,Bộ luật dân sự 2015
3359,5,,249,hình sự,
3359,,1,249,hình sự,
3359,1,,249,hình sự,
3359,,2,136,tố tụng hình sự,
3359,3,,106,tố tụng hình sự,
3359,2,,51,hình sự,
3359,c,1,249,hình sự,
3359,s,1,51,hình sự,
3360,a,2,106,tố tụng hình sự,
3360,c,1,47,hình sự,
3360,s,1,51,hình sự,
3360,c,1,249,hình sự,
3361,,,176,tố tụng hình sự,
3361,s,1,51,hình sự,
3361,o,2,249,hình sự,
3362,,,136,tố tụng hình sự,
3362,,,329,tố tụng hình sự,
3362,,,106,tố tụng hình sự,
3362,,,47,hình sự,
3362,,,38,hình sự,
3362,,2,56,hình sự,
3362,h,1,52,hình sự,
3362,s,1,51,hình sự,
3362,c,1,249,hình sự,
3363,,,30,luật khác,Luật thi hành án dân sự
3363,,9,,luật khác,Luật thi hành án dân sự
3363,,7,,luật khác,Luật thi hành án dân sự
3363,,6,,luật khác,Luật thi hành án dân sự
3363,,,2,luật khác,Luật thi hành án dân sự
3363,c,2,106,tố tụng hình sự,
3363,,,136,tố tụng hình sự,
3363,a,2,106,tố tụng hình sự,
3363,,1,47,hình sự,
3363,s,1,51,hình sự,
3363,c,1,249,hình sự,
3364,,,333,tố tụng hình sự,
3364,,,331,tố tụng hình sự,
3364,,,135,tố tụng hình sự,
3364,b,2,106,tố tụng hình sự,
3364,,1,46,hình sự,
3364,,,38,hình sự,
3364,s,1,51,hình sự,
3364,c,1,249,hình sự,
3365,,,9,thi hành án hình sự,
3365,,,30,thi hành án hình sự,
3365,7b,,,thi hành án hình sự,
3365,7a,,,thi hành án hình sự,
3365,,,7,thi hành án hình sự,
3365,,,6,thi hành án hình sự,
3365,,,333,tố tụng hình sự,
3365,,,2,thi hành án hình sự,
3365,,,331,tố tụng hình sự,
3365,,,136,tố tụng hình sự,
3365,a,3,106,tố tụng hình sự,
3365,a,2,106,tố tụng hình sự,
3365,s,1,51,hình sự,
3365,h,1,52,hình sự,
3365,c,1,47,hình sự,
3365,c,1,249,hình sự,
3365,,1,38,hình sự,
3366,,,333,tố tụng hình sự,
3366,,,331,tố tụng hình sự,
3366,,,136,tố tụng hình sự,
3366,,1,101,hình sự,
3366,a,2,106,tố tụng hình sự,
3366,,,91,hình sự,
3366,,,58,hình sự,
3366,s,1,51,hình sự,
3366,,1,38,hình sự,
3366,,,17,hình sự,
3366,c,1,249,hình sự,
3367,,,333,tố tụng hình sự,
3367,,,331,tố tụng hình sự,
3367,,,136,tố tụng hình sự,
3367,a,2,106,tố tụng hình sự,
3367,,1,47,hình sự,
3367,s,1,51,hình sự,
3367,,1,38,hình sự,
3367,,1,249,hình sự,
3368,,,176,tố tụng hình sự,
3368,,,106,tố tụng hình sự,
3368,,,47,hình sự,
3368,s,1,51,hình sự,
3368,c,1,249,hình sự,
3369,,,106,tố tụng hình sự,
3369,s,1,51,hình sự,
3369,c,1,249,hình sự,
3370,,,48,hình sự,
3370,,,47,hình sự,
3370,,,106,tố tụng hình sự,
3370,s,1,51,hình sự,
3370,g,2,249,hình sự,
3371,,,136,tố tụng hình sự,
3371,,,106,tố tụng hình sự,
3371,,,298,tố tụng hình sự,
3371,,,325,tố tụng hình sự,
3371,,,319,tố tụng hình sự,
3371,s,1,51,hình sự,
3371,,,47,hình sự,
3371,c,1,249,hình sự,
3372,,,333,tố tụng hình sự,
3372,2,,136,tố tụng hình sự,
3372,,,331,tố tụng hình sự,
3372,,,135,tố tụng hình sự,
3372,,,106,tố tụng hình sự,
3372,1,,47,hình sự,
3372,s,1,51,hình sự,
3372,,,38,hình sự,
3372,1,,249,hình sự,
3373,,,333,tố tụng hình sự,
3373,,,331,tố tụng hình sự,
3373,2,,136,tố tụng hình sự,
3373,2,,135,tố tụng hình sự,
3373,2,,106,tố tụng hình sự,
3373,1,,249,hình sự,
3373,s,1,51,hình sự,
3373,,,38,hình sự,
3373,1,,249,hình sự,
3374,,,333,tố tụng hình sự,
3374,,,331,tố tụng hình sự,
3374,a,2,106,tố tụng hình sự,
3374,,,136,tố tụng hình sự,
3374,,,38,hình sự,
3374,c,1,47,hình sự,
3374,s,1,51,hình sự,
3374,c,1,249,hình sự,
3375,,,136,tố tụng hình sự,
3375,,,329,tố tụng hình sự,
3375,,,106,tố tụng hình sự,
3375,,,38,hình sự,
3375,,,47,hình sự,
3375,s,1,51,hình sự,
3375,c,1,249,hình sự,
3376,,2,136,tố tụng hình sự,
3376,,,47,hình sự,
3376,,1,106,tố tụng hình sự,
3376,,,38,hình sự,
3376,s,1,51,hình sự,
3376,c,1,249,hình sự,
3377,,2,136,tố tụng hình sự,
3377,,2,106,tố tụng hình sự,
3377,,1,47,hình sự,
3377,,,38,hình sự,
3377,c,1,249,hình sự,
3377,,1,106,tố tụng hình sự,
3377,,,47,hình sự,
3377,,,38,hình sự,
3377,s,1,51,hình sự,
3377,c,1,249,hình sự,
3377,,1,106,tố tụng hình sự,
3377,,,47,hình sự,
3377,,,38,hình sự,
3377,c,1,249,hình sự,
3377,s,1,51,hình sự,
3378,,,106,tố tụng hình sự,
3378,,,47,hình sự,
3378,1,,51,hình sự,
3378,,,136,tố tụng hình sự,
3378,1,,249,hình sự,
3379,,,30,luật khác,Luật Thi hành án dân sự
3379,,,9,luật khác,Luật Thi hành án dân sự
3379,,7a,,luật khác,Luật Thi hành án dân sự
3379,,,7,luật khác,Luật Thi hành án dân sự
3379,,,6,luật khác,Luật Thi hành án dân sự
3379,a,2,106,tố tụng hình sự,
3379,,1,56,hình sự,
3379,,,38,hình sự,
3379,,,58,hình sự,
3379,,,17,hình sự,
3379,s,1,51,hình sự,
3379,c,1,249,hình sự,
3380,c,2,106,tố tụng hình sự,
3380,1,,47,hình sự,
3380,a,2,106,tố tụng hình sự,
3380,s,1,51,hình sự,
3380,2,,51,hình sự,
3380,1,,249,hình sự,
3380,a,2,106,tố tụng hình sự,
3380,c,2,106,tố tụng hình sự,
3380,1,,249,hình sự,
3380,c,1,47,hình sự,
3380,c,1,249,hình sự,
3380,a,2,106,tố tụng hình sự,
3380,c,2,106,tố tụng hình sự,
3380,c,1,47,hình sự,
3380,2,,51,hình sự,
3380,s,1,51,hình sự,
3380,c,1,249,hình sự,
3381,,,333,tố tụng hình sự,
3381,,,331,tố tụng hình sự,
3381,,2,136,tố tụng hình sự,
3381,a,3,106,tố tụng hình sự,
3381,a,2,106,tố tụng hình sự,
3381,,1,106,tố tụng hình sự,
3381,s,1,51,hình sự,
3381,,2,51,hình sự,
3381,g,2,249,hình sự,
3381,o,2,249,hình sự,
3381,5,,249,hình sự,
3381,g,2,249,hình sự,
3381,a,3,106,tố tụng hình sự,
3381,a,2,106,tố tụng hình sự,
3381,1,,106,tố tụng hình sự,
3381,c,1,47,hình sự,
3381,,2,51,hình sự,
3381,s,1,51,hình sự,
3381,g,2,249,hình sự,
3381,o,2,249,hình sự,
3382,,,56,hình sự,
3382,,,56,hình sự,
3382,,,55,hình sự,
3382,,,106,tố tụng hình sự,
3382,,,48,hình sự,
3382,,,47,hình sự,
3382,,1,249,hình sự,
3382,s,1,51,hình sự,
3382,a,1,249,hình sự,
3383,,,357,tố tụng hình sự,
3383,b,1,355,tố tụng hình sự,Số hiệu bản án sơ thẩm: 196/2018/HS-ST
3383,c,1,249,hình sự,
3383,2,,51,hình sự,
3383,c,1,250,hình sự,
3383,s,1,51,hình sự,
3384,,,357,tố tụng hình sự,
3384,b,1,355,tố tụng hình sự,Số hiệu bản án sơ thẩm: 82/2018/HS-ST
3384,,,17,hình sự,
3384,,,58,hình sự,
3384,s,1,51,hình sự,
3384,c,1,249,hình sự,
3385,,,333,tố tụng hình sự,
3385,,,331,tố tụng hình sự,
3385,2,,136,tố tụng hình sự,
3385,2,,135,tố tụng hình sự,
3385,1,,47,hình sự,
3385,1,,106,tố tụng hình sự,
3385,,,38,hình sự,
3385,s,1,51,hình sự,
3385,2,,51,hình sự,
3385,1,,249,hình sự,
3386,,1,331,tố tụng hình sự,
3386,,1,333,tố tụng hình sự,
3386,,2,47,hình sự,
3386,a,2,106,tố tụng hình sự,
3386,a,1,47,hình sự,
3386,c,1,47,hình sự,
3386,,1,106,tố tụng hình sự,
3386,,,38,hình sự,
3386,s,1,51,hình sự,
3386,c,1,249,hình sự,
3387,1,,333,tố tụng hình sự,
3387,1,,331,tố tụng hình sự,
3387,b,2,106,tố tụng hình sự,
3387,a,1,47,hình sự,
3387,a,2,106,tố tụng hình sự,
3387,c,1,47,hình sự,
3387,s,1,51,hình sự,
3387,,,38,hình sự,
3387,c,1,249,hình sự,
3388,,,136,tố tụng hình sự,
3388,a,2,106,tố tụng hình sự,
3388,c,1,47,hình sự,
3388,c,1,249,hình sự,
3388,s,1,51,hình sự,
3389,2,,136,tố tụng hình sự,
3389,,,47,hình sự,
3389,,1,106,tố tụng hình sự,
3389,,,38,hình sự,
3389,s,1,51,hình sự,
3389,c,1,249,hình sự,
3390,,2,136,tố tụng hình sự,
3390,,,47,hình sự,
3390,5,,249,hình sự,
3390,c,1,249,hình sự,
3390,,,292,tố tụng hình sự,
3390,1,,249,hình sự,
3390,,,106,tố tụng hình sự,
3390,,,38,hình sự,
3390,s,1,51,hình sự,
3390,c,1,249,hình sự,
3391,2,,136,tố tụng hình sự,
3391,2,,135,tố tụng hình sự,
3391,a,2,106,tố tụng hình sự,
3391,c,1,47,hình sự,
3391,,5,251,hình sự,
3391,,1,251,hình sự,
3391,,1,251,hình sự,
3391,s,1,51,hình sự,
3392,,,136,tố tụng hình sự,
3392,a,1,47,hình sự,
3392,a,2,106,tố tụng hình sự,
3392,,,38,hình sự,
3392,s,1,51,hình sự,
3392,h,1,52,hình sự,
3392,c,1,249,hình sự,
3393,,,333,tố tụng hình sự,
3393,,,331,tố tụng hình sự,
3393,,2,136,tố tụng hình sự,
3393,,,106,tố tụng hình sự,
3393,,,47,hình sự,
3393,h,1,52,hình sự,
3393,,,38,hình sự,
3393,c,1,249,hình sự,
3393,s,1,51,hình sự,
3394,2,,136,tố tụng hình sự,
3394,,1,106,tố tụng hình sự,
3394,,1,47,hình sự,
3394,,,58,hình sự,
3394,t,1,51,hình sự,
3394,s,1,51,hình sự,
3394,,,58,hình sự,
3394,c,1,249,hình sự,
3394,s,1,51,hình sự,
3394,s,1,51,hình sự,
3394,c,1,249,hình sự,
3394,c,1,249,hình sự,
3395,,,333,tố tụng hình sự,
3395,,,331,tố tụng hình sự,
3395,c,1,47,hình sự,
3395,1,,106,tố tụng hình sự,
3395,,,38,hình sự,
3395,1,,47,hình sự,
3395,s,1,51,hình sự,
3395,1,,251,hình sự,
3396,,,136,tố tụng hình sự,
3396,,,329,tố tụng hình sự,
3396,s,1,51,hình sự,
3396,g,2,249,hình sự,
3396,,,38,hình sự,
3396,,2,106,tố tụng hình sự,
3396,s,1,51,hình sự,
3396,s,1,51,hình sự,
3396,n,1,51,hình sự,
3396,g,2,249,hình sự,
3397,,,331,tố tụng hình sự,
3397,,,333,tố tụng hình sự,
3397,2,,136,tố tụng hình sự,
3397,2,,61,tố tụng hình sự,
3397,,,106,tố tụng hình sự,
3397,,,38,hình sự,
3397,,1,47,hình sự,
3397,2,,51,hình sự,
3397,c,1,249,hình sự,
3397,s,1,51,hình sự,
3398,,,329,tố tụng hình sự,
3398,,,136,tố tụng hình sự,
3398,,,47,hình sự,
3398,,,106,tố tụng hình sự,
3398,s,1,51,hình sự,
3398,,,38,hình sự,
3398,c,1,249,hình sự,
3399,,,30,thi hành án hình sự,
3399,,,,luật khác,"Luật phòng, chống ma túy"
3399,,,9,thi hành án hình sự,
3399,,,6,thi hành án hình sự,
3399,,,7,thi hành án hình sự,
3399,,,2,thi hành án hình sự,
3399,,,333,tố tụng hình sự,
3399,,,331,tố tụng hình sự,
3399,,2,136,tố tụng hình sự,
3399,,2,135,tố tụng hình sự,
3399,c,1,47,hình sự,
3399,a,2,106,tố tụng hình sự,
3399,s,1,51,hình sự,
3399,c,1,249,hình sự,
3400,,,106,tố tụng hình sự,
3400,,,136,tố tụng hình sự,
3400,g,1,48,hình sự,
3400,p,1,46,hình sự,
3400,2,,46,hình sự,
3400,c,1,249,hình sự,
3401,,,30,luật khác,Luật Thi hành án dân sự
3401,,,9,luật khác,Luật Thi hành án dân sự
3401,7b,,7,luật khác,Luật Thi hành án dân sự
3401,7a,,7,luật khác,Luật Thi hành án dân sự
3401,,,7,luật khác,Luật Thi hành án dân sự
3401,,,6,luật khác,Luật Thi hành án dân sự
3401,,,2,luật khác,Luật Thi hành án dân sự
3401,,,136,tố tụng hình sự,
3401,,,106,tố tụng hình sự,
3401,,,7,hình sự,
3401,p,1,46,hình sự,
3401,g,1,249,hình sự,
3402,,,329,tố tụng hình sự,
3402,,,136,tố tụng hình sự,
3402,,,106,tố tụng hình sự,
3402,,,38,hình sự,
3402,,,47,hình sự,
3402,,2,51,hình sự,
3402,s,1,51,hình sự,
3402,c,1,249,hình sự,
3403,,,30,thi hành án hình sự,
3403,,,9,thi hành án hình sự,
3403,,,7a,thi hành án hình sự,
3403,,,7,thi hành án hình sự,
3403,,,6,thi hành án hình sự,
3403,,,2,thi hành án hình sự,
3403,,,331,tố tụng hình sự,
3403,,,333,tố tụng hình sự,
3403,,,136,tố tụng hình sự,
3403,,,106,tố tụng hình sự,
3403,,,47,hình sự,
3403,s,1,51,hình sự,
3403,c,1,249,hình sự,
3404,,,329,tố tụng hình sự,
3404,,,136,tố tụng hình sự,
3404,,,47,hình sự,
3404,,,106,tố tụng hình sự,
3404,,,38,hình sự,
3404,h,1,52,hình sự,
3404,s,1,51,hình sự,
3404,c,1,249,hình sự,
3405,,,136,tố tụng hình sự,
3405,,,47,hình sự,
3405,,,106,tố tụng hình sự,
3405,,,38,hình sự,
3405,c,1,249,hình sự,
3405,s,1,51,hình sự,
3406,,,329,tố tụng hình sự,
3406,,,106,tố tụng hình sự,
3406,,,136,tố tụng hình sự,
3406,,,56,hình sự,
3406,,,47,hình sự,
3406,,5,65,hình sự,
3406,,,38,hình sự,
3406,h,1,52,hình sự,
3406,s,1,51,hình sự,
3406,c,1,249,hình sự,
3407,,,136,tố tụng hình sự,
3407,,,329,tố tụng hình sự,
3407,,,106,tố tụng hình sự,
3407,,,38,hình sự,
3407,,,47,hình sự,
3407,s,1,51,hình sự,
3407,c,1,249,hình sự,
3408,,,329,tố tụng hình sự,
3408,,,136,tố tụng hình sự,
3408,,,106,tố tụng hình sự,
3408,,,38,hình sự,
3408,,,47,hình sự,
3408,h,1,52,hình sự,
3408,s,1,51,hình sự,
3408,c,1,249,hình sự,
3409,,2,136,tố tụng hình sự,
3409,a,2,106,tố tụng hình sự,
3409,c,2,106,tố tụng hình sự,
3409,c,1,47,hình sự,
3409,,1,51,hình sự,
3409,a,1,47,hình sự,
3409,o,2,249,hình sự,
3409,g,,249,hình sự,
3410,,,,luật khác,Luật Phí và Lệ phí số 97/2015/QH 13 ngày 25/11/2015 của Quốc hội
3410,,,30,thi hành án hình sự,
3410,,,7,thi hành án hình sự,
3410,,,9,thi hành án hình sự,
3410,,,6,thi hành án hình sự,
3410,,,2,thi hành án hình sự,
3410,,,333,tố tụng hình sự,
3410,,,136,tố tụng hình sự,
3410,,,331,tố tụng hình sự,
3410,,,106,tố tụng hình sự,
3410,,,135,tố tụng hình sự,
3410,,,47,hình sự,
3410,,,50,hình sự,
3410,,,38,hình sự,
3410,s,1,51,hình sự,
3410,c,1,249,hình sự,
3411,,,136,tố tụng hình sự,
3411,a,2,106,tố tụng hình sự,
3411,,1,47,hình sự,
3411,,,47,hình sự,
3411,,,106,tố tụng hình sự,
3411,,2,51,hình sự,
3411,,,38,hình sự,
3411,s,1,51,hình sự,
3411,g,2,249,hình sự,
3412,,,54,hình sự,
3412,r,1,51,hình sự,
3412,2,,51,hình sự,
3412,s,1,51,hình sự,
3412,1,,249,hình sự,
3412,,,357,tố tụng hình sự,
3412,b,1,355,tố tụng hình sự,Số hiệu bản án sơ thẩm: 71/2018/HS-ST
3413,,,136,tố tụng hình sự,
3413,,,12,hình sự,
3413,a,2,106,tố tụng hình sự,
3413,a,1,47,hình sự,
3413,,,38,hình sự,
3413,s,1,51,hình sự,
3413,c,1,249,hình sự,
3414,,,136,tố tụng hình sự,
3414,a,2,106,tố tụng hình sự,
3414,a,1,47,hình sự,
3414,s,1,51,hình sự,
3414,,,38,hình sự,
3414,c,1,249,hình sự,
3415,,,136,tố tụng hình sự,
3415,,,106,tố tụng hình sự,
3415,,,47,hình sự,
3415,,1,38,hình sự,
3415,s,1,51,hình sự,
3415,c,1,249,hình sự,
3416,2,,136,tố tụng hình sự,
3416,2,,135,tố tụng hình sự,
3416,a,2,106,tố tụng hình sự,
3416,c,1,47,hình sự,
3416,s,1,51,hình sự,
3416,c,1,249,hình sự,
3417,,2,136,tố tụng hình sự,
3417,,2,135,tố tụng hình sự,
3417,c,2,106,tố tụng hình sự,
3417,a,2,106,tố tụng hình sự,
3417,c,1,47,hình sự,
3417,s,1,51,hình sự,
3417,h,1,52,hình sự,
3417,c,1,249,hình sự,
3418,,,30,thi hành án hình sự,
3418,,,9,thi hành án hình sự,
3418,,,7,thi hành án hình sự,
3418,,,2,thi hành án hình sự,
3418,,,333,tố tụng hình sự,
3418,,,331,tố tụng hình sự,
3418,,,58,hình sự,
3418,,,136,tố tụng hình sự,
3418,3,,106,tố tụng hình sự,
3418,3,,106,tố tụng hình sự,
3418,c,2,106,tố tụng hình sự,
3418,a,2,106,tố tụng hình sự,
3418,,,38,hình sự,
3418,,,17,hình sự,
3418,s,1,51,hình sự,
3418,c,1,249,hình sự,
3419,a,3,106,tố tụng hình sự,
3419,,2,136,tố tụng hình sự,
3419,c,2,106,tố tụng hình sự,
3419,a,2,106,tố tụng hình sự,
3419,a,1,47,hình sự,
3419,s,1,51,hình sự,
3419,c,1,249,hình sự,
3420,,2,136,tố tụng hình sự,
3420,c,2,106,tố tụng hình sự,
3420,a,2,106,tố tụng hình sự,
3420,a,1,47,hình sự,
3420,s,1,51,hình sự,
3420,c,1,249,hình sự,
3421,,,333,tố tụng hình sự,
3421,,,331,tố tụng hình sự,
3421,2,136,,tố tụng hình sự,
3421,2,135,,tố tụng hình sự,
3421,,5,249,hình sự,
3421,,,106,tố tụng hình sự,
3421,,,47,hình sự,
3421,,,38,hình sự,
3421,s,1,51,hình sự,
3421,c,1,249,hình sự,
3422,,2,136,tố tụng hình sự,
3422,a,2,106,tố tụng hình sự,
3422,c,2,106,tố tụng hình sự,
3422,s,1,51,hình sự,
3422,,1,47,hình sự,
3422,c,1,249,hình sự,
3423,1,,106,tố tụng hình sự,
3423,2,,136,tố tụng hình sự,
3423,1,,47,hình sự,
3423,s,1,51,hình sự,
3423,c,1,249,hình sự,
3423,c,1,249,hình sự,
3423,1,,106,tố tụng hình sự,
3423,1,,47,hình sự,
3423,,,58,hình sự,
3423,2,,51,hình sự,
3423,s,1,51,hình sự,
3423,c,1,249,hình sự,
3423,s,1,51,hình sự,
3423,c,1,249,hình sự,
3424,,,136,tố tụng hình sự,
3424,a,2,106,tố tụng hình sự,
3424,c,2,106,tố tụng hình sự,
3424,a,1,47,hình sự,
3424,a,2,106,tố tụng hình sự,
3424,c,1,47,hình sự,
3424,a,1,47,hình sự,
3424,s,1,51,hình sự,
3424,,,38,hình sự,
3424,g,2,249,hình sự,
3425,2,,136,tố tụng hình sự,
3425,1,,52,hình sự,
3425,a,2,106,tố tụng hình sự,
3425,a,3,106,tố tụng hình sự,
3425,1,,47,hình sự,
3425,s,1,51,hình sự,
3425,c,1,249,hình sự,
3426,2,,136,tố tụng hình sự,
3426,,1,292,tố tụng hình sự,
3426,a,3,106,tố tụng hình sự,
3426,a,2,106,tố tụng hình sự,
3426,c,2,106,tố tụng hình sự,
3426,a,1,47,hình sự,
3426,s,1,51,hình sự,
3426,c,1,249,hình sự,
3427,s,1,51,hình sự,
3427,2,,136,tố tụng hình sự,
3427,1,,52,hình sự,
3427,c,1,249,hình sự,
3427,1,,249,hình sự,
3427,c,2,106,tố tụng hình sự,
3427,a,2,106,tố tụng hình sự,
3427,c,1,47,hình sự,
3427,1,,47,hình sự,
3427,s,1,51,hình sự,
3427,c,1,249,hình sự,
3428,,,136,tố tụng hình sự,
3428,,,329,tố tụng hình sự,
3428,,2,106,tố tụng hình sự,
3428,,,38,hình sự,
3428,,,47,hình sự,
3428,2,,51,hình sự,
3428,c,1,249,hình sự,
3428,s,1,51,hình sự,
3429,,,136,tố tụng hình sự,
3429,,,329,tố tụng hình sự,
3429,,,47,hình sự,
3429,,106,106,tố tụng hình sự,
3429,,,38,hình sự,
3429,c,1,249,hình sự,
3429,s,1,51,hình sự,
3430,,,136,tố tụng hình sự,
3430,c,2,106,tố tụng hình sự,
3430,a,2,106,tố tụng hình sự,
3430,c,1,47,hình sự,
3430,a,1,47,hình sự,
3430,s,1,51,hình sự,
3430,i,1,249,hình sự,
3431,2,,135,tố tụng hình sự,
3431,2,,136,tố tụng hình sự,
3431,a,2,106,tố tụng hình sự,
3431,c,1,47,hình sự,
3431,,,58,hình sự,
3431,,1,17,hình sự,
3431,c,1,249,hình sự,
3431,s,1,51,hình sự,
3432,2,,136,tố tụng hình sự,
3432,2,,135,tố tụng hình sự,
3432,c,1,47,hình sự,
3432,a,2,106,tố tụng hình sự,
3432,a,2,106,tố tụng hình sự,
3432,c,1,47,hình sự,
3432,s,1,51,hình sự,
3432,c,1,249,hình sự,
3433,a,2,106,tố tụng hình sự,
3433,,,136,tố tụng hình sự,
3433,c,1,47,hình sự,
3433,,,38,hình sự,
3433,,1,51,hình sự,
3433,c,1,249,hình sự,
3434,,2,136,tố tụng hình sự,
3434,a,2,106,tố tụng hình sự,
3434,a,1,47,hình sự,
3434,1,,249,hình sự,
3434,s,1,51,hình sự,
3434,c,1,249,hình sự,
3435,2,,135,tố tụng hình sự,
3435,2,,136,tố tụng hình sự,
3435,s,1,51,hình sự,
3435,a,3,106,tố tụng hình sự,
3435,c,1,249,hình sự,
3435,c,1,249,hình sự,
3435,a,2,106,tố tụng hình sự,
3435,c,1,47,hình sự,
3435,a,3,106,tố tụng hình sự,
3435,a,2,106,tố tụng hình sự,
3435,c,1,249,hình sự,
3435,c,1,47,hình sự,
3435,s,1,51,hình sự,
3435,c,1,249,hình sự,
3436,,,333,tố tụng hình sự,
3436,,,331,tố tụng hình sự,
3436,,,136,tố tụng hình sự,
3436,,1,135,tố tụng hình sự,
3436,,1,106,tố tụng hình sự,
3436,,,47,hình sự,
3436,s,1,51,hình sự,
3436,,,38,hình sự,
3436,c,1,249,hình sự,
3437,,,106,tố tụng hình sự,
3437,1,,136,tố tụng hình sự,
3437,,,47,hình sự,
3437,,2,51,hình sự,
3437,,,38,hình sự,
3437,s,1,51,hình sự,
3437,c,1,249,hình sự,
3438,2,,136,tố tụng hình sự,
3438,,,47,hình sự,
3438,,,106,tố tụng hình sự,
3438,,,38,hình sự,
3438,h,1,52,hình sự,
3438,s,1,51,hình sự,
3438,c,1,249,hình sự,
3439,,,334,tố tụng hình sự,
3439,,,331,tố tụng hình sự,
3439,,,136,tố tụng hình sự,
3439,,,106,tố tụng hình sự,
3439,,,38,hình sự,
3439,,,47,hình sự,
3439,s,1,51,hình sự,
3439,a,1,249,hình sự,
3440,,,106,tố tụng hình sự,
3440,,,47,hình sự,
3440,,,46,hình sự,
3440,,2,51,hình sự,
3440,s,1,51,hình sự,
3440,c,1,249,hình sự,
3441,,2,135,tố tụng hình sự,
3441,,2,136,tố tụng hình sự,
3441,a,2,106,tố tụng hình sự,
3441,c,1,47,hình sự,
3441,s,1,51,hình sự,
3441,c,1,249,hình sự,
3442,,2,136,tố tụng hình sự,
3442,,,106,tố tụng hình sự,
3442,,,47,hình sự,
3442,s,1,51,hình sự,
3442,,3,7,hình sự,
3442,c,1,249,hình sự,
3443,,2,136,tố tụng hình sự,
3443,,2,135,tố tụng hình sự,
3443,2,,106,tố tụng hình sự,
3443,s,1,51,hình sự,
3443,c,1,249,hình sự,
3444,,,334,tố tụng hình sự,
3444,,,331,tố tụng hình sự,
3444,,,136,tố tụng hình sự,
3444,,,47,hình sự,
3444,,,106,tố tụng hình sự,
3444,,,38,hình sự,
3444,s,2,51,hình sự,
3444,s,1,51,hình sự,
3444,c,1,249,hình sự,
3445,2,,136,tố tụng hình sự,
3445,2,,135,tố tụng hình sự,
3445,,,356,tố tụng hình sự,
3445,a,1,355,tố tụng hình sự,Số hiệu bản án sơ thẩm: 152/2018/HS-ST
3445,c,1,249,hình sự,
3446,2,,136,tố tụng hình sự,
3446,,,106,tố tụng hình sự,
3446,,,47,hình sự,
3446,,,38,hình sự,
3446,s,1,51,hình sự,
3446,c,1,249,hình sự,
3447,,2,136,tố tụng hình sự,
3447,,,106,tố tụng hình sự,
3447,,,47,hình sự,
3447,,1,51,hình sự,
3447,c,1,249,hình sự,
3447,,1,249,hình sự,
3447,s,1,51,hình sự,
3447,,1,7,hình sự,
3447,,1,7,hình sự,
3447,c,1,249,hình sự,
3448,2,,136,tố tụng hình sự,
3448,,,106,tố tụng hình sự,
3448,,,47,hình sự,
3448,,,38,hình sự,
3448,1,,249,hình sự,
3448,1,,51,hình sự,
3448,,,52,hình sự,
3448,1,,249,hình sự,
3448,,,106,tố tụng hình sự,
3448,,,47,hình sự,
3448,,,38,hình sự,
3448,c,1,249,hình sự,
3448,s,1,51,hình sự,
3449,,2,136,tố tụng hình sự,
3449,,,106,tố tụng hình sự,
3449,,,47,hình sự,
3449,,1,7,hình sự,
3449,,2,51,hình sự,
3449,s,1,51,hình sự,
3449,c,1,249,hình sự,
3449,,3,7,hình sự,
3450,,5,249,hình sự,
3450,b,3,106,tố tụng hình sự,
3450,s,1,51,hình sự,
3450,c,1,249,hình sự,
6130,,,7,thi hành án hình sự ,
6130,,,6,thi hành án hình sự ,
6130,,,2,thi hành án hình sự ,
6130,,5,249,hình sự ,
6130,a,2,106,hình sự ,
6130,c,1,47,hs,
6130,s,1,51,hình sự ,
6130,,2,136,tố tụng hình sự ,
6130,c,1,249,hình sự ,
6131,,,106,tố tụng hình sự ,
6131,,,136,tố tụng hình sự ,
6131,,,47,hình sự ,
6131,s,2,51,hình sự ,
6131,s,1,51,hình sự ,
6131,c,1,249,hình sự ,
6132,c,2,106,tố tụng hình sự ,
6132,a,2,106,tố tụng hình sự ,
6132,a,3,106,tố tụng hình sự ,
6132,c,1,47,hình sự ,
6132,s,1,51,hình sự ,
6132,c,1,249,hình sự ,
6132,a,1,47,hình sự ,
6133,c,1,47,hình sự ,
6133,,,136,tố tụng hình sự ,
6133,,3,106,tố tụng hình sự ,
6133,a,2,106,tố tụng hình sự ,
6133,c,2,106,tố tụng hình sự ,
6133,c,1,47,hình sự ,
6133,s,1,51,hình sự ,
6133,c,1,249,hình sự ,
6134,,3,106,tố tụng hình sự ,
6134,a,2,106,tố tụng hình sự ,
6134,c,2,106,tố tụng hình sự ,
6134,c,1,47,hình sự ,
6134,s,1,51,hình sự ,
6134,c,1,249,hình sự ,
6135,d,2,249,hình sự ,
6135,,3,106,tố tụng hình sự ,
6135,,2,106,tố tụng hình sự ,
6135,n,1,51,hình sự ,
6135,,,58,hình sự ,
6135,c,1,249,hình sự ,
6135,s,1,51,hình sự ,
6136,c,1,249,hình sự ,
6136,s,1,51,hình sự ,
6136,,2,106,tố tụng hình sự ,
6136,,3,106,tố tụng hình sự ,
6137,,2,136,tố tụng hình sự ,
6137,c,1,47,hình sự ,
6137,,2,106,tố tụng hình sự ,
6137,,2,51,hình sự ,
6137,c,1,249,hình sự ,
6137,s,1,51,hình sự ,
6138,,2,106,tố tụng hình sự ,
6138,c,1,249,hình sự ,
6138,s,1,51,hình sự ,
6138,c,1,47,hình sự ,
6138,,2,136,tố tụng hình sự ,
6139,c,1,249,hình sự ,
6139,a,2,106,tố tụng hình sự ,
6139,c,2,106,tố tụng hình sự ,
6139,s,1,51,hình sự ,
6139,,1,249,hình sự,
6140,a,2,106,tố tụng hình sự ,
6140,c,2,106,tố tụng hình sự ,
6140,c,1,47,hình sự ,
6140,,2,136,tố tụng hình sự ,
6140,,2,135,tố tụng hình sự ,
6140,c,1,249,hình sự ,
6140,s,1,51,hình sự ,
6141,,2,136,tố tụng hình sự ,
6141,c,1,47,hình sự ,
6141,a,2,106,tố tụng hình sự ,
6141,,,50,hình sự ,
6141,,,38,hình sự ,
6141,c,1,249,hình sự ,
6141,s,1,51,hình sự ,
6142,,,106,tố tụng hình sự ,
6142,,,331,tố tụng hình sự ,
6142,,,337,tố tụng hình sự,
6142,,5,249,hình sự ,
6142,c,1,249,hình sự ,
6142,s,1,51,hình sự ,
6143,,,333,tố tụng hình sự ,
6143,,,136,tố tụng hình sự ,
6143,,,106,tố tụng hình sự ,
6143,,,331,tố tụng hình sự ,
6143,,,337,tố tụng hình sự,
6143,s,2,51,hình sự ,
6143,c,1,249,hình sự ,
6143,s,1,51,hình sự ,
6144,s,1,51,hình sự ,
6144,c,1,249,hình sự ,
6144,h,1,52,hình sự ,
6144,,,38,hình sự ,
6144,,5,249,hình sự ,
6144,,2,136,tố tụng hình sự ,
6144,,1,331,tố tụng hình sự ,
6145,,,38,hình sự ,
6145,h,1,52,hình sự ,
6146,c,1,249,hình sự ,
6146,s,1,51,hình sự ,
6146,v,1,51,hình sự ,
6146,,2,52,hình sự ,
6146,a,2,106,tố tụng hình sự ,
6146,a,3,106,tố tụng hình sự ,
6146,,2,136,tố tụng hình sự ,
6146,,,329,tố tụng hình sự ,
6147,c,1,249,hình sự ,
6147,s,1,51,hình sự ,
6147,s,2,51,hình sự ,
6147,,,106,tố tụng hình sự ,
6147,,,136,tố tụng hình sự ,
6148,c,1,249,hình sự ,
6148,a,1,249,hình sự ,
6148,s,1,51,hình sự ,
6148,,,38,hình sự ,
6148,,,135,tố tụng hình sự ,
6148,,,136,tố tụng hình sự ,
6148,,,47,hình sự ,
6149,c,1,249,hình sự ,
6149,s,1,51,hình sự ,
6149,,,38,hình sự ,
6149,,,47,hình sự ,
6149,,,106,tố tụng hình sự ,
6149,,,136,tố tụng hình sự ,
6150,c,1,249,hình sự ,
6150,,1,138,hình sự ,
6150,,1,194,hình sự ,
6150,,1,48,hình sự ,
6150,s,1,51,hình sự ,
6150,s,2,51,hình sự ,
6150,,,76,tố tụng hình sự ,
6150,,2,136,tố tụng hình sự ,
6150,,,55,hình sự ,
6150,,,106,tố tụng hình sự ,
6150,g,1,48,hình sự ,
6150,p,1,46,hình sự ,
6151,b,3,249,hình sự ,
6151,s,1,51,hình sự ,
6151,t,1,51,hình sự ,
6151,,2,51,hình sự ,
6151,,,106,tố tụng hình sự,
6151,,2,136,tố tụng hình sự,
6151,,,55,hình sự ,
6151,,,56,hình sự ,
6151,,5,65,hình sự ,
6152,c,1,249,hình sự ,
6152,,5,249,hình sự ,
6152,h,1,51,hình sự ,
6152,s,1,51,hình sự ,
6152,,2,51,hình sự ,
6152,,1,53,hình sự ,
6152,,1,52,hình sự ,
6152,a,2,106,tố tụng hình sự ,
6152,,2,136,tố tụng hình sự ,
6153,,,,,
6153,,,38,hình sự ,
6153,,,106,tố tụng hình sự,
6153,c,1,249,hình sự ,
6153,s,1,51,hình sự ,
6153,,,47,hình sự ,
6154,,2,106,tố tụng hình sự,
6154,s,1,51,hình sự ,
6154,g,2,249,hình sự ,
6154,,1,47,hình sự ,
6154,,2,135,tố tụng hình sự,
6154,,2,136,tố tụng hình sự,
6155,c,1,249,hình sự ,
6155,h,1,52,hình sự ,
6155,s,1,51,hình sự ,
6155,,,38,hình sự ,
6155,,,47,hình sự ,
6155,,,106,hình sự ,
6156,c,1,249,hình sự ,
6156,s,1,51,hình sự ,
6156,s,2,51,hình sự ,
6156,,,106,tố tụng hình sự,
6156,,,136,tố tụng hình sự,
6157,c,1,249,hình sự ,
6157,s,1,51,hình sự ,
6157,s,2,51,hình sự ,
6157,h,1,52,hình sự ,
6157,,,38,hình sự ,
6157,,,50,hình sự ,
6157,,2,135,tố tụng hình sự,
6157,,2,136,tố tụng hình sự,
6158,c,1,249,hình sự ,
6158,s,1,51,hình sự ,
6158,c,1,47,hình sự ,
6158,a,2,106,tố tụng hình sự ,
6159,c,1,249,hình sự ,
6159,s,1,51,hình sự ,
6159,,,38,hình sự ,
6159,,,50,hình sự ,
6159,,,47,hình sự ,
6159,,,106,hình sự ,
6159,,2,135,tố tụng hình sự,
6159,,2,136,tố tụng hình sự,
6160,c,1,249,hình sự ,
6160,s,1,51,hình sự ,
6160,,,47,hình sự ,
6160,,2,51,hình sự ,
6160,,,106,tố tụng hình sự,
6160,,2,135,tố tụng hình sự,
6160,,2,136,tố tụng hình sự,
6161,p,1,46,hình sự ,
6161,,3,7,hình sự ,
6161,o,2,249,hình sự ,
6161,,,47,hình sự ,
6161,,2,106,tố tụng hình sự ,
6161,s,1,51,hình sự ,
6161,,2,135,tố tụng hình sự ,
6161,,,136,tố tụng hình sự ,
6161,p,2,194,hình sự ,
6162,c,1,249,hình sự ,
6162,s,1,51,hình sự ,
6162,a,1,47,hình sự ,
6162,a,2,106,tố tụng hình sự ,
6162,c,2,106,tố tụng hình sự ,
6163,c,1,249,hình sự ,
6163,s,1,51,hình sự ,
6163,a,2,106,tố tụng hình sự ,
6163,c,2,106,tố tụng hình sự ,
6163,a,1,47,hình sự ,
6164,c,1,249,hình sự ,
6164,s,1,51,hình sự ,
6164,,,38,hình sự ,
6164,c,1,47,hình sự ,
6164,,1,106,tố tụng hình sự ,
6164,a,2,106,tố tụng hình sự ,
6164,,3,106,tố tụng hình sự ,
6164,,,136,tố tụng hình sự ,
6165,c,1,249,hình sự ,
6165,s,1,51,hình sự ,
6165,,,38,hình sự ,
6165,,,106,tố tụng hình sự ,
6165,,,47,hình sự ,
6165,,,135,tố tụng hình sự ,
6165,,,136,tố tụng hình sự ,
6165,,,331,tố tụng hình sự ,
6165,,,337,tố tụng hình sự ,
6166,,,333,tố tụng hình sự ,
6166,,,38,hình sự ,
6166,,,47,hình sự ,
6166,,,106,tố tụng hình sự,
6166,,2,290,tố tụng hình sự ,
6166,s,1,51,hình sự ,
6166,,2,51,hình sự ,
6166,,,331,tố tụng hình sự ,
6166,,,332,tố tụng hình sự ,
6166,c,1,249,hình sự ,
6166,s,1,51,hình sự ,
6166,,2,51,hình sự ,
6167,c,1,249,hình sự ,
6167,s,1,51,hình sự ,
6167,,,38,hình sự ,
6167,,,47,hình sự ,
6167,,,106,tố tụng hình sự,
6167,,5,249,hình sự ,
6167,,,331,tố tụng hình sự ,
6167,,,332,tố tụng hình sự ,
6167,,,333,tố tụng hình sự ,
6168,c,1,249,hình sự ,
6168,s,1,51,hình sự ,
6168,,,38,hình sự ,
6168,c,1,47,hình sự ,
6168,a,2,106,tố tụng hình sự,
6168,,2,136,tố tụng hình sự,
6168,,,329,tố tụng hình sự,
6168,,,331,tố tụng hình sự,
6168,,,333,tố tụng hình sự,
6169,c,1,249,hình sự ,
6169,s,1,51,hình sự ,
6169,,,38,hình sự ,
6169,,,106,hình sự ,
6169,,,47,hình sự ,
6169,,2,136,tố tụng hình sự ,
6170,a,2,106,tố tụng hình sự,
6170,c,1,249,hình sự ,
6170,s,1,51,hình sự ,
6170,,5,249,hình sự ,
6170,,1,47,hình sự ,
6170,,2,136,tố tụng hình sự,
6171,b,1,249,hình sự ,
6171,s,1,51,hình sự ,
6171,a,2,106,tố tụng hình sự,
6171,,2,136,tố tụng hình sự,
6171,,1,47,hình sự ,
6171,,5,249,hình sự ,
6172,c,1,249,hình sự ,
6172,s,1,51,hình sự ,
6172,,,38,hình sự ,
6172,a,2,106,tố tụng hình sự,
6172,c,2,106,tố tụng hình sự,
6172,c,1,47,hình sự ,
6172,,,136,tố tụng hình sự,
6173,c,1,249,hình sự ,
6173,s,1,51,hình sự ,
6173,,,47,hình sự ,
6174,c,1,249,hình sự ,
6174,s,1,51,hình sự ,
6174,a,1,47,hình sự ,
6174,c,1,47,hình sự ,
6174,a,2,106,tố tụng hình sự,
6174,,,106,tố tụng hình sự,
6175,g,2,249,hình sự ,
6175,s,1,51,hình sự ,
6175,,,54,hình sự ,
6175,,,47,hình sự ,
6176,g,2,249,hình sự ,
6176,s,1,51,hình sự ,
6176,,,54,hình sự ,
6176,,,47,hình sự ,
6177,c,1,249,hình sự ,
6177,s,1,51,hình sự ,
6177,,,38,hình sự ,
6177,c,1,47,hình sự ,
6177,a,2,106,tố tụng hình sự ,
6177,,,136,tố tụng hình sự ,
6177,,,331,tố tụng hình sự ,
6177,,,333,tố tụng hình sự ,
6178,,,38,hình sự ,
6178,,,50,hình sự ,
6178,,2,136,tố tụng hình sự ,
6178,c,1,249,hình sự ,
6178,s,1,51,hình sự ,
6179,c,1,249,hình sự ,
6179,p,1,46,hình sự ,
6179,,2,46,hình sự ,
6179,,,33,hình sự ,
6179,,,45,hình sự ,
6179,,2,136,tố tụng hình sự ,
6180,c,1,249,hình sự ,
6180,s,1,51,hình sự ,
6180,,,38,hình sự ,
6180,,,50,hình sự ,
6180,,2,135,tố tụng hình sự ,
6180,,2,136,tố tụng hình sự ,
6181,c,1,249,hình sự ,
6181,s,1,51,hình sự ,
6181,,5,249,hình sự ,
6181,,,47,tố tụng hình sự ,
6181,,2,106,tố tụng hình sự ,
6181,,,136,tố tụng hình sự ,
6181,,,331,tố tụng hình sự ,
6181,,,333,tố tụng hình sự ,
6182,a,2,106,tố tụng hình sự ,
6182,,1,106,tố tụng hình sự ,
6182,,2,135,tố tụng hình sự ,
6182,,2,136,tố tụng hình sự ,
6182,c,1,249,hình sự ,
6182,s,1,51,hình sự ,
6182,s,2,51,hình sự ,
6182,c,1,191,hình sự ,
6182,,,38,hình sự ,
6182,,,50,hình sự ,
6182,,,55,hình sự ,
6183,c,1,249,hình sự ,
6183,s,1,51,hình sự ,
6183,,,38,hình sự ,
6183,a,1,47,hình sự ,
6183,c,1,47,hình sự ,
6183,,,106,tố tụng hình sự ,
6183,,,136,tố tụng hình sự ,
6184,c,1,47,hình sự ,
6184,c,1,249,hình sự ,
6184,s,1,51,hình sự ,
6184,,,38,hình sự ,
6184,a,2,106,tố tụng hình sự ,
6184,,2,47,hình sự ,
6184,b,3,106,tố tụng hình sự ,
6184,,,333,tố tụng hình sự ,
6184,,,331,tố tụng hình sự ,
6185,,,106,tố tụng hình sự ,
6185,s,1,51,hình sự ,
6185,,1,101,hình sự ,
6185,,,47,hình sự ,
6185,,,106,tố tụng hình sự ,
6185,c,1,249,hình sự ,
6185,s,1,51,hình sự ,
6185,,1,101,hình sự ,
6186,,,47,hình sự ,
6186,,,106,tố tụng hình sự ,
6186,c,1,249,hình sự ,
6186,s,1,51,hình sự ,
6186,,2,136,tố tụng hình sự ,
6186,s,1,51,hình sự ,
6186,,,329,tố tụng hình sự ,
6187,c,1,249,hình sự ,
6187,s,1,51,hình sự ,
6187,,,47,hình sự ,
6187,,,106,tố tụng hình sự ,
6187,,2,136,tố tụng hình sự ,
6187,,,329,tố tụng hình sự ,
6188,c,1,249,hình sự ,
6188,s,1,51,hình sự ,
6188,,,38,hình sự ,
6188,s,1,51,hình sự ,
6188,,,106,tố tụng hình sự ,
6188,,,136,tố tụng hình sự ,
6188,,,329,tố tụng hình sự ,
6188,,,331,tố tụng hình sự ,
6188,,,333,tố tụng hình sự ,
6188,,,329,tố tụng hình sự ,
6189,,,331,tố tụng hình sự ,
6189,,,333,tố tụng hình sự ,
6189,c,1,249,hình sự ,
6189,s,1,51,hình sự ,
6189,,2,51,hình sự ,
6189,h,1,52,hình sự ,
6189,,,38,hình sự ,
6189,,,47,hình sự ,
6189,,,106,tố tụng hình sự ,
6190,i,1,249,hình sự ,
6190,s,1,51,hình sự ,
6190,c,1,47,hình sự ,
6190,a,2,106,tố tụng hình sự ,
6190,,2,136,tố tụng hình sự ,
6190,s,1,51,hình sự ,
6191,c,1,47,hình sự ,
6191,a,2,106,tố tụng hình sự ,
6191,c,1,249,hình sự ,
6191,s,1,51,hình sự ,
6191,,,38,hình sự ,
6191,,,136,tố tụng hình sự ,
6192,c,1,249,hình sự ,
6192,s,1,51,hình sự ,
6192,a,2,106,tố tụng hình sự ,
6192,,2,136,tố tụng hình sự ,
6192,c,1,47,hình sự ,
6193,c,1,47,hình sự ,
6193,a,2,106,tố tụng hình sự ,
6193,c,1,249,hình sự ,
6193,s,1,51,hình sự ,
6194,c,1,47,hình sự ,
6194,a,2,106,tố tụng hình sự ,
6194,c,1,249,hình sự ,
6194,s,1,51,hình sự ,
6194,,2,136,tố tụng hình sự ,
6195,c,1,47,hình sự ,
6195,a,2,106,tố tụng hình sự ,
6195,c,1,249,hình sự ,
6195,s,1,51,hình sự ,
6196,,,38,hình sự ,
6196,,,50,hình sự ,
6196,,,46,tố tụng hình sự ,
6196,c,1,47,hình sự ,
6196,a,2,106,tố tụng hình sự ,
6196,c,1,249,hình sự ,
6196,s,1,51,hình sự ,
6197,,1,249,hình sự ,
6197,s,1,51,hình sự ,
6197,,,17,hình sự ,
6197,h,1,52,hình sự ,
6197,,,58,hình sự ,
6197,,2,106,tố tụng hình sự ,
6197,,2,136,tố tụng hình sự ,
6198,c,1,249,hình sự ,
6198,s,1,51,hình sự ,
6198,a,1,249,hình sự ,
6198,,2,51,hình sự ,
6198,,,106,tố tụng hình sự ,
6198,,,136,tố tụng hình sự ,
6198,,,47,hình sự ,
6199,s,1,51,hình sự ,
6199,a,1,249,hình sự ,
6199,,,38,,
6199,,,50,,
6199,,,106,tố tụng hình sự ,
6199,,,47,hình sự ,
6200,a,1,47,hình sự ,
6200,c,1,47,hình sự ,
6200,,2,106,tố tụng hình sự ,
6200,,3,106,tố tụng hình sự ,
6200,o,1,52,hình sự ,
6200,s,1,51,hình sự ,
6200,a,1,249,hình sự ,
6200,,,58,hình sự ,
6200,o,1,52,hình sự ,
6200,,,91,hình sự ,
6200,,1,101,hình sự ,
6201,c,1,47,hình sự ,
6201,a,2,106,tố tụng hình sự ,
6201,,2,136,tố tụng hình sự ,
6201,s,1,51,hình sự ,
6201,a,1,249,hình sự ,
6201,r,1,51,hình sự ,
6202,s,1,51,hình sự ,
6202,i,1,249,hình sự ,
6202,c,1,47,hình sự ,
6202,a,2,106,tố tụng hình sự ,
6202,,2,136,tố tụng hình sự ,
6202,,3,7,hình sự ,
6203,s,1,51,hình sự ,
6203,c,1,249,hình sự ,
6203,r,1,51,hình sự ,
6203,,2,51,hình sự ,
6203,,,54,hình sự ,
6203,c,1,47,hình sự ,
6203,a,2,106,tố tụng hình sự ,
6203,,2,136,tố tụng hình sự ,
6204,s,1,51,hình sự ,
6204,c,1,249,hình sự ,
6204,,,50,hình sự ,
6204,,,38,hình sự ,
6204,,,47,hình sự ,
6204,,,106,tố tụng hình sự ,
6204,,,52,hình sự ,
6204,,,331,tố tụng hình sự ,
6204,,,333,tố tụng hình sự ,
6204,,,136,tố tụng hình sự ,
6205,,2,136,tố tụng hình sự ,
6205,c,1,249,hình sự ,
6205,c,2,106,tố tụng hình sự ,
6206,c,1,249,hình sự ,
6206,c,2,106,tố tụng hình sự ,
6206,,2,136,tố tụng hình sự ,
6207,s,1,51,hình sự ,
6207,c,1,249,hình sự ,
6207,,,38,hình sự ,
6207,,,47,hình sự ,
6207,,,106,tố tụng hình sự ,
6207,,,136,tố tụng hình sự ,
6207,,,331,tố tụng hình sự ,
6207,,,333,tố tụng hình sự ,
6207,,,38,hình sự ,
6208,s,1,51,hình sự ,
6208,c,1,249,hình sự ,
6208,,,47,hình sự ,
6208,,,106,tố tụng hình sự ,
6208,,,136,tố tụng hình sự ,
6208,,,331,tố tụng hình sự ,
6208,,,333,tố tụng hình sự ,
6209,s,1,51,hình sự ,
6209,c,1,249,hình sự ,
6209,,,47,hình sự ,
6209,,,106,tố tụng hình sự ,
6209,,,136,tố tụng hình sự ,
6209,,,331,tố tụng hình sự ,
6209,,,333,tố tụng hình sự ,
6209,,,38,hình sự ,
6210,,,333,tố tụng hình sự ,
6210,,2,290,tố tụng hình sự ,
6210,s,1,51,hình sự ,
6210,c,1,249,hình sự ,
6210,,,47,hình sự ,
6210,,,38,hình sự ,
6210,,2,51,hình sự ,
6210,,,106,tố tụng hình sự ,
6210,,,135,tố tụng hình sự ,
6210,,,331,tố tụng hình sự ,
6210,,,332,tố tụng hình sự ,
6211,s,1,51,hình sự ,
6211,c,1,249,hình sự ,
6211,t,1,51,hình sự ,
6211,,,17,hình sự ,
6211,,,58,hình sự ,
6211,,,38,hình sự ,
6211,c,2,106,tố tụng hình sự ,
6211,c,1,47,hình sự ,
6211,,,135,tố tụng hình sự ,
6211,,,136,tố tụng hình sự ,
6212,s,1,51,hình sự ,
6212,c,1,249,hình sự ,
6212,,,47,hình sự ,
6212,,,38,hình sự ,
6212,,,106,tố tụng hình sự ,
6212,,,135,tố tụng hình sự ,
6212,,,331,tố tụng hình sự ,
6212,,,332,tố tụng hình sự ,
6212,,,333,tố tụng hình sự ,
6213,g,1,249,hình sự ,
6213,h,1,52,hình sự ,
6213,a,1,355,tố tụng hình sự ,
6213,,,356,tố tụng hình sự ,
6213,s,1,51,hình sự ,
6213,c,1,249,hình sự ,
6214,s,1,51,hình sự ,
6214,c,1,249,hình sự ,
6214,,,47,hình sự ,
6214,,,106,tố tụng hình sự ,
6214,,,136,tố tụng hình sự ,
6215,c,1,249,hình sự ,
6215,,2,51,hình sự ,
6215,,,47,hình sự ,
6215,,,106,tố tụng hình sự ,
6215,,,136,tố tụng hình sự ,
6215,s,1,51,hình sự ,
6216,s,1,51,hình sự ,
6216,c,1,249,hình sự ,
6216,,,47,hình sự ,
6216,,,106,tố tụng hình sự ,
6216,,,136,tố tụng hình sự ,
6217,s,1,51,hình sự ,
6217,c,1,249,hình sự ,
6217,,2,51,hình sự ,
6217,,,50,hình sự ,
6217,,,46,hình sự ,
6217,,,47,hình sự ,
6217,,,106,tố tụng hình sự ,
6217,,2,136,tố tụng hình sự ,
6218,s,1,51,hình sự ,
6218,o,1,249,hình sự ,
6218,,2,136,tố tụng hình sự ,
6218,a,2,106,tố tụng hình sự ,
6218,c,2,106,tố tụng hình sự ,
6218,,,38,hình sự ,
6219,,,331,tố tụng hình sự ,
6219,,,333,tố tụng hình sự ,
6219,,,106,tố tụng hình sự ,
6219,,,47,hình sự ,
6219,,2,136,tố tụng hình sự ,
6219,,,329,tố tụng hình sự ,
6219,,,38,hình sự ,
6219,s,1,51,hình sự ,
6219,c,1,249,hình sự ,
6220,s,1,51,hình sự ,
6220,c,1,249,hình sự ,
6220,,,38,hình sự ,
6220,,,47,hình sự ,
6220,,,106,tố tụng hình sự ,
6220,,,329,tố tụng hình sự ,
6220,,2,136,tố tụng hình sự ,
6220,,,331,tố tụng hình sự ,
6220,,,333,tố tụng hình sự ,
6221,s,1,51,hình sự ,
6221,c,1,249,hình sự ,
6221,,,38,hình sự ,
6221,c,1,47,hình sự ,
6221,a,2,106,tố tụng hình sự ,
6221,c,2,106,tố tụng hình sự ,
6221,,,136,tố tụng hình sự ,
6221,,,331,tố tụng hình sự ,
6221,,,333,tố tụng hình sự ,
6222,s,1,51,hình sự ,
6222,c,1,249,hình sự ,
6222,,,38,hình sự ,
6222,c,1,47,hình sự ,
6222,a,2,106,tố tụng hình sự ,
6222,c,2,106,tố tụng hình sự ,
6222,,,136,tố tụng hình sự ,
6222,,,331,tố tụng hình sự ,
6222,,,333,tố tụng hình sự ,
6223,s,1,51,hình sự ,
6223,c,1,249,hình sự ,
6223,s,2,51,hình sự ,
6223,,,47,hình sự ,
6223,,1,106,tố tụng hình sự ,
6223,c,2,106,tố tụng hình sự ,
6223,a,2,106,tố tụng hình sự ,
6223,,3,106,tố tụng hình sự ,
6224,,2,135,tố tụng hình sự ,
6224,,,47,hình sự ,
6224,c,1,249,hình sự ,
6224,,2,51,hình sự ,
6224,,2,136,tố tụng hình sự ,
6224,,,106,tố tụng hình sự ,
6224,s,1,51,hình sự ,
6225,,,136,tố tụng hình sự ,
6225,,,331,tố tụng hình sự ,
6225,,,334,tố tụng hình sự ,
6225,,,106,tố tụng hình sự ,
6225,,,38,hình sự ,
6225,,,47,hình sự ,
6225,o,1,249,hình sự ,
6225,s,1,51,hình sự ,
6226,s,1,51,hình sự ,
6226,c,1,249,hình sự ,
6226,s,1,51,hình sự ,
6226,,,38,hình sự ,
6226,,,58,hình sự ,
6226,,1,106,tố tụng hình sự ,
6226,a,2,106,tố tụng hình sự ,
6226,c,1,47,hình sự ,
6226,,2,47,hình sự ,
6226,,,331,tố tụng hình sự ,
6226,,,333,tố tụng hình sự ,
6227,s,1,51,hình sự ,
6227,c,1,249,hình sự ,
6227,,,38,hình sự ,
6227,,,47,hình sự ,
6227,,,106,tố tụng hình sự ,
6227,,,136,tố tụng hình sự ,
6227,,,331,tố tụng hình sự ,
6227,,,334,tố tụng hình sự ,
6228,s,1,51,hình sự ,
6228,c,1,249,hình sự ,
6228,,,38,hình sự ,
6228,,,329,tố tụng hình sự ,
6228,,,47,hình sự ,
6228,,,106,tố tụng hình sự ,
6228,,,136,tố tụng hình sự ,
6229,s,1,51,hình sự ,
6229,a,1,249,hình sự ,
6229,,2,51,hình sự ,
6229,,,106,tố tụng hình sự ,
6229,,,136,tố tụng hình sự ,
6229,,,47,hình sự ,
6230,s,1,51,hình sự ,
6230,c,1,249,hình sự ,
6230,,1,106,tố tụng hình sự ,
6230,a,2,106,tố tụng hình sự ,
6230,,2,135,tố tụng hình sự ,
6230,,2,136,tố tụng hình sự ,
6231,h,3,249,hình sự ,
6231,,3,7,hình sự ,
6231,p,1,46,hình sự ,
6231,g,1,48,hình sự ,
6231,,,135,tố tụng hình sự ,
6231,,,106,tố tụng hình sự ,
6232,s,1,51,hình sự ,
6232,c,1,249,hình sự ,
6232,,,106,tố tụng hình sự ,
6232,,,47,hình sự ,
6232,,,37,hình sự ,
6232,,,136,tố tụng hình sự ,
6232,,,329,tố tụng hình sự ,
6233,s,1,51,hình sự ,
6233,c,1,249,hình sự ,
6233,,2,51,hình sự ,
6233,,,47,hình sự ,
6233,,,38,hình sự ,
6233,,,106,tố tụng hình sự ,
6233,,,136,tố tụng hình sự ,
6233,,,329,tố tụng hình sự ,
6234,s,1,51,hình sự ,
6234,c,1,249,hình sự ,
6234,,,329,tố tụng hình sự ,
6234,,,331,tố tụng hình sự ,
6234,,,333,tố tụng hình sự ,
6234,,,136,tố tụng hình sự ,
6235,s,1,51,hình sự ,
6235,c,1,249,hình sự ,
6235,,,38,hình sự ,
6235,,5,249,tố tụng hình sự ,
6235,,,47,hình sự ,
6235,,,106,tố tụng hình sự ,
6235,,2,135,tố tụng hình sự ,
6235,,2,136,tố tụng hình sự ,
6236,s,1,51,hình sự ,
6236,c,1,249,hình sự ,
6236,,,38,hình sự ,
6236,,,47,hình sự ,
6236,,,106,tố tụng hình sự ,
6236,,,329,tố tụng hình sự ,
6236,,,136,tố tụng hình sự ,
6237,s,1,51,hình sự ,
6237,c,1,249,hình sự ,
6237,r,1,51,hình sự ,
6237,,,47,hình sự ,
6237,,,106,tố tụng hình sự ,
6237,,,136,tố tụng hình sự ,
6238,s,1,51,hình sự ,
6238,c,1,249,hình sự ,
6238,,2,136,tố tụng hình sự ,
6239,s,1,51,hình sự ,
6239,c,1,249,hình sự ,
6239,,,47,hình sự ,
6239,a,2,106,tố tụng hình sự ,
6240,s,1,51,hình sự ,
6240,c,1,249,hình sự ,
6240,,,38,hình sự ,
6240,c,1,47,hình sự ,
6240,a,2,106,tố tụng hình sự ,
6240,,2,136,tố tụng hình sự ,
6241,,,15,tố tụng hình sự ,
6241,,,136,tố tụng hình sự ,
6241,,,331,tố tụng hình sự ,
6241,,,332,tố tụng hình sự ,
6241,,,333,tố tụng hình sự ,
6241,c,1,249,hình sự ,
6241,s,1,51,hình sự ,
6241,h,1,52,hình sự ,
6241,,,38,hình sự ,
6241,,,50,hình sự ,
6241,,5,249,hình sự ,
6241,,,47,hình sự ,
6241,a,2,106,tố tụng hình sự ,
6241,,1,106,tố tụng hình sự ,
6241,c,2,106,tố tụng hình sự ,
6241,b,3,106,tố tụng hình sự ,
6242,s,1,51,hình sự ,
6242,c,1,249,hình sự ,
6242,r,1,51,hình sự ,
6242,,,106,tố tụng hình sự ,
6242,,,136,tố tụng hình sự ,
6243,s,1,51,hình sự ,
6243,c,1,249,hình sự ,
6243,,5,249,hình sự ,
6243,,,38,hình sự ,
6243,,,47,hình sự ,
6243,,,106,tố tụng hình sự ,
6243,,,331,tố tụng hình sự ,
6243,,,333,tố tụng hình sự ,
6243,,,337,tố tụng hình sự ,
6244,s,1,51,hình sự ,
6244,c,1,249,hình sự ,
6244,s,2,51,hình sự ,
6244,,,38,hình sự ,
6244,,,106,tố tụng hình sự ,
6244,,,331,tố tụng hình sự ,
6244,,,333,tố tụng hình sự ,
6244,,2,136,tố tụng hình sự ,
6245,s,1,51,hình sự ,
6245,c,1,249,hình sự ,
6245,s,2,51,hình sự ,
6245,,,38,hình sự ,
6245,a,3,106,tố tụng hình sự ,
6245,,,331,tố tụng hình sự ,
6245,,,333,tố tụng hình sự ,
6245,,2,136,tố tụng hình sự ,
6246,b,2,251,hình sự ,
6246,s,1,51,hình sự ,
6246,,2,51,hình sự ,
6246,,,38,hình sự ,
6246,,,331,tố tụng hình sự ,
6246,,,333,tố tụng hình sự ,
6246,,2,136,tố tụng hình sự ,
6246,,,106,tố tụng hình sự ,
6247,s,1,51,hình sự ,
6247,c,1,249,hình sự ,
6247,h,1,52,hình sự ,
6247,c,1,47,hình sự ,
6247,a,2,106,tố tụng hình sự ,
6247,c,2,106,tố tụng hình sự ,
6247,,,331,tố tụng hình sự ,
6247,,,333,tố tụng hình sự ,
6248,s,1,51,hình sự ,
6248,c,1,249,hình sự ,
6248,h,1,52,hình sự ,
6248,a,2,106,tố tụng hình sự ,
6248,a,3,106,tố tụng hình sự ,
6248,c,1,47,hình sự ,
6248,,2,47,hình sự ,
6249,c,1,249,hình sự ,
6249,s,1,51,hình sự ,
6249,,,106,tố tụng hình sự ,
6249,,,331,tố tụng hình sự ,
6249,,,333,tố tụng hình sự ,
6250,c,1,249,hình sự ,
6250,s,1,51,hình sự ,
6250,t,1,51,hình sự ,
6250,h,1,52,hình sự ,
6250,a,2,106,tố tụng hình sự ,
6250,a,3,106,tố tụng hình sự ,
6251,c,1,249,hình sự ,
6251,s,1,51,hình sự ,
6251,,,38,hình sự ,
6251,a,2,106,tố tụng hình sự ,
6251,,2,136,tố tụng hình sự ,
6252,c,1,249,hình sự ,
6252,s,1,51,hình sự ,
6252,a,1,47,hình sự ,
6252,c,1,47,hình sự ,
6252,a,2,106,tố tụng hình sự ,
6252,c,2,106,tố tụng hình sự ,
6252,,2,136,tố tụng hình sự ,
6253,c,1,249,hình sự ,
6253,s,1,51,hình sự ,
6253,,,38,hình sự ,
6253,,,46,hình sự ,
6253,,,106,tố tụng hình sự ,
6253,,,136,tố tụng hình sự ,
6253,,,329,tố tụng hình sự ,
6253,,,331,tố tụng hình sự ,
6253,,,333,tố tụng hình sự ,
6254,c,1,249,hình sự ,
6254,s,1,51,hình sự ,
6254,,2,51,hình sự ,
6254,,5,249,hình sự ,
6254,,3,35,hình sự ,
6254,c,1,47,hình sự ,
6254,,2,136,tố tụng hình sự ,
6254,,2,106,tố tụng hình sự ,
6255,c,1,249,hình sự ,
6255,s,1,51,hình sự ,
6255,,3,35,hình sự ,
6255,,5,249,hình sự ,
6255,c,1,47,hình sự ,
6255,a,1,47,hình sự ,
6255,c,2,106,tố tụng hình sự ,
6255,a,2,106,tố tụng hình sự ,
6255,,2,136,tố tụng hình sự ,
6256,c,1,249,hình sự ,
6256,s,1,51,hình sự ,
6256,v,1,51,hình sự ,
6256,c,2,106,tố tụng hình sự ,
6256,a,2,106,tố tụng hình sự ,
6256,,3,106,tố tụng hình sự ,
6256,,2,136,tố tụng hình sự ,
6257,c,1,249,hình sự ,
6257,s,1,51,hình sự ,
6257,,,38,hình sự ,
6257,,,47,hình sự ,
6257,,,106,tố tụng hình sự ,
6257,,,136,tố tụng hình sự ,
6258,c,1,249,hình sự ,
6258,s,1,51,hình sự ,
6258,,2,51,hình sự ,
6258,,2,136,tố tụng hình sự ,
6259,g,1,249,hình sự ,
6259,s,1,51,hình sự ,
6259,,,47,hình sự ,
6259,,,106,tố tụng hình sự ,
6260,,3,7,hình sự ,
6260,c,1,249,hình sự ,
6260,s,1,51,hình sự ,
6260,h,1,52,hình sự ,
6260,c,1,47,hình sự ,
6260,,2,106,tố tụng hình sự ,
6260,,,136,tố tụng hình sự ,
6261,,3,7,hình sự ,
6261,c,1,249,hình sự ,
6261,s,1,51,hình sự ,
6261,h,1,52,hình sự ,
6261,,,136,tố tụng hình sự ,
6261,a,2,106,tố tụng hình sự ,
6261,c,2,106,tố tụng hình sự ,
6261,c,1,47,hình sự ,
6262,c,1,249,hình sự ,
6262,s,1,51,hình sự ,
6262,a,2,106,tố tụng hình sự ,
6262,c,2,106,tố tụng hình sự ,
6262,,3,106,tố tụng hình sự ,
6262,,2,136,tố tụng hình sự ,
6263,c,1,249,hình sự ,
6263,s,1,51,hình sự ,
6263,c,1,47,hình sự ,
6263,,2,136,tố tụng hình sự ,
6263,a,2,106,tố tụng hình sự ,
6263,c,2,106,tố tụng hình sự ,
6264,c,1,47,hình sự ,
6264,,2,136,tố tụng hình sự ,
6264,a,2,106,tố tụng hình sự ,
6264,c,2,106,tố tụng hình sự ,
6264,s,1,51,hình sự ,
6264,c,1,249,hình sự ,
6265,c,1,249,hình sự ,
6265,s,1,51,hình sự ,
6265,c,2,106,tố tụng hình sự ,
6265,a,1,47,hình sự ,
6266,,3,7,hình sự ,
6266,c,1,249,hình sự ,
6266,s,1,51,hình sự ,
6266,,2,51,hình sự ,
6266,c,1,47,hình sự ,
6266,,2,47,hình sự ,
6266,a,2,106,tố tụng hình sự ,
6267,c,1,249,hình sự ,
6267,s,1,51,hình sự ,
6267,,,38,hình sự ,
6267,,,58,hình sự ,
6267,,2,51,hình sự ,
6267,c,1,47,hình sự ,
6267,a,2,106,tố tụng hình sự ,
6267,c,2,106,tố tụng hình sự ,
6267,,5,249,tố tụng hình sự ,
6267,,,331,tố tụng hình sự ,
6267,,,333,tố tụng hình sự ,
6268,a,2,106,tố tụng hình sự ,
6268,c,1,249,hình sự ,
6268,,3,7,hình sự ,
6268,,,136,tố tụng hình sự ,
6268,,,331,tố tụng hình sự ,
6268,,,333,tố tụng hình sự ,
6268,s,1,51,hình sự ,
6269,c,1,249,hình sự ,
6269,,,38,hình sự ,
6269,s,1,51,hình sự ,
6269,,,106,tố tụng hình sự ,
6269,,,136,tố tụng hình sự ,
6269,,,329,tố tụng hình sự ,
6270,o,2,249,hình sự ,
6270,a,2,106,tố tụng hình sự ,
6270,c,1,47,hình sự ,
6270,c,2,106,tố tụng hình sự ,
6270,,2,136,tố tụng hình sự ,
6271,o,2,249,hình sự ,
6271,a,2,106,tố tụng hình sự ,
6271,c,2,106,tố tụng hình sự ,
6271,s,1,51,hình sự ,
6271,,3,7,hình sự ,
6271,c,1,47,hình sự ,
6271,,2,136,tố tụng hình sự ,
6272,s,1,51,hình sự ,
6272,c,2,249,hình sự ,
6272,,2,51,hình sự ,
6272,,,47,hình sự ,
6272,,,106,tố tụng hình sự ,
6272,,,136,tố tụng hình sự ,
6272,,,331,tố tụng hình sự ,
6272,,,333,tố tụng hình sự ,
6273,c,1,249,hình sự,
6273,s,1,51,hình sự,
6273,,,38,hình sự,
6273,,,47,hình sự,
6273,,,106,tố tụng hình sự ,
6273,,,135,tố tụng hình sự ,
6273,s,1,51,hình sự ,
6273,c,2,249,hình sự ,
6273,,,38,hình sự ,
6273,,,106,tố tụng hình sự ,
6273,,,136,tố tụng hình sự ,
6273,,,329,tố tụng hình sự ,
6274,,,136,tố tụng hình sự ,
6274,,,331,tố tụng hình sự ,
6274,,,333,tố tụng hình sự ,
6274,,,47,hình sự ,
6274,,,106,tố tụng hình sự ,
6274,s,1,51,hình sự ,
6274,c,2,249,hình sự ,
6274,,,38,hình sự ,
6274,,3,7,hình sự ,
6275,s,1,51,hình sự ,
6275,c,2,249,hình sự ,
6275,,1,47,hình sự ,
6275,,2,47,hình sự ,
6275,,,106,tố tụng hình sự ,
6276,s,1,51,hình sự ,
6276,c,2,249,hình sự ,
6276,,,37,hình sự ,
6276,,,47,hình sự ,
6276,,,106,tố tụng hình sự ,
6277,s,1,51,hình sự ,
6277,c,2,249,hình sự ,
6277,,2,51,hình sự ,
6277,a,2,106,tố tụng hình sự ,
6277,,2,136,tố tụng hình sự ,
6278,s,1,51,hình sự ,
6278,c,2,249,hình sự ,
6278,c,1,47,hình sự ,
6278,a,2,106,tố tụng hình sự ,
6278,c,2,106,tố tụng hình sự ,
6278,,,136,tố tụng hình sự ,
6279,,2,136,tố tụng hình sự ,
6279,s,1,51,hình sự ,
6279,c,2,249,hình sự ,
6279,,,47,hình sự ,
6279,,,106,tố tụng hình sự ,
6280,s,1,51,hình sự ,
6280,o,2,249,hình sự ,
6280,,,50,hình sự ,
6280,,,38,hình sự ,
6280,,,47,hình sự ,
6280,,,106,tố tụng hình sự ,
6280,,2,136,tố tụng hình sự ,
6281,s,1,51,hình sự ,
6281,c,2,249,hình sự ,
6281,h,1,52,hình sự ,
6281,,,38,hình sự ,
6281,c,1,47,hình sự ,
6281,a,2,106,tố tụng hình sự ,
6282,s,1,51,hình sự ,
6282,c,2,249,hình sự ,
6282,c,1,47,hình sự ,
6282,a,2,106,tố tụng hình sự ,
6282,,,135,tố tụng hình sự ,
6282,,,136,tố tụng hình sự ,
6282,,,333,tố tụng hình sự ,
6283,,1,173,hình sự ,
6283,s,1,51,hình sự ,
6283,i,1,51,hình sự ,
6283,,,38,hình sự ,
6283,,,48,hình sự ,
6283,,,47,hình sự ,
6283,,,136,tố tụng hình sự ,
6284,c,1,249,tố tụng hình sự ,
6284,s,1,51,hình sự ,
6284,c,1,47,hình sự ,
6284,a,1,47,hình sự ,
6284,a,2,106,tố tụng hình sự ,
6284,c,2,106,tố tụng hình sự ,
6284,,2,136,tố tụng hình sự ,
6285,c,1,249,tố tụng hình sự ,
6285,s,1,51,hình sự ,
6285,,,47,hình sự ,
6285,,,106,tố tụng hình sự ,
6285,,2,136,tố tụng hình sự ,
6285,,,331,tố tụng hình sự ,
6285,,,333,tố tụng hình sự ,
6286,c,1,249,tố tụng hình sự ,
6286,s,1,51,hình sự ,
6286,,,38,hình sự ,
6286,,,331,tố tụng hình sự ,
6286,,,333,tố tụng hình sự ,
6287,c,1,249,hình sự ,
6287,s,1,51,hình sự ,
6287,,,47,hình sự ,
6287,,,106,tố tụng hình sự ,
6287,,,331,tố tụng hình sự ,
6287,,,333,tố tụng hình sự ,
6288,s,1,51,hình sự ,
6288,c,1,249,hình sự ,
6288,,,17,hình sự ,
6288,,,58,hình sự ,
6288,c,1,47,hình sự ,
6288,a,2,106,tố tụng hình sự ,
6288,,,135,tố tụng hình sự ,
6288,,2,136,tố tụng hình sự ,
6289,c,1,249,hình sự ,
6289,s,1,51,hình sự ,
6289,,,38,hình sự ,
6289,,,47,hình sự ,
6289,,,106,tố tụng hình sự ,
6289,,,135,tố tụng hình sự ,
6289,,,136,tố tụng hình sự ,
6289,,,331,tố tụng hình sự ,
6289,,,333,tố tụng hình sự ,
6290,c,1,249,hình sự ,
6290,s,1,51,hình sự ,
6290,c,1,47,hình sự ,
6290,h,1,52,hình sự ,
6290,,2,47,hình sự ,
6290,,2,106,tố tụng hình sự ,
6290,,2,136,tố tụng hình sự ,
6291,s,1,51,hình sự ,
6291,c,1,249,hình sự ,
6291,,2,51,hình sự ,
6291,,,136,tố tụng hình sự ,
6291,a,2,106,tố tụng hình sự ,
6292,c,1,249,hình sự ,
6292,s,1,51,hình sự ,
6292,,3,7,hình sự ,
6292,,,106,tố tụng hình sự ,
6292,,,329,tố tụng hình sự ,
6293,c,1,249,hình sự ,
6293,s,1,51,hình sự ,
6293,,,38,hình sự ,
6293,,5,249,hình sự ,
6293,a,2,106,tố tụng hình sự ,
6294,b,1,249,hình sự ,
6294,s,1,51,hình sự ,
6294,a,1,47,hình sự ,
6294,c,1,47,hình sự ,
6294,a,2,106,tố tụng hình sự ,
6294,,,136,tố tụng hình sự ,
6294,c,2,106,tố tụng hình sự ,
6295,b,1,249,hình sự ,
6295,s,1,51,hình sự ,
6295,,,106,tố tụng hình sự ,
6295,,2,136,tố tụng hình sự ,
6296,c,1,249,hình sự ,
6296,s,1,51,hình sự ,
6296,a,1,47,hình sự ,
6296,,,106,tố tụng hình sự ,
6296,,2,136,tố tụng hình sự ,
6297,,,106,tố tụng hình sự ,
6297,,,136,tố tụng hình sự ,
6297,,,331,tố tụng hình sự ,
6297,,,333,tố tụng hình sự ,
6297,c,1,249,hình sự ,
6297,s,1,51,hình sự ,
6297,,,38,hình sự ,
6298,c,1,249,hình sự ,
6298,s,1,51,hình sự ,
6298,,,38,hình sự ,
6298,,,47,hình sự ,
6298,,,106,tố tụng hình sự ,
6298,,,136,tố tụng hình sự ,
6298,,,331,tố tụng hình sự ,
6298,,,333,tố tụng hình sự ,
6299,c,1,249,hình sự ,
6299,s,1,51,hình sự ,
6299,,5,136,tố tụng hình sự ,
6300,i,2,251,hình sự ,
6300,s,1,51,hình sự ,
6300,c,1,47,hình sự ,
6300,a,2,106,tố tụng hình sự ,
6300,,,136,tố tụng hình sự ,
6301,,,329,tố tụng hình sự ,
6301,s,1,51,hình sự ,
6301,c,1,47,hình sự ,
6301,c,1,249,hình sự ,
6301,,,38,hình sự ,
6301,,,106,tố tụng hình sự ,
6301,,,136,tố tụng hình sự ,
6302,,,48,hình sự ,
6302,,,136,tố tụng hình sự ,
6302,c,1,249,hình sự ,
6302,s,1,51,hình sự ,
6302,,2,51,hình sự ,
6302,,,58,hình sự ,
6302,,,46,hình sự ,
6302,,,47,hình sự ,
6303,c,1,249,hình sự ,
6303,s,1,51,hình sự ,
6303,,,46,hình sự ,
6303,,,47,hình sự ,
6303,,,48,hình sự ,
6303,,,106,tố tụng hình sự ,
6303,,,136,tố tụng hình sự ,
6304,c,1,249,hình sự ,
6304,s,1,51,hình sự ,
6304,,2,51,hình sự ,
6304,,,38,hình sự ,
6304,c,1,47,hình sự ,
6304,,2,47,hình sự ,
6304,a,2,106,tố tụng hình sự ,
6304,,,136,tố tụng hình sự ,
6306,c,1,249,hình sự ,
6306,s,1,51,hình sự ,
6306,,2,51,hình sự ,
6306,c,1,47,hình sự ,
6306,,2,136,tố tụng hình sự ,
6307,c,1,249,hình sự ,
6307,s,1,51,hình sự ,
6307,,,38,hình sự ,
6307,,,47,hình sự ,
6307,,,106,tố tụng hình sự ,
6307,,,136,tố tụng hình sự ,
6307,a,2,290,tố tụng hình sự ,
6310,c,1,249,hình sự ,
6310,s,1,51,hình sự ,
6310,,,106,tố tụng hình sự ,
6310,,2,135,tố tụng hình sự ,
6310,,,136,tố tụng hình sự ,
6311,d,2,249,hình sự ,
6311,s,1,51,hình sự ,
6311,t,1,51,hình sự ,
6311,c,1,249,hình sự ,
6311,,,58,hình sự ,
6311,,1,47,hình sự ,
6311,,,106,tố tụng hình sự ,
6311,,2,136,tố tụng hình sự ,
6312,c,1,249,hình sự ,
6312,s,1,51,hình sự ,
6312,h,1,52,hình sự ,
6312,,1,47,hình sự ,
6312,,,106,tố tụng hình sự ,
6312,,,136,tố tụng hình sự ,
6313,c,1,249,hình sự ,
6313,s,1,51,hình sự ,
6313,h,1,52,hình sự ,
6313,,,38,hình sự ,
6313,,,106,tố tụng hình sự ,
6313,,,136,tố tụng hình sự ,
6313,,,331,tố tụng hình sự ,
6313,,,333,tố tụng hình sự ,
6314,c,1,249,hình sự ,
6314,s,1,51,hình sự ,
6314,,1,38,hình sự ,
6314,a,2,106,tố tụng hình sự ,
6314,c,2,106,tố tụng hình sự ,
6314,,2,136,tố tụng hình sự ,
6315,c,1,249,hình sự ,
6315,s,1,51,hình sự ,
6315,,2,51,hình sự ,
6315,c,1,47,hình sự ,
6315,a,2,106,tố tụng hình sự ,
6315,,2,135,tố tụng hình sự ,
6315,,2,136,tố tụng hình sự ,
6316,c,1,249,hình sự ,
6316,s,1,51,hình sự ,
6316,c,1,47,hình sự ,
6316,a,2,106,tố tụng hình sự ,
6316,c,2,106,tố tụng hình sự ,
6316,a,3,106,tố tụng hình sự ,
6316,,2,135,tố tụng hình sự ,
6316,,2,136,tố tụng hình sự ,
6317,c,1,47,tố tụng hình sự ,
6317,a,2,106,tố tụng hình sự ,
6317,a,3,106,tố tụng hình sự ,
6317,,2,135,tố tụng hình sự ,
6317,,2,136,tố tụng hình sự ,
6317,c,1,249,hình sự ,
6317,s,1,51,hình sự ,
6317,,2,51,hình sự ,
6318,c,1,249,hình sự ,
6318,s,1,51,hình sự ,
6318,,2,51,hình sự ,
6318,,2,56,hình sự ,
6318,,5,65,hình sự ,
6318,c,1,47,hình sự ,
6318,a,2,106,tố tụng hình sự ,
6318,a,3,106,tố tụng hình sự ,
6318,,2,135,tố tụng hình sự ,
6318,,2,136,tố tụng hình sự ,
6319,,2,135,tố tụng hình sự ,
6319,,2,136,tố tụng hình sự ,
6319,c,1,47,hình sự ,
6319,a,2,106,tố tụng hình sự ,
6319,a,3,106,tố tụng hình sự ,
6319,,3,7,hình sự,
6319,c,1,249,hình sự,
6319,s,1,51,hình sự,
6320,,3,7,hình sự,
6320,c,1,249,hình sự,
6320,s,1,51,hình sự,
6320,c,1,47,hình sự,
6320,a,2,106,tố tụng hình sự ,
6320,,2,135,tố tụng hình sự ,
6320,,2,136,tố tụng hình sự ,
6321,,,106,tố tụng hình sự,
6321,,,47,hình sự,
6321,,,38,hình sự,
6321,s,1,51,hình sự,
6321,c,1,249,hình sự,
6322,,,136,tố tụng hình sự,
6322,,2,135,tố tụng hình sự,
6322,,,106,tố tụng hình sự,
6322,,,52,hình sự,
6322,s,1,51,hình sự,
6322,c,1,249,hình sự,
6323,,,329,tố tụng hình sự,
6323,,,136,tố tụng hình sự,
6323,,,106,tố tụng hình sự,
6323,s,1,51,hình sự,
6323,,,47,hình sự,
6323,,,38,hình sự,
6323,c,1,249,hình sự,
6324,,,136,tố tụng hình sự,
6324,,3,329,tố tụng hình sự,
6324,,1,329,tố tụng hình sự,
6324,,,106,tố tụng hình sự,
6324,,,47,hình sự,
6324,s,1,51,hình sự,
6324,,,38,hình sự,
6324,c,1,249,hình sự,
6324,,1,249,hình sự,
6325,,,329,tố tụng hình sự,
6325,,,136,tố tụng hình sự,
6325,,,106,tố tụng hình sự,
6325,s,2,51,hình sự,
6325,s,1,51,hình sự,
6325,,,47,hình sự,
6325,,,38,hình sự,
6325,c,1,249,hình sự,
6326,,,329,tố tụng hình sự,
6326,,,136,tố tụng hình sự,
6326,c,1,249,hình sự,
6326,,,106,tố tụng hình sự,
6326,s,1,51,hình sự,
6326,,,47,hình sự,
6326,,,38,hình sự,
6326,,1,249,hình sự,
6327,a,2,106,tố tụng hình sự,
6327,c,1,47,hình sự,
6327,s,1,51,hình sự,
6327,c,1,249,hình sự,
6328,,,136,tố tụng hình sự,
6328,,,249,hình sự,
6328,,,106,tố tụng hình sự,
6328,,,47,hình sự,
6328,s,1,51,hình sự,
6328,r,1,51,hình sự,
6328,c,1,249,hình sự,
6329,,,136,tố tụng hình sự,
6329,,,329,tố tụng hình sự,
6329,,,106,tố tụng hình sự,
6329,,,47,hình sự,
6329,,,38,hình sự,
6329,,2,51,hình sự,
6329,s,1,51,hình sự,
6329,c,1,249,hình sự,
6330,,,136,tố tụng hình sự,
6330,,,329,tố tụng hình sự,
6330,d,2,136,hình sự,
6330,c,2,136,hình sự,
6330,,,106,tố tụng hình sự,
6330,,,47,hình sự,
6330,,,38,hình sự,
6330,s,1,51,hình sự,
6330,0,2,249,hình sự,
6331,,1,262,tố tụng hình sự,
6331,,,333,tố tụng hình sự,
6331,,,331,tố tụng hình sự,
6331,,,136,tố tụng hình sự,
6331,,,106,tố tụng hình sự,
6331,,,50,hình sự,
6331,,,38,hình sự,
6331,s,2,51,hình sự,
6331,s,1,51,hình sự,
6331,,,47,hình sự,
6331,c,1,249,hình sự,
6332,,5,249,hình sự,
6332,,,53,hình sự,
6332,,,70,hình sự,
6332,,2,136,tố tụng hình sự,
6332,a,2,106,tố tụng hình sự,
6332,c,1,47,hình sự,
6332,h,1,52,hình sự,
6332,s,1,51,hình sự,
6332,c,1,249,hình sự,
6333,,,30,luật khác,
6333,,,9,luật khác,
6333,,,7,luật khác,
6333,,,6,luật khác,
6333,,,2,luật khác,
6333,,2,136,tố tụng hình sự,
6333,,2,135,tố tụng hình sự,
6333,,5,249,hình sự,
6333,a,2,106,tố tụng hình sự,
6333,,,47,hình sự,
6333,,,58,hình sự,
6333,,,38,hình sự,
6333,s,1,51,hình sự,
6333,c,1,249,hình sự,
6333,,1,249,hình sự,
6334,,2,136,tố tụng hình sự,
6334,,5,249,hình sự,
6334,,2,106,tố tụng hình sự,
6334,,1,106,tố tụng hình sự,
6334,,,38,hình sự,
6334,,1,47,hình sự,
6334,,2,51,hình sự,
6334,s,1,51,hình sự,
6334,n,2,249,hình sự,
6334,,2,249,hình sự,
6335,,,136,tố tụng hình sự,
6335,,,329,tố tụng hình sự,
6335,,,106,tố tụng hình sự,
6335,,,47,hình sự,
6335,,,38,hình sự,
6335,s,1,51,hình sự,
6335,c,1,249,hình sự,
6336,,,136,tố tụng hình sự,
6336,,,329,tố tụng hình sự,
6336,,,106,tố tụng hình sự,
6336,,,47,hình sự,
6336,,,38,hình sự,
6336,s,1,51,hình sự,
6336,c,1,249,hình sự,
6339,,2,136,tố tụng hình sự,
6339,,3,106,tố tụng hình sự,
6339,,2,106,tố tụng hình sự,
6339,,,38,hình sự,
6339,s,1,51,hình sự,
6339,c,1,249,hình sự,
6340,,,136,tố tụng hình sự,
6340,,,47,hình sự,
6340,,1,52,hình sự,
6340,,2,51,hình sự,
6340,,,106,tố tụng hình sự,
6340,,,50,hình sự,
6340,,,38,hình sự,
6340,s,1,51,hình sự,
6340,c,1,249,hình sự,
6341,,2,136,tố tụng hình sự,
6341,a,2,106,tố tụng hình sự,
6341,,1,106,tố tụng hình sự,
6341,c,1,47,hình sự,
6341,,,38,hình sự,
6341,s,1,51,hình sự,
6341,c,1,249,hình sự,
6343,,,136,tố tụng hình sự,
6343,,,135,tố tụng hình sự,
6343,,2,51,hình sự,
6343,,1,249,hình sự,
6343,,,106,tố tụng hình sự,
6343,,,47,hình sự,
6343,,5,249,hình sự,
6343,s,1,51,hình sự,
6343,,,38,hình sự,
6343,c,1,249,hình sự,
6343,,1,194,hình sự,
6344,,,333,tố tụng hình sự,
6344,,1,331,tố tụng hình sự,
6344,,2,136,tố tụng hình sự,
6344,a,2,106,tố tụng hình sự,
6344,c,1,47,hình sự,
6344,,,38,hình sự,
6344,,5,249,hình sự,
6344,,2,51,hình sự,
6344,s,1,51,hình sự,
6344,c,1,249,hình sự,
6345,,,30,luật khác,
6345,,,9,luật khác,
6345,,,7,luật khác,
6345,,,6,luật khác,
6345,,,2,luật khác,
6345,,2,136,tố tụng hình sự,
6345,a,2,106,tố tụng hình sự,
6345,c,1,47,hình sự,
6345,,2,106,tố tụng hình sự,
6345,,,38,hình sự,
6345,s,1,51,hình sự,
6345,c,1,249,hình sự,
6346,,,30,luật khác,
6346,,,9,luật khác,
6346,,,7,luật khác,
6346,,,6,luật khác,
6346,,,2,luật khác,
6346,,2,135,tố tụng hình sự,
6346,,1,249,hình sự,
6346,,,106,tố tụng hình sự,
6346,,,47,hình sự,
6346,,,38,hình sự,
6346,s,1,51,hình sự,
6346,c,1,249,hình sự,
6347,,,30,luật khác,
6347,,,9,luật khác,
6347,,,7,luật khác,
6347,,,6,luật khác,
6347,,,2,luật khác,
6347,,,106,tố tụng hình sự,
6347,,,47,hình sự,
6347,,,46,hình sự,
6347,,,38,hình sự,
6347,s,2,51,hình sự,
6347,s,1,51,hình sự,
6347,,1,249,hình sự,
6348,,,30,luật khác,
6348,,,9,luật khác,
6348,,,7,luật khác,
6348,,,6,luật khác,
6348,,,2,luật khác,
6348,,2,136,tố tụng hình sự,
6348,a,3,106,tố tụng hình sự,
6348,a,2,106,tố tụng hình sự,
6348,c,2,47,hình sự,
6348,c,1,47,hình sự,
6348,s,2,51,hình sự,
6348,,2,106,tố tụng hình sự,
6348,,,38,hình sự,
6348,s,1,51,hình sự,
6348,c,1,249,hình sự,
6349,,2,136,tố tụng hình sự,
6349,,2,106,tố tụng hình sự,
6349,p,1,46,hình sự,
6349,,1,194,hình sự,
6349,s,1,51,hình sự,
6349,,1,249,hình sự,
6350,c,2,106,tố tụng hình sự,
6350,a,2,106,tố tụng hình sự,
6350,,1,47,tố tụng hình sự,
6350,,5,249,hình sự,
6350,s,1,51,hình sự,
6350,b,1,249,hình sự,
6351,,,135,tố tụng hình sự,
6351,,,329,tố tụng hình sự,
6351,,,106,tố tụng hình sự,
6351,,,47,hình sự,
6351,,,38,hình sự,
6351,s,1,51,hình sự,
6351,c,1,249,hình sự,
6353,,,30,luật khác,
6353,,,9,luật khác,
6353,,,7,luật khác,
6353,,,2,luật khác,
6353,,,333,tố tụng hình sự,
6353,,,331,tố tụng hình sự,
6353,,2,136,tố tụng hình sự,
6353,a,2,106,tố tụng hình sự,
6353,,,38,hình sự,
6353,s,1,51,hình sự,
6353,c,1,249,hình sự,
6354,,,30,luật khác,
6354,,,9,luật khác,
6354,,,7,luật khác,
6354,,,2,luật khác,
6354,,,333,tố tụng hình sự,
6354,,,331,tố tụng hình sự,
6354,,2,136,tố tụng hình sự,
6354,,,106,tố tụng hình sự,
6354,,,56,hình sự,
6354,,,38,hình sự,
6354,h,1,52,hình sự,
6354,,2,51,hình sự,
6354,s,1,51,hình sự,
6354,c,1,249,hình sự,
6355,,2,136,tố tụng hình sự,
6355,,2,135,tố tụng hình sự,
6355,c,2,106,tố tụng hình sự,
6355,a,2,106,tố tụng hình sự,
6355,,1,106,tố tụng hình sự,
6355,,2,47,hình sự,
6355,,1,46,hình sự,
6355,s,1,51,hình sự,
6355,e,2,249,hình sự,
6355,g,2,249,hình sự,
6355,,,46,hình sự,
6355,,,47,hình sự,
6355,i,1,249,hình sự,
6356,a,2,106,tố tụng hình sự,
6356,c,1,47,hình sự,
6356,a,1,47,hình sự,
6356,,5,249,hình sự,
6356,s,1,51,hình sự,
6356,b,1,249,hình sự,
6357,,,106,tố tụng hình sự,
6357,,,47,hình sự,
6357,,,194,hình sự,
6357,,,249,hình sự,
6357,,,38,hình sự,
6357,s,1,51,hình sự,
6357,c,1,249,hình sự,
6358,,,30,luật khác,
6358,,,9,luật khác,
6358,,,7,luật khác,
6358,,,6,luật khác,
6358,,,2,luật khác,
6358,,,106,tố tụng hình sự,
6358,,,47,hình sự,
6358,,,194,hình sự,
6358,,,249,hình sự,
6358,,,38,hình sự,
6358,s,1,51,hình sự,
6358,c,1,249,hình sự,
6360,c,1,47,hình sự,
6360,s,1,51,hình sự,
6360,,,58,hình sự,
6360,c,1,249,hình sự,
6361,,,136,tố tụng hình sự,
6361,,,106,tố tụng hình sự,
6361,,2,106,tố tụng hình sự,
6361,,,47,hình sự,
6361,,,329,tố tụng hình sự,
6361,s,1,51,hình sự,
6361,,,38,hình sự,
6361,o,2,249,hình sự,
6362,,,136,tố tụng hình sự,
6362,,,106,tố tụng hình sự,
6362,,,47,hình sự,
6362,,,38,hình sự,
6362,s,1,51,hình sự,
6362,,3,7,hình sự,
6362,i,1,249,hình sự,
6363,,,249,hình sự,
6363,,2,136,tố tụng hình sự,
6363,s,1,51,hình sự,
6363,a,2,106,tố tụng hình sự,
6363,c,1,47,hình sự,
6363,,5,249,hình sự,
6363,c,1,249,hình sự,
6364,,,106,tố tụng hình sự,
6364,,,47,hình sự,
6364,,,38,hình sự,
6364,s,1,51,hình sự,
6364,i,1,249,hình sự,
6366,,2,136,luật khác,
6366,,5,249,hình sự,
6366,,,106,tố tụng hình sự,
6366,,,47,hình sự,
6366,,,46,hình sự,
6366,,2,51,hình sự,
6366,s,1,51,hình sự,
6366,i,1,249,hình sự,
6367,,,30,luật khác,
6367,,,9,luật khác,
6367,,,7,luật khác,
6367,,,6,luật khác,
6367,,,2,luật khác,
6367,,,136,tố tụng hình sự,
6367,,,106,tố tụng hình sự,
6367,,,47,hình sự,
6367,,,38,hình sự,
6367,s,1,51,hình sự,
6367,c,1,249,hình sự,
6368,,,333,tố tụng hình sự,
6368,,,331,tố tụng hình sự,
6368,,2,136,tố tụng hình sự,
6368,p,2,194,hình sự,
6368,m,2,194,hình sự,
6368,a,2,106,tố tụng hình sự,
6368,c,1,47,hình sự,
6368,,3,7,hình sự,
6368,,,249,hình sự,
6368,,,194,hình sự,
6368,s,1,51,hình sự,
6368,o,2,249,hình sự,
6368,g,2,249,hình sự,
6368,b,2,194,hình sự,
6370,c,1,47,hình sự,
6370,,2,47,hình sự,
6370,,,106,tố tụng hình sự ,
6370,,2,135,tố tụng hình sự ,
6370,,2,136,tố tụng hình sự ,
6370,,,7,hình sự,
6370,c,1,249,hình sự,
6370,s,1,51,hình sự,
6370,h,1,52,hình sự,
6371,c,1,47,hình sự,
6371,,2,47,hình sự,
6371,,,106,tố tụng hình sự ,
6371,,2,135,tố tụng hình sự ,
6371,,2,136,tố tụng hình sự ,
6371,c,1,249,hình sự,
6371,s,1,51,hình sự,
6371,h,1,52,hình sự,
6372,c,1,249,hình sự,
6372,s,1,51,hình sự,
6372,a,2,106,tố tụng hình sự ,
6372,a,3,106,tố tụng hình sự ,
6372,,,136,tố tụng hình sự ,
6374,c,1,249,hình sự,
6374,s,1,51,hình sự,
6374,,,38,hình sự,
6374,,,106,tố tụng hình sự ,
6374,,,329,tố tụng hình sự ,
6375,,,7,hình sự,
6375,c,1,249,hình sự,
6375,s,1,51,hình sự,
6375,c,1,47,hình sự,
6375,,2,47,hình sự,
6375,a,2,106,tố tụng hình sự ,
6375,a,3,106,tố tụng hình sự ,
6375,,2,135,tố tụng hình sự ,
6375,,2,136,tố tụng hình sự ,
6376,c,1,355,tố tụng hình sự ,
6376,b,1,358,tố tụng hình sự ,
6376,c,1,249,hình sự,
6376,s,1,51,hình sự,
6376,,,38,hình sự,
6378,c,1,249,hình sự,
6378,s,1,51,hình sự,
6378,,,38,hình sự,
6378,,,106,tố tụng hình sự ,
6378,,2,136,tố tụng hình sự ,
6379,c,1,249,hình sự,
6379,s,1,51,hình sự,
6379,c,1,47,hình sự,
6379,,2,47,hình sự,
6379,,,106,tố tụng hình sự ,
6379,,2,135,tố tụng hình sự ,
6379,,2,136,tố tụng hình sự ,
6379,,,7,hình sự,
6380,c,1,249,hình sự,
6380,s,1,51,hình sự,
6380,,2,136,tố tụng hình sự ,
6381,c,1,249,hình sự,
6381,s,1,51,hình sự,
6381,,2,106,tố tụng hình sự ,
6381,,2,136,tố tụng hình sự ,
6381,,,331,tố tụng hình sự ,
6381,,,333,tố tụng hình sự ,
6382,,2,106,tố tụng hình sự ,
6382,,2,136,tố tụng hình sự ,
6382,,,331,tố tụng hình sự ,
6382,,,333,tố tụng hình sự ,
6382,c,1,249,hình sự,
6382,s,1,51,hình sự,
6383,c,1,249,hình sự,
6383,s,1,51,hình sự,
6383,,2,106,tố tụng hình sự ,
6383,,2,136,tố tụng hình sự ,
6383,,,331,tố tụng hình sự ,
6383,,,334,tố tụng hình sự ,
6383,,,47,hình sự,
6383,,,38,hình sự,
6384,,,333,tố tụng hình sự ,
6384,a,2,106,tố tụng hình sự ,
6384,c,1,249,hình sự,
6384,s,1,51,hình sự,
6384,,,38,hình sự,
6384,,,136,tố tụng hình sự ,
6384,,,331,tố tụng hình sự ,
6384,,,332,tố tụng hình sự ,
6385,,,38,hình sự,
6385,,,47,tố tụng hình sự ,
6385,,,106,tố tụng hình sự ,
6385,,,136,tố tụng hình sự ,
6385,,,331,tố tụng hình sự ,
6385,,,332,tố tụng hình sự ,
6385,,,333,tố tụng hình sự ,
6385,c,1,249,hình sự,
6385,s,1,51,hình sự,
6386,c,1,249,hình sự,
6386,s,1,51,hình sự,
6386,a,1,47,hình sự,
6386,a,2,106,tố tụng hình sự ,
6386,,2,136,tố tụng hình sự ,
6387,c,1,249,hình sự,
6387,s,1,51,hình sự,
6387,a,1,47,hình sự,
6387,a,2,106,tố tụng hình sự ,
6387,,2,136,tố tụng hình sự ,
6388,c,1,249,hình sự,
6388,s,1,51,hình sự,
6388,a,1,47,hình sự,
6388,a,2,106,tố tụng hình sự ,
6388,,2,136,tố tụng hình sự ,
6388,h,1,52,hình sự,
6389,c,1,249,hình sự,
6389,s,1,51,hình sự,
6389,,,47,hình sự,
6389,,,106,tố tụng hình sự ,
6389,,,136,tố tụng hình sự ,
6391,c,1,249,hình sự,
6391,s,1,51,hình sự,
6391,,,47,hình sự,
6391,,2,106,tố tụng hình sự ,
6391,,2,136,tố tụng hình sự ,
6391,,,331,tố tụng hình sự ,
6391,,,333,tố tụng hình sự ,
6392,c,1,249,hình sự,
6392,s,1,51,hình sự,
6392,,,47,hình sự,
6392,,,106,tố tụng hình sự ,
6392,,,136,tố tụng hình sự ,
6393,c,1,249,hình sự,
6393,s,1,51,hình sự,
6393,,,47,hình sự,
6393,,,106,tố tụng hình sự ,
6394,c,1,249,hình sự,
6394,s,1,51,hình sự,
6394,,,47,hình sự,
6394,,,106,tố tụng hình sự ,
6394,,,135,tố tụng hình sự ,
6394,,,50,,
6395,c,1,249,hình sự,
6395,s,1,51,hình sự,
6395,,,47,hình sự,
6395,,,106,tố tụng hình sự ,
6395,,,135,tố tụng hình sự ,
6396,c,1,249,hình sự,
6396,s,1,51,hình sự,
6396,,1,47,hình sự,
6396,,,106,tố tụng hình sự ,
6396,,2,136,tố tụng hình sự ,
6396,,,38,hình sự,
6397,,,106,tố tụng hình sự ,
6397,,2,136,tố tụng hình sự ,
6397,,5,249,hình sự,
6397,g,1,249,hình sự,
6397,s,1,51,hình sự,
6397,,1,47,hình sự,
6398,c,1,249,hình sự,
6398,s,1,51,hình sự,
6398,,1,47,hình sự,
6398,,2,106,tố tụng hình sự ,
6398,,,136,tố tụng hình sự ,
6398,,,331,tố tụng hình sự ,
6398,,,333,tố tụng hình sự ,
6399,,5,249,hình sự,
6399,c,1,249,hình sự,
6399,s,1,51,hình sự,
6399,,1,47,hình sự,
6399,,2,106,tố tụng hình sự ,
6399,,,136,tố tụng hình sự ,
6399,h,1,52,hình sự,
6400,c,1,249,hình sự,
6400,s,1,51,hình sự,
6400,,,46,hình sự,
6400,,,106,tố tụng hình sự ,
6400,,2,47,hình sự,
6400,,,135,tố tụng hình sự ,
6401,c,1,249,hình sự,
6401,s,1,51,hình sự,
6401,,,106,tố tụng hình sự ,
6401,,,136,tố tụng hình sự ,
6401,,,331,tố tụng hình sự ,
6401,,,332,tố tụng hình sự ,
6401,,,333,tố tụng hình sự ,
6402,c,1,249,hình sự,
6402,s,1,51,hình sự,
6402,,,46,hình sự,
6402,,2,47,hình sự,
6402,,,106,tố tụng hình sự ,
6402,,,135,tố tụng hình sự ,
6404,c,1,249,hình sự,
6404,s,1,51,hình sự,
6404,,,106,tố tụng hình sự ,
6404,,,136,tố tụng hình sự ,
6404,,,331,tố tụng hình sự ,
6404,,,332,tố tụng hình sự ,
6404,,,333,tố tụng hình sự ,
6405,c,1,249,hình sự,
6405,s,1,51,hình sự,
6405,,,106,tố tụng hình sự ,
6405,,,136,tố tụng hình sự ,
6405,,,331,tố tụng hình sự ,
6405,,,333,tố tụng hình sự ,
6405,,,332,tố tụng hình sự ,
6406,c,1,249,hình sự,
6406,s,1,51,hình sự,
6406,,,106,tố tụng hình sự ,
6406,,,47,hình sự,
6406,,,136,tố tụng hình sự ,
6407,c,1,249,hình sự,
6407,,,106,tố tụng hình sự ,
6407,s,1,51,hình sự,
6407,,,136,tố tụng hình sự ,
6407,,,326,tố tụng hình sự ,
6407,,,333,tố tụng hình sự ,
6407,,,337,tố tụng hình sự ,
6407,,,38,hình sự,
6410,c,1,249,hình sự,
6410,s,1,51,hình sự,
6410,,,106,tố tụng hình sự ,
6410,,,136,tố tụng hình sự ,
6410,,,48,hình sự,
6411,,,337,tố tụng hình sự ,
6411,,,333,tố tụng hình sự ,
6411,,,38,hình sự,
6411,g,1,249,hình sự,
6411,s,1,51,hình sự,
6411,,,106,tố tụng hình sự ,
6411,,,136,tố tụng hình sự ,
6411,,,135,tố tụng hình sự ,
6411,,,38,hình sự,
6412,c,1,249,hình sự,
6412,s,1,51,hình sự,
6412,,,106,tố tụng hình sự ,
6412,,,136,tố tụng hình sự ,
6412,,,47,hình sự,
6413,c,1,249,hình sự,
6413,s,1,51,hình sự,
6413,,,106,tố tụng hình sự ,
6413,,,47,hình sự,
6413,,,136,tố tụng hình sự ,
6413,,,38,hình sự,
6413,,,331,tố tụng hình sự ,
6413,,,333,tố tụng hình sự ,
6414,c,1,249,hình sự,
6414,s,1,51,hình sự,
6414,,,106,tố tụng hình sự ,
6414,,,136,tố tụng hình sự ,
6414,,,47,hình sự,
6415,c,1,249,hình sự,
6415,s,1,51,hình sự,
6415,,,106,tố tụng hình sự ,
6415,,,136,tố tụng hình sự ,
6416,c,1,249,hình sự,
6416,s,1,51,hình sự,
6416,,,106,tố tụng hình sự ,
6416,,,136,tố tụng hình sự ,
6417,,,38,hình sự,
6417,,,58,hình sự,
6417,,,17,hình sự,
6417,,,135,tố tụng hình sự ,
6417,c,1,249,hình sự,
6417,s,1,51,hình sự,
6417,,2,136,tố tụng hình sự ,
6417,,,106,tố tụng hình sự ,
6418,o,2,249,hình sự,
6418,s,1,51,hình sự,
6418,,,38,hình sự,
6418,c,1,47,hình sự,
6418,a,2,106,tố tụng hình sự ,
6419,o,2,249,hình sự,
6419,h,1,52,hình sự,
6419,s,1,51,hình sự,
6419,,5,65,hình sự,
6419,,2,56,hình sự,
6419,,2,135,tố tụng hình sự ,
6419,,2,136,tố tụng hình sự ,
6420,c,2,249,hình sự,
6420,s,1,51,hình sự,
6420,,,38,hình sự,
6420,c,1,47,hình sự,
6420,a,2,106,tố tụng hình sự ,
6420,,2,136,tố tụng hình sự ,
6421,c,2,249,hình sự,
6421,s,1,51,hình sự,
6421,,,38,hình sự,
6421,c,1,47,hình sự,
6421,a,2,106,tố tụng hình sự ,
6421,,2,136,tố tụng hình sự ,
6422,c,2,249,hình sự,
6422,s,1,51,hình sự,
6422,,,38,hình sự,
6422,c,1,47,hình sự,
6422,,,106,tố tụng hình sự ,
6422,,,331,hình sự,
6422,,2,136,tố tụng hình sự ,
6422,,,333,hình sự,
6424,c,2,249,hình sự,
6424,,,106,tố tụng hình sự ,
6424,s,1,51,hình sự,
6424,,2,136,tố tụng hình sự ,
6425,c,2,249,hình sự,
6425,,,38,hình sự,
6425,s,1,51,hình sự,
6425,c,1,47,hình sự,
6425,,2,136,tố tụng hình sự ,
6425,,,106,tố tụng hình sự ,
6425,,,331,hình sự,
6425,,,333,hình sự,
6426,c,2,249,hình sự,
6426,,,38,hình sự,
6426,s,1,51,hình sự,
6426,c,1,47,hình sự,
6426,a,2,106,tố tụng hình sự ,
6426,,,135,tố tụng hình sự ,
6426,,2,136,tố tụng hình sự ,
6427,c,2,249,hình sự,
6427,s,1,51,hình sự,
6427,,,38,hình sự,
6427,,,47,hình sự,
6427,a,2,106,tố tụng hình sự ,
6427,,2,136,tố tụng hình sự ,
6428,c,2,249,hình sự,
6428,s,1,51,hình sự,
6428,h,1,52,hình sự,
6428,a,2,106,tố tụng hình sự ,
6428,,,47,hình sự,
6428,,2,136,tố tụng hình sự ,
6429,b,1,249,hình sự,
6429,s,1,51,hình sự,
6429,c,2,106,tố tụng hình sự ,
6429,a,1,47,hình sự,
6429,c,1,47,hình sự,
6429,a,1,106,tố tụng hình sự ,
6430,c,2,249,hình sự,
6430,s,1,51,hình sự,
6430,,,17,hình sự,
6430,a,2,106,tố tụng hình sự ,
6430,,,47,hình sự,
6430,,2,136,tố tụng hình sự ,
6430,,1,135,tố tụng hình sự ,
6430,,2,135,tố tụng hình sự ,
6431,,5,249,hình sự,
6431,,,106,tố tụng hình sự,
6431,,,38,hình sự,
6431,s,1,51,hình sự,
6431,c,1,249,hình sự,
6432,,,136,tố tụng hình sự,
6432,,,135,tố tụng hình sự,
6432,,5,249,hình sự,
6432,,,106,tố tụng hình sự,
6432,,,38,hình sự,
6432,s,1,51,hình sự,
6432,o,2,249,hình sự,
6433,,,333,tố tụng hình sự,
6433,,,136,tố tụng hình sự,
6433,,5,249,hình sự,
6433,,,106,tố tụng hình sự,
6433,,,47,hình sự,
6433,s,1,51,hình sự,
6433,c,1,249,hình sự,
6434,,,333,tố tụng hình sự,
6434,,,136,tố tụng hình sự,
6434,,5,249,hình sự,
6434,,,106,tố tụng hình sự,
6434,,,47,hình sự,
6434,s,1,51,hình sự,
6434,c,1,249,hình sự,
6435,,2,136,tố tụng hình sự,
6435,,2,106,tố tụng hình sự,
6435,,1,47,hình sự,
6435,,1,194,hình sự,
6435,,,106,tố tụng hình sự,
6435,,,47,hình sự,
6435,,,38,hình sự,
6435,h,1,52,hình sự,
6435,s,1,51,hình sự,
6435,c,1,249,hình sự,
6436,,,333,tố tụng hình sự,
6436,,,331,tố tụng hình sự,
6436,,2,136,tố tụng hình sự,
6436,,2,135,tố tụng hình sự,
6436,,5,249,hình sự,
6436,,2,51,hình sự,
6436,,,106,tố tụng hình sự,
6436,,,47,hình sự,
6436,,,38,hình sự,
6436,s,2,51,hình sự,
6436,s,1,51,hình sự,
6436,c,1,249,hình sự,
6437,,2,136,tố tụng hình sự,
6437,,,52,hình sự,
6437,,1,298,tố tụng hình sự,
6437,d,1,249,hình sự,
6437,a,2,106,tố tụng hình sự,
6437,,,47,hình sự,
6437,,2,51,hình sự,
6437,s,1,51,hình sự,
6437,e,1,249,hình sự,
6438,,2,136,tố tụng hình sự,
6438,,,106,tố tụng hình sự,
6438,,,47,hình sự,
6438,s,1,51,hình sự,
6438,r,1,51,hình sự,
6438,c,1,249,hình sự,
6439,,,136,tố tụng hình sự,
6439,,,329,tố tụng hình sự,
6439,,5,249,hình sự,
6439,,,106,tố tụng hình sự,
6439,,,47,hình sự,
6439,,,38,hình sự,
6439,s,1,51,hình sự,
6439,c,1,249,hình sự,
6439,,1,249,hình sự,
6440,,2,136,tố tụng hình sự,
6440,a,2,106,tố tụng hình sự,
6440,c,1,47,hình sự,
6440,,,38,hình sự,
6440,s,1,51,hình sự,
6440,c,1,249,hình sự,
6441,,,136,tố tụng hình sự,
6441,,,337,tố tụng hình sự,
6441,,,333,tố tụng hình sự,
6441,,2,136,tố tụng hình sự,
6441,,2,106,tố tụng hình sự,
6441,,,38,hình sự,
6441,s,1,51,hình sự,
6441,c,1,249,hình sự,
6442,,,30,luật khác,
6442,,,9,luật khác,
6442,,,7,luật khác,
6442,,,6,luật khác,
6442,,,2,luật khác,
6442,,,136,tố tụng hình sự,
6442,,,106,tố tụng hình sự,
6442,,,47,hình sự,
6442,,,38,hình sự,
6442,s,1,51,hình sự,
6442,c,1,249,hình sự,
6443,,,30,luật khác,Luật thi hành án dân sự
6443,,,9,luật khác,Luật thi hành án dân sự
6443,,,7,luật khác,Luật thi hành án dân sự
6443,,,6,luật khác,Luật thi hành án dân sự
6443,,,2,luật khác,Luật thi hành án dân sự
6443,,,136,tố tụng hình sự,
6443,,,106,tố tụng hình sự,
6443,,,47,hình sự,
6443,,,38,hình sự,
6443,h,1,52,hình sự,
6443,s,2,51,hình sự,
6443,s,1,51,hình sự,
6443,c,1,249,hình sự,
6444,,,136,tố tụng hình sự,
6444,,,329,tố tụng hình sự,
6444,,,106,tố tụng hình sự,
6444,,,47,hình sự,
6444,,,38,hình sự,
6444,s,1,51,hình sự,
6444,c,1,249,hình sự,
6445,,,135,tố tụng hình sự,
6445,,,333,tố tụng hình sự,
6445,,,331,tố tụng hình sự,
6445,,2,329,tố tụng hình sự,
6445,i,2,249,hình sự,
6445,a,2,106,tố tụng hình sự,
6445,c,1,47,hình sự,
6445,,5,249,hình sự,
6445,,,38,hình sự,
6445,s,1,51,hình sự,
6445,i,1,249,hình sự,
6446,,,30,luật khác,
6446,,,2,luật khác,
6446,,2,106,tố tụng hình sự,
6446,,,47,hình sự,
6446,h,1,52,hình sự,
6446,s,1,51,hình sự,
6446,c,1,249,hình sự,
6447,,1,468,luật khác,
6447,,,76,tố tụng hình sự,
6447,,,41,hình sự,
6447,đ,2,138,hình sự,
6447,c,2,138,hình sự,
6447,,,106,tố tụng hình sự,
6447,,,47,hình sự,
6447,,2,51,hình sự,
6447,s,1,51,hình sự,
6447,,1,249,hình sự,
6447,,1,194,hình sự,
6448,,,106,tố tụng hình sự,
6448,a,1,47,hình sự,
6448,,,33,hình sự,
6448,,2,99,tố tụng hình sự,
6448,,1,99,tố tụng hình sự,
6448,,,249,hình sự,
6448,s,1,51,hình sự,
6448,g,2,249,hình sự,
6449,a,1,47,hình sự,
6449,,2,99,tố tụng hình sự,
6449,,1,99,tố tụng hình sự,
6449,,1,249,hình sự,
6449,s,1,51,hình sự,
6449,c,1,249,hình sự,
6450,c,2,106,tố tụng hình sự,
6450,,1,47,hình sự,
6450,,2,136,tố tụng hình sự,
6450,,,249,hình sự,
6450,s,1,51,hình sự,
6450,c,1,249,hình sự,
6451,,2,106,tố tụng hình sự,
6451,c,1,47,hình sự,
6451,,2,136,tố tụng hình sự,
6451,,1,249,hình sự,
6451,s,1,51,hình sự,
6451,c,1,249,hình sự,
6452,,3,106,tố tụng hình sự,
6452,a,2,106,tố tụng hình sự,
6452,,1,106,tố tụng hình sự,
6452,c,1,47,hình sự,
6452,,2,136,tố tụng hình sự,
6452,,5,249,hình sự,
6452,h,1,51,hình sự,
6452,s,1,51,hình sự,
6452,,,38,hình sự,
6452,c,1,249,hình sự,
6453,,2,106,tố tụng hình sự,
6453,c,1,47,hình sự,
6453,,2,136,tố tụng hình sự,
6453,,1,249,hình sự,
6453,s,1,51,hình sự,
6453,c,1,249,hình sự,
6454,,,30,luật khác,Luật thi hành án dân sự
6454,,,9,luật khác,Luật thi hành án dân sự
6454,,,7a,luật khác,Luật thi hành án dân sự
6454,,,7,luật khác,Luật thi hành án dân sự
6454,,,2,luật khác,Luật thi hành án dân sự
6454,,,136,tố tụng hình sự,
6454,,,135,tố tụng hình sự,
6454,,,52,hình sự,
6454,,,249,hình sự,
6454,,,106,tố tụng hình sự,
6454,,,47,hình sự,
6454,,,46,hình sự,
6454,,,50,hình sự,
6454,,,38,hình sự,
6454,s,2,51,hình sự,
6454,s,1,51,hình sự,
6454,i,1,249,hình sự,
6455,,,333,tố tụng hình sự,
6455,,,331,tố tụng hình sự,
6455,,1,135,tố tụng hình sự,
6455,,,136,tố tụng hình sự,
6455,,,106,tố tụng hình sự,
6455,,,38,hình sự,
6455,,,47,hình sự,
6455,s,1,51,hình sự,
6455,c,1,249,hình sự,
6456,,2,136,tố tụng hình sự,
6456,,2,106,tố tụng hình sự,
6456,,1,106,tố tụng hình sự,
6456,,1,47,hình sự,
6456,s,2,51,hình sự,
6456,s,1,51,hình sự,
6456,,3,35,hình sự,
6456,,2,35,hình sự,
6456,,5,249,hình sự,
6456,c,1,249,hình sự,
6457,c,1,357,tố tụng hình sự,
6457,,2,355,tố tụng hình sự,
6457,b,1,355,tố tụng hình sự,
6457,h,3,249,hình sự,
6457,,,249,hình sự,
6457,,,194,hình sự,
6457,,3,194,hình sự,
6457,,3,249,hình sự,
6457,,2,46,hình sự,
6457,p,1,46,hình sự,
6457,e,3,194,hình sự,
6458,,,30,luật khác,
6458,,,9,luật khác,
6458,,,7,luật khác,
6458,,,2,luật khác,
6458,,,333,tố tụng hình sự,
6458,,,331,tố tụng hình sự,
6458,,,136,tố tụng hình sự,
6458,,,135,tố tụng hình sự,
6458,,1,47,hình sự,
6458,,,106,tố tụng hình sự,
6458,c,1,47,hình sự,
6458,,1,52,hình sự,
6458,,1,293,tố tụng hình sự,
6458,s,1,51,hình sự,
6458,c,1,249,hình sự,
6459,,2,136,tố tụng hình sự,
6459,,1,52,hình sự,
6459,,1,292,tố tụng hình sự,
6459,a,3,106,tố tụng hình sự,
6459,c,2,106,tố tụng hình sự,
6459,,2,47,hình sự,
6459,s,1,51,hình sự,
6459,c,1,249,hình sự,
6459,,1,249,hình sự,
6461,,2,136,tố tụng hình sự,
6461,,1,52,hình sự,
6461,,,249,hình sự,
6461,a,3,106,tố tụng hình sự,
6461,c,2,106,tố tụng hình sự,
6461,a,2,106,tố tụng hình sự,
6461,c,1,47,hình sự,
6461,a,1,47,hình sự,
6461,s,1,51,hình sự,
6461,c,1,249,hình sự,
6462,,,136,tố tụng hình sự,
6462,,,329,tố tụng hình sự,
6462,,,106,tố tụng hình sự,
6462,,,47,hình sự,
6462,s,1,51,hình sự,
6462,,,38,hình sự,
6462,c,1,249,hình sự,
6463,,,30,luật khác,Luật thi hành án dân sự
6463,,,9,luật khác,Luật thi hành án dân sự
6463,,,7,luật khác,Luật thi hành án dân sự
6463,,,6,luật khác,Luật thi hành án dân sự
6463,,,2,luật khác,Luật thi hành án dân sự
6463,,2,136,tố tụng hình sự,
6463,,2,135,tố tụng hình sự,
6463,,,106,tố tụng hình sự,
6463,,,47,hình sự,
6463,,,50,hình sự,
6463,,,38,hình sự,
6463,,2,51,hình sự,
6463,s,1,51,hình sự,
6463,c,1,249,hình sự,
6464,,,333,tố tụng hình sự,
6464,,,331,tố tụng hình sự,
6464,,,136,tố tụng hình sự,
6464,,,135,tố tụng hình sự,
6464,,5,249,tố tụng hình sự,
6464,,,106,tố tụng hình sự,
6464,,2,51,hình sự,
6464,s,1,51,hình sự,
6464,,1,249,hình sự,
6464,,1,194,hình sự,
6464,c,1,249,hình sự,
6464,,3,7,hình sự,
6465,,2,136,tố tụng hình sự,
6465,,2,135,tố tụng hình sự,
6465,,,106,tố tụng hình sự,
6465,,,47,hình sự,
6465,,,50,hình sự,
6465,,,38,hình sự,
6465,s,1,51,hình sự,
6465,c,1,249,hình sự,
6466,,,2,luật khác,
6466,,2,136,tố tụng hình sự,
6466,,2,135,tố tụng hình sự,
6466,,,106,tố tụng hình sự,
6466,,,47,hình sự,
6466,,,50,hình sự,
6466,,,38,hình sự,
6466,s,1,51,hình sự,
6466,h,1,52,hình sự,
6466,c,1,249,hình sự,
6467,,2,136,tố tụng hình sự,
6467,g,2,249,hình sự,
6467,c,2,106,tố tụng hình sự,
6467,a,2,106,tố tụng hình sự,
6467,c,1,47,hình sự,
6467,,2,51,hình sự,
6467,s,1,51,hình sự,
6467,c,1,249,hình sự,
6468,,,30,luật khác,
6468,,,9,luật khác,
6468,,,7,luật khác,
6468,,,6,luật khác,
6468,,,2,luật khác,
6468,,5,249,hình sự,
6468,,,135,tố tụng hình sự,
6468,,,106,tố tụng hình sự,
6468,,,41,hình sự,
6468,,2,46,hình sự,
6468,p,1,46,hình sự,
6468,c,1,249,hình sự,
6468,,3,7,hình sự,
6468,,1,194,hình sự,
6468,,1,249,hình sự,
6469,,,136,tố tụng hình sự,
6469,,,106,tố tụng hình sự,
6469,,,47,hình sự,
6469,,,38,hình sự,
6469,s,1,51,hình sự,
6469,c,1,249,hình sự,
6471,,,333,tố tụng hình sự,
6471,,,331,tố tụng hình sự,
6471,,,106,tố tụng hình sự,
6471,,5,249,hình sự,
6471,s,1,51,hình sự,
6471,c,1,249,hình sự,
6471,o,2,249,hình sự,
6473,,,136,tố tụng hình sự,
6473,,5,249,hình sự,
6473,,,249,hình sự,
6473,s,1,51,hình sự,
6473,c,1,249,hình sự,
6475,,,30,luật khác,
6475,,,9,luật khác,
6475,,,7,luật khác,
6475,,,6,luật khác,
6475,,,2,luật khác,
6475,,2,106,tố tụng hình sự,
6475,,,7,hình sự,
6475,,2,136,tố tụng hình sự,
6475,a,2,106,tố tụng hình sự,
6475,s,1,51,hình sự,
6475,,,38,hình sự,
6475,c,1,249,hình sự,
6475,,3,7,hình sự,
6475,,1,194,hình sự,
6475,,1,249,hình sự,
6476,,,30,luật khác,
6476,,,9,luật khác,
6476,,,7,luật khác,
6476,,,6,luật khác,
6476,,,2,luật khác,
6476,,2,106,tố tụng hình sự,
6476,,2,136,tố tụng hình sự,
6476,,5,249,hình sự,
6476,a,2,106,tố tụng hình sự,
6476,s,1,51,hình sự,
6476,,,38,hình sự,
6476,c,1,249,hình sự,
6477,,,30,luật khác,Thi hành án dân sự
6477,,,9,luật khác,Thi hành án dân sự
6477,,,7,luật khác,Thi hành án dân sự
6477,,,6,luật khác,Thi hành án dân sự
6477,,,2,luật khác,Thi hành án dân sự
6477,,,136,tố tụng hình sự,
6477,,,135,tố tụng hình sự,
6477,,,106,tố tụng hình sự,
6477,,,47,hình sự,
6477,s,1,51,hình sự,
6477,,1,294,hình sự,
6477,,1,249,hình sự,
6478,,,30,luật khác,
6478,,,9,luật khác,
6478,,,7,luật khác,
6478,,,6,luật khác,
6478,,,2,luật khác,
6478,,2,136,tố tụng hình sự,
6478,a,2,106,tố tụng hình sự,
6478,,,38,hình sự,
6478,c,1,47,hình sự,
6478,s,1,51,hình sự,
6478,c,1,249,hình sự,
6479,,,329,tố tụng hình sự,
6479,,,136,tố tụng hình sự,
6479,,,106,tố tụng hình sự,
6479,,,47,hình sự,
6479,,,38,hình sự,
6479,s,1,51,hình sự,
6479,c,1,249,hình sự,
6480,,,136,tố tụng hình sự,
6480,a,2,106,tố tụng hình sự,
6480,,2,47,hình sự,
6480,,,106,tố tụng hình sự,
6480,,,47,hình sự,
6480,,,38,hình sự,
6480,s,1,51,hình sự,
6480,,1,249,hình sự,
6480,c,1,249,hình sự,
6481,,,136,tố tụng hình sự,
6481,c,2,106,tố tụng hình sự,
6481,a,2,106,tố tụng hình sự,
6481,a,1,47,hình sự,
6481,,,106,tố tụng hình sự,
6481,,,47,hình sự,
6481,,,38,hình sự,
6481,s,1,51,hình sự,
6481,c,1,249,hình sự,
6482,,,136,tố tụng hình sự,
6482,,,106,tố tụng hình sự,
6482,,,47,hình sự,
6482,s,1,51,hình sự,
6482,c,1,249,hình sự,
6483,,,329,tố tụng hình sự,
6483,,,136,tố tụng hình sự,
6483,,,106,tố tụng hình sự,
6483,,,41,hình sự,
6483,,,33,hình sự,
6483,,2,46,hình sự,
6483,p,1,46,hình sự,
6483,c,1,249,hình sự,
6484,,2,357,luật khác,
6484,,,136,tố tụng hình sự,
6484,,,135,tố tụng hình sự,
6484,,,106,tố tụng hình sự,
6484,,,47,hình sự,
6484,,,333,tố tụng hình sự,
6484,,,332,tố tụng hình sự,
6484,,,331,tố tụng hình sự,
6484,,,329,tố tụng hình sự,
6484,,,38,hình sự,
6484,s,2,51,hình sự,
6484,s,1,51,hình sự,
6484,,5,249,hình sự,
6484,c,1,249,hình sự,
6485,,3,106,tố tụng hình sự,
6485,,3,329,tố tụng hình sự,
6485,,1,329,tố tụng hình sự,
6485,c,1,249,hình sự,
6485,,2,136,tố tụng hình sự,
6485,a,3,106,tố tụng hình sự,
6485,a,2,106,tố tụng hình sự,
6485,,5,249,hình sự,
6485,,6,91,hình sự,
6485,,1,101,hình sự,
6485,,1,17,hình sự,
6485,s,1,51,hình sự,
6485,,1,249,hình sự,
6486,,3,106,tố tụng hình sự,
6486,,3,329,tố tụng hình sự,
6486,,1,329,tố tụng hình sự,
6486,c,1,249,hình sự,
6486,,2,136,tố tụng hình sự,
6486,a,3,106,tố tụng hình sự,
6486,a,2,106,tố tụng hình sự,
6486,,5,249,hình sự,
6486,s,2,51,hình sự,
6486,s,1,51,hình sự,
6486,,1,249,hình sự,
6487,,,30,luật khác,Luật Thi hành án dân sự
6487,,,9,luật khác,Luật Thi hành án dân sự
6487,,,7,luật khác,Luật Thi hành án dân sự
6487,,,6,luật khác,Luật Thi hành án dân sự
6487,,,2,luật khác,Luật Thi hành án dân sự
6487,,5,249,hình sự,
6487,,1,249,hình sự,
6487,,,249,hình sự,
6487,,2,136,tố tụng hình sự,
6487,,2,135,tố tụng hình sự,
6487,,,106,tố tụng hình sự,
6487,,,41,hình sự,
6487,g,1,48,hình sự,
6487,p,1,46,hình sự,
6487,,3,7,hình sự,
6487,,1,194,hình sự,
6487,c,1,249,hình sự,
6487,e,2,133,hình sự,
6488,,3,106,tố tụng hình sự,
6488,,3,7,hình sự,
6488,,3,329,tố tụng hình sự,
6488,,1,329,tố tụng hình sự,
6488,c,1,249,hình sự,
6488,,1,194,hình sự,
6488,,2,136,tố tụng hình sự,
6488,a,3,106,tố tụng hình sự,
6488,a,2,106,tố tụng hình sự,
6488,,5,249,hình sự,
6488,s,1,51,hình sự,
6488,,1,249,hình sự,
6489,,,50,hình sự,
6489,,5,249,hình sự,
6489,,1,52,hình sự,
6489,h,1,52,hình sự,
6489,,,38,hình sự,
6489,,,58,hình sự,
6489,,2,51,hình sự,
6489,s,1,51,hình sự,
6489,,1,249,hình sự,
6489,,1,194,hình sự,
6490,,2,136,tố tụng hình sự,
6490,,2,135,tố tụng hình sự,
6490,,5,249,hình sự,
6490,a,3,106,tố tụng hình sự,
6490,,2,47,hình sự,
6490,a,1,47,hình sự,
6490,s,1,51,hình sự,
6490,c,1,249,hình sự,
6491,,2,136,tố tụng hình sự,
6491,,2,135,tố tụng hình sự,
6491,,5,249,hình sự,
6491,a,2,106,tố tụng hình sự,
6491,c,1,47,hình sự,
6491,h,1,52,hình sự,
6491,,2,51,hình sự,
6491,s,1,51,hình sự,
6491,i,1,249,hình sự,
6492,,,30,luật khác,Luật Thi hành án dân sự
6492,,,9,luật khác,Luật Thi hành án dân sự
6492,,,7,luật khác,Luật Thi hành án dân sự
6492,,,6,luật khác,Luật Thi hành án dân sự
6492,,,2,luật khác,Luật Thi hành án dân sự
6492,,1,249,hình sự,
6492,,1,47,hình sự,
6492,,2,106,tố tụng hình sự,
6492,s,1,51,hình sự,
6492,c,1,249,hình sự,
6493,,2,136,tố tụng hình sự,
6493,,2,135,tố tụng hình sự,
6493,,5,249,hình sự,
6493,a,2,106,tố tụng hình sự,
6493,,1,106,tố tụng hình sự,
6493,s,1,51,hình sự,
6493,c,1,47,hình sự,
6493,a,1,47,hình sự,
6493,c,1,249,hình sự,
6494,,2,136,tố tụng hình sự,
6494,c,2,106,tố tụng hình sự,
6494,a,2,106,tố tụng hình sự,
6494,,1,47,hình sự,
6494,,2,51,hình sự,
6494,,5,65,hình sự,
6494,,,53,hình sự,
6494,,2,56,hình sự,
6494,h,1,52,hình sự,
6494,s,1,51,hình sự,
6494,g,2,249,hình sự,
6495,,2,136,tố tụng hình sự,
6495,,1,333,tố tụng hình sự,
6495,,,331,tố tụng hình sự,
6495,,5,249,hình sự,
6495,c,2,106,tố tụng hình sự,
6495,a,2,106,tố tụng hình sự,
6495,,1,106,tố tụng hình sự,
6495,c,1,47,hình sự,
6495,,,38,hình sự,
6495,s,1,51,hình sự,
6495,b,1,249,hình sự,
6496,a,3,106,tố tụng hình sự,
6496,,2,47,hình sự,
6496,,5,249,hình sự,
6496,,1,249,hình sự,
6496,,,194,hình sự,
6496,a,2,106,tố tụng hình sự,
6496,c,1,47,hình sự,
6496,s,1,51,hình sự,
6496,c,1,249,hình sự,
6497,,,136,tố tụng hình sự,
6497,,2,106,tố tụng hình sự,
6497,,,47,hình sự,
6497,s,1,51,hình sự,
6497,c,1,249,hình sự,
6498,,2,136,tố tụng hình sự,
6498,a,2,106,tố tụng hình sự,
6498,,1,106,tố tụng hình sự,
6498,c,1,47,hình sự,
6498,,,38,hình sự,
6498,,2,51,hình sự,
6498,s,1,51,hình sự,
6498,c,1,249,hình sự,
6500,,5,249,hình sự,
6500,,,136,tố tụng hình sự,
6500,a,2,106,tố tụng hình sự,
6500,c,1,47,hình sự,
6500,,2,51,hình sự,
6500,s,1,51,hình sự,
6500,i,1,249,hình sự,
6501,,,136,tố tụng hình sự,
6501,,5,249,hình sự,
6501,a,2,106,tố tụng hình sự,
6501,c,1,47,hình sự,
6501,s,1,51,hình sự,
6501,c,1,249,hình sự,
6501,,1,249,hình sự,
6502,,,136,tố tụng hình sự,
6502,,5,249,hình sự,
6502,c,2,106,tố tụng hình sự,
6502,a,2,106,tố tụng hình sự,
6502,c,1,47,hình sự,
6502,s,1,51,hình sự,
6502,b,1,249,hình sự,
6503,,2,136,tố tụng hình sự,
6503,,,106,tố tụng hình sự,
6503,,,47,hình sự,
6503,,,38,hình sự,
6503,s,1,51,hình sự,
6503,c,1,249,hình sự,
6504,,,136,tố tụng hình sự,
6504,,,106,tố tụng hình sự,
6504,,1,47,hình sự,
6504,,,38,hình sự,
6504,c,1,249,hình sự,
6504,s,1,51,hình sự,
6504,,1,249,hình sự,
6505,,,333,tố tụng hình sự,
6505,,,331,tố tụng hình sự,
6505,,2,136,tố tụng hình sự,
6505,a,2,106,tố tụng hình sự,
6505,c,1,47,hình sự,
6505,,,329,tố tụng hình sự,
6505,a,3,106,tố tụng hình sự,
6505,,1,47,hình sự,
6505,s,1,51,hình sự,
6505,g,2,249,hình sự,
6506,,,30,luật khác,
6506,,,9,luật khác,Luật Thi hành án dân sự
6506,b,,7,luật khác,Luật Thi hành án dân sự
6506,a,,7,luật khác,Luật Thi hành án dân sự
6506,,,6,luật khác,Luật Thi hành án dân sự
6506,,,2,luật khác,Luật Thi hành án dân sự
6506,,2,136,tố tụng hình sự,
6506,,2,106,tố tụng hình sự,
6506,,1,47,hình sự,
6506,s,1,51,hình sự,
6506,c,1,249,hình sự,
6509,,,30,luật khác,Luật thi hành án dân sự
6509,,,9,luật khác,Luật thi hành án dân sự
6509,,,7,luật khác,Luật thi hành án dân sự
6509,,,6,luật khác,Luật thi hành án dân sự
6509,,,2,luật khác,Luật thi hành án dân sự
6509,,2,136,tố tụng hình sự,
6509,c,1,47,hình sự,
6509,a,2,106,tố tụng hình sự,
6509,,,38,hình sự,
6509,s,1,51,hình sự,
6509,,1,249,hình sự,
6511,,2,135,tố tụng hình sự,
6511,a,2,106,tố tụng hình sự,
6511,c,2,47,hình sự,
6511,a,2,47,hình sự,
6511,c,1,47,hình sự,
6511,a,1,47,hình sự,
6511,,2,51,hình sự,
6511,,2,106,tố tụng hình sự,
6511,,2,47,hình sự,
6511,,1,47,hình sự,
6511,,,329,tố tụng hình sự,
6511,,,38,hình sự,
6511,s,2,51,hình sự,
6511,s,1,51,hình sự,
6511,c,1,249,hình sự,
6513,,,333,tố tụng hình sự,
6513,,,331,tố tụng hình sự,
6513,,2,136,tố tụng hình sự,
6513,,,135,tố tụng hình sự,
6513,,5,249,hình sự,
6513,s,1,51,hình sự,
6513,h,1,52,hình sự,
6513,,,106,tố tụng hình sự,
6513,,,47,hình sự,
6513,,,38,hình sự,
6513,,,104,hình sự,
6513,,,36,hình sự,
6513,,,52,hình sự,
6513,c,1,249,hình sự,
6513,a,2,157,hình sự,
6513,,,153,hình sự,
6513,b,2,155,hình sự,
6513,c,2,155,hình sự,
6514,,,333,tố tụng hình sự,
6514,,,331,tố tụng hình sự,
6514,,2,136,tố tụng hình sự,
6514,,,135,tố tụng hình sự,
6514,,5,249,hình sự,
6514,s,1,51,hình sự,
6514,,,106,tố tụng hình sự,
6514,,,47,hình sự,
6514,,,38,hình sự,
6514,đ,2,32,hình sự,
6514,c,1,249,hình sự,
6516,c,2,106,tố tụng hình sự,
6516,,1,47,hình sự,
6516,,1,249,hình sự,
6516,,,56,hình sự,
6516,,,38,hình sự,
6516,s,1,51,hình sự,
6516,c,1,249,hình sự,
6517,,,333,tố tụng hình sự,
6517,,,331,tố tụng hình sự,
6517,,,106,tố tụng hình sự,
6517,,,47,hình sự,
6517,t,1,51,hình sự,
6517,s,1,51,hình sự,
6517,,5,249,hình sự,
6517,i,1,249,hình sự,
6517,,2,249,hình sự,
6518,,2,56,hình sự,
6518,a,1,55,hình sự,
6518,,,136,tố tụng hình sự,
6518,a,2,106,tố tụng hình sự,
6518,c,1,47,hình sự,
6518,,5,249,hình sự,
6518,,2,51,hình sự,
6518,,,106,tố tụng hình sự,
6518,,,47,hình sự,
6518,,,56,hình sự,
6518,h,1,52,hình sự,
6518,s,1,51,hình sự,
6518,,,38,hình sự,
6518,g,2,249,hình sự,
6519,,,333,tố tụng hình sự,
6519,,,331,tố tụng hình sự,
6519,,,136,tố tụng hình sự,
6519,,,135,tố tụng hình sự,
6519,,,106,tố tụng hình sự,
6519,,1,41,hình sự,
6519,p,2,194,hình sự,
6519,,2,249,hình sự,
6519,,2,194,hình sự,
6519,p,1,46,hình sự,
6519,o,2,249,hình sự,
6521,,2,136,tố tụng hình sự,
6521,,1,333,tố tụng hình sự,
6521,,,331,tố tụng hình sự,
6521,,5,249,hình sự,
6521,c,2,106,tố tụng hình sự,
6521,a,2,106,tố tụng hình sự,
6521,,1,106,tố tụng hình sự,
6521,c,1,47,hình sự,
6521,,,38,hình sự,
6521,s,1,51,hình sự,
6521,b,1,249,hình sự,
6522,,,106,tố tụng hình sự,
6522,,,47,hình sự,
6522,,,46,hình sự,
6522,s,1,51,hình sự,
6522,,,50,hình sự,
6522,,,38,hình sự,
6522,c,1,249,hình sự,
6523,,,136,tố tụng hình sự,
6523,a,2,106,tố tụng hình sự,
6523,,1,106,tố tụng hình sự,
6523,c,1,47,hình sự,
6523,,5,249,hình sự,
6523,,,106,tố tụng hình sự,
6523,,,47,hình sự,
6523,,,38,hình sự,
6523,h,1,52,hình sự,
6523,s,1,51,hình sự,
6523,c,1,249,hình sự,
6524,,2,136,tố tụng hình sự,
6524,c,2,106,tố tụng hình sự,
6524,a,2,106,tố tụng hình sự,
6524,s,1,51,hình sự,
6524,c,1,249,hình sự,
6525,,2,51,hình sự,
6525,,,333,tố tụng hình sự,
6525,,,331,tố tụng hình sự,
6525,,,136,tố tụng hình sự,
6525,,,106,tố tụng hình sự,
6525,,,47,hình sự,
6525,,,38,hình sự,
6525,s,1,51,hình sự,
6525,c,1,249,hình sự,
6527,,,333,tố tụng hình sự,
6527,,,331,tố tụng hình sự,
6527,,1,47,hình sự,
6527,,,260,tố tụng hình sự,
6527,c,1,294,hình sự,
6527,,,135,tố tụng hình sự,
6527,,5,249,hình sự,
6527,,,106,tố tụng hình sự,
6527,,,38,hình sự,
6527,,,47,hình sự,
6527,s,1,51,hình sự,
6527,c,1,249,hình sự,
6529,,,333,tố tụng hình sự,
6529,,,331,tố tụng hình sự,
6529,,,136,tố tụng hình sự,
6529,,,38,hình sự,
6529,,5,249,hình sự,
6529,,,106,tố tụng hình sự,
6529,,,47,hình sự,
6529,s,2,51,hình sự,
6529,s,1,51,hình sự,
6529,c,1,249,hình sự,
6530,,,333,tố tụng hình sự,
6530,,,331,tố tụng hình sự,
6530,,1,47,hình sự,
6530,,,260,tố tụng hình sự,
6530,,,136,tố tụng hình sự,
6530,,5,249,hình sự,
6530,,,106,tố tụng hình sự,
6530,,,38,hình sự,
6530,,,47,hình sự,
6530,s,1,51,hình sự,
6530,c,1,249,hình sự,
6531,,,30,luật khác,Luật Thi hành án dân sự
6531,,,9,luật khác,Luật Thi hành án dân sự
6531,,,7,luật khác,Luật Thi hành án dân sự
6531,,,6,luật khác,Luật Thi hành án dân sự
6531,,,2,luật khác,Luật Thi hành án dân sự
6531,,,26,luật khác,Luật Thi hành án dân sự
6531,c,2,106,tố tụng hình sự,
6531,a,2,106,tố tụng hình sự,
6531,c,1,47,hình sự,
6531,a,1,47,hình sự,
6531,s,1,51,hình sự,
6531,r,1,51,hình sự,
6531,c,1,249,hình sự,
6532,,,136,tố tụng hình sự,
6532,,1,47,hình sự,
6532,a,2,106,tố tụng hình sự,
6532,c,1,47,hình sự,
6532,s,1,51,hình sự,
6532,t,1,51,hình sự,
6532,c,1,249,hình sự,
6533,,,136,tố tụng hình sự,
6533,a,2,106,tố tụng hình sự,
6533,c,1,47,hình sự,
6533,s,2,51,hình sự,
6533,s,1,51,hình sự,
6533,c,1,249,hình sự,
6534,,1,333,tố tụng hình sự,
6534,,1,331,tố tụng hình sự,
6534,,2,136,tố tụng hình sự,
6534,,,106,tố tụng hình sự,
6534,,,249,hình sự,
6534,,,47,hình sự,
6534,,,38,hình sự,
6534,x,1,51,hình sự,
6534,s,1,51,hình sự,
6534,c,1,249,hình sự,
6535,,2,136,tố tụng hình sự,
6535,c,2,106,tố tụng hình sự,
6535,a,2,106,tố tụng hình sự,
6535,c,1,47,hình sự,
6535,s,1,51,hình sự,
6535,,3,7,hình sự,
6535,c,1,249,hình sự,
6536,,,30,luật khác,
6536,,,2,luật khác,
6536,,,333,tố tụng hình sự,
6536,,,136,tố tụng hình sự,
6536,,5,249,hình sự,
6536,,,106,tố tụng hình sự,
6536,,,47,hình sự,
6536,s,1,51,hình sự,
6536,c,1,249,hình sự,
6537,,,30,luật khác,
6537,,,2,luật khác,
6537,,,333,tố tụng hình sự,
6537,,,136,tố tụng hình sự,
6537,,5,249,hình sự,
6537,,,106,tố tụng hình sự,
6537,,,47,hình sự,
6537,s,1,51,hình sự,
6537,c,1,249,hình sự,
6537,,3,7,hình sự,
6537,,1,194,hình sự,
6538,,,30,luật khác,Luật Thi hành án dân sự
6538,,,9,luật khác,Luật Thi hành án dân sự
6538,,,7,luật khác,Luật Thi hành án dân sự
6538,,,6,luật khác,Luật Thi hành án dân sự
6538,,,2,luật khác,Luật Thi hành án dân sự
6538,,,136,tố tụng hình sự,
6538,c,1,249,hình sự,
6538,,2,7,hình sự,
6538,,1,249,hình sự,
6538,,1,194,hình sự,
6538,c,2,106,tố tụng hình sự,
6538,a,2,106,tố tụng hình sự,
6538,c,1,47,hình sự,
6538,,3,7,hình sự,
6538,s,1,51,hình sự,
6538,i,1,249,hình sự,
6539,,2,136,tố tụng hình sự,
6539,,,106,tố tụng hình sự,
6539,,,38,hình sự,
6539,s,1,51,hình sự,
6539,c,1,249,hình sự,
6541,,,333,tố tụng hình sự,
6541,,,332,tố tụng hình sự,
6541,,,331,tố tụng hình sự,
6541,,,106,tố tụng hình sự,
6541,,,47,hình sự,
6541,,,329,tố tụng hình sự,
6541,,,38,hình sự,
6541,s,1,51,hình sự,
6541,,5,249,hình sự,
6541,c,1,249,hình sự,
6542,,,30,luật khác,Luật Thi hành án dân sự
6542,,,9,luật khác,Luật Thi hành án dân sự
6542,,,7,luật khác,Luật Thi hành án dân sự
6542,,,6,luật khác,Luật Thi hành án dân sự
6542,,,2,luật khác,Luật Thi hành án dân sự
6542,,,136,tố tụng hình sự,
6542,,,135,tố tụng hình sự,
6542,,,106,tố tụng hình sự,
6542,,,47,hình sự,
6542,,,38,hình sự,
6542,,2,51,hình sự,
6542,s,1,51,hình sự,
6542,c,1,249,hình sự,
6543,,1,333,tố tụng hình sự,
6543,,1,331,tố tụng hình sự,
6543,,,106,tố tụng hình sự,
6543,,1,47,hình sự,
6543,s,1,51,hình sự,
6543,c,1,249,hình sự,
6544,,,30,luật khác,
6544,,,2,luật khác,
6544,,,135,tố tụng hình sự,
6544,a,2,106,tố tụng hình sự,
6544,c,1,47,hình sự,
6544,a,1,47,hình sự,
6544,a,1,55,hình sự,
6544,,,55,hình sự,
6544,s,1,51,hình sự,
6544,,1,305,hình sự,
6544,c,1,249,hình sự,
6545,,,30,luật khác,
6545,,,9,luật khác,
6545,,,7,luật khác,
6545,,,6,luật khác,
6545,,,2,luật khác,
6545,,,136,tố tụng hình sự,
6545,,,135,tố tụng hình sự,
6545,,,106,tố tụng hình sự,
6545,,,47,hình sự,
6545,,,38,hình sự,
6545,s,1,51,hình sự,
6545,c,1,249,hình sự,
6546,,,136,tố tụng hình sự,
6546,,,106,tố tụng hình sự,
6546,,,47,hình sự,
6546,,,38,hình sự,
6546,s,1,51,hình sự,
6546,c,1,249,hình sự,
6547,,,136,tố tụng hình sự,án sơ thẩm
6547,s,2,51,hình sự,án sơ thẩm
6547,,1,194,hình sự,án sơ thẩm
6547,,,356,tố tụng hình sự,án sơ thẩm
6547,a,1,355,tố tụng hình sự,án sơ thẩm
6547,,2,51,hình sự,án sơ thẩm
6547,,,47,hình sự,án sơ thẩm
6547,s,1,51,hình sự,án sơ thẩm
6547,c,1,249,hình sự,án sơ thẩm
6548,,,30,luật khác,
6548,,,9,luật khác,
6548,a,,7,luật khác,
6548,,,7,luật khác,
6548,,,2,luật khác,
6548,,,136,tố tụng hình sự,
6548,,,135,tố tụng hình sự,
6548,,,52,hình sự,
6548,,,249,hình sự,
6548,,,106,tố tụng hình sự,
6548,,,47,hình sự,
6548,,,46,hình sự,
6548,,,50,hình sự,
6548,,,38,hình sự,
6548,s,2,51,hình sự,
6548,s,1,51,hình sự,
6548,c,1,249,hình sự,
6550,c,1,249,hình sự,
6550,,3,7,hình sự,
6551,,1,194,hình sự,
6551,,1,249,hình sự,
6551,,,136,tố tụng hình sự,
6551,,3,106,tố tụng hình sự,
6551,c,2,106,tố tụng hình sự,
6551,a,2,106,tố tụng hình sự,
6551,c,1,47,hình sự,
6551,s,1,51,hình sự,
6551,c,1,249,hình sự,
6553,c,2,106,tố tụng hình sự,
6553,a,2,106,tố tụng hình sự,
6553,c,1,47,hình sự,
6553,,1,194,hình sự,
6553,,1,249,hình sự,
6553,,,136,tố tụng hình sự,
6553,,2,106,tố tụng hình sự,
6553,s,1,51,hình sự,
6553,c,1,249,hình sự,
6554,,3,7,hình sự,
6554,c,1,249,hình sự,
6554,,,356,tố tụng hình sự,
6554,a,1,355,tố tụng hình sự,
6554,s,1,51,hình sự,
6554,,1,194,hình sự,
6555,,,249,hình sự,
6555,,,106,tố tụng hình sự,
6555,,1,47,hình sự,
6555,s,1,51,hình sự,
6555,c,1,249,hình sự,
6556,,,337,tố tụng hình sự,
6556,,,333,tố tụng hình sự,
6556,,,331,tố tụng hình sự,
6556,,,106,tố tụng hình sự,
6556,,,38,hình sự,
6556,,5,249,hình sự,
6556,s,1,51,hình sự,
6556,c,1,249,hình sự,
6558,,,30,luật khác,Luật thi hành án dân sự
6558,,,9,luật khác,Luật thi hành án dân sự
6558,,,7,luật khác,Luật thi hành án dân sự
6558,,,2,luật khác,Luật thi hành án dân sự
6558,,,136,tố tụng hình sự,
6558,,,135,tố tụng hình sự,
6558,,,52,hình sự,
6558,,,249,hình sự,
6558,,,106,tố tụng hình sự,
6558,,,47,hình sự,
6558,,,46,hình sự,
6558,h,1,52,hình sự,
6558,,,38,hình sự,
6558,,,58,hình sự,
6558,,,50,hình sự,
6558,,,17,hình sự,
6558,,2,51,hình sự,
6558,s,1,51,hình sự,
6558,,,7,hình sự,
6558,c,1,249,hình sự,
6559,,2,136,tố tụng hình sự,
6559,,,135,tố tụng hình sự,
6559,c,2,106,tố tụng hình sự,
6559,a,2,106,tố tụng hình sự,
6559,c,1,47,hình sự,
6559,,2,51,hình sự,
6559,s,1,51,hình sự,
6559,c,1,249,hình sự,
6560,,,136,tố tụng hình sự,
6560,,,106,tố tụng hình sự,
6560,,1,194,hình sự,
6560,,2,136,tố tụng hình sự,
6560,a,2,106,tố tụng hình sự,
6560,c,1,47,hình sự,
6560,,3,7,hình sự,
6560,s,1,51,hình sự,
6560,c,1,249,hình sự,
6561,p,2,194,hình sự,
6561,,,249,hình sự,
6561,,,136,tố tụng hình sự,
6561,,2,106,tố tụng hình sự,
6561,c,1,47,hình sự,
6561,,3,7,hình sự,
6561,s,1,51,hình sự,
6561,o,2,249,hình sự,
6562,,1,194,hình sự,
6562,,1,249,hình sự,
6562,,,136,tố tụng hình sự,
6562,,3,106,tố tụng hình sự,
6562,c,2,106,tố tụng hình sự,
6562,a,2,106,tố tụng hình sự,
6562,c,1,47,hình sự,
6562,s,1,51,hình sự,
6562,,3,7,hình sự,
6562,c,1,249,hình sự,
6563,,,136,tố tụng hình sự,
6563,,3,106,tố tụng hình sự,
6563,c,2,106,tố tụng hình sự,
6563,a,2,106,tố tụng hình sự,
6563,c,1,47,hình sự,
6563,a,1,47,hình sự,
6563,s,1,51,hình sự,
6563,c,1,249,hình sự,
6564,,1,194,hình sự,
6564,,1,249,hình sự,
6564,,,136,tố tụng hình sự,
6564,,3,106,tố tụng hình sự,
6564,c,2,106,tố tụng hình sự,
6564,a,2,106,tố tụng hình sự,
6564,c,1,47,hình sự,
6564,s,1,51,hình sự,
6564,,3,7,hình sự,
6564,c,1,249,hình sự,
6565,,,136,tố tụng hình sự,
6565,,3,106,tố tụng hình sự,
6565,c,2,106,tố tụng hình sự,
6565,a,2,106,tố tụng hình sự,
6565,c,1,47,hình sự,
6565,s,1,51,hình sự,
6565,c,1,249,hình sự,
6566,,3,7,hình sự,
6566,c,1,249,hình sự,
6566,,,356,tố tụng hình sự,
6566,a,1,355,tố tụng hình sự,
6566,,1,194,hình sự,
6566,s,1,51,hình sự,
6566,,1,249,hình sự,
6567,,,106,tố tụng hình sự,
6567,,,329,tố tụng hình sự,
6567,,2,52,hình sự,
6567,b,2,51,hình sự,
6567,g,1,48,hình sự,
6567,,2,106,tố tụng hình sự,
6567,,,50,hình sự,
6567,,,38,hình sự,
6567,s,1,51,hình sự,
6567,o,2,249,hình sự,
6568,,,136,tố tụng hình sự,
6568,,2,51,hình sự,
6568,,,106,tố tụng hình sự,
6568,,,47,hình sự,
6568,s,1,51,hình sự,
6568,c,1,249,hình sự,
6568,c,1,251,hình sự,
6569,,,136,tố tụng hình sự,
6569,,2,106,tố tụng hình sự,
6569,c,1,47,hình sự,
6569,s,1,51,hình sự,
6569,,3,7,hình sự,
6569,c,1,249,hình sự,
6570,,2,136,tố tụng hình sự,
6570,,,136,tố tụng hình sự,
6570,,2,106,tố tụng hình sự,
6570,c,1,47,hình sự,
6570,s,1,51,hình sự,
6570,c,1,249,hình sự,
6573,a,2,106,tố tụng hình sự,
6573,,1,249,hình sự,
6573,s,1,51,hình sự,
6573,c,1,249,hình sự,
6574,a,3,106,tố tụng hình sự,
6574,a,2,106,tố tụng hình sự,
6574,,,194,hình sự,
6574,,1,249,hình sự,
6574,,3,7,hình sự,
6574,p,1,46,hình sự,
6574,,1,194,hình sự,
6575,,1,262,tố tụng hình sự,
6575,,2,135,tố tụng hình sự,
6575,,1,329,tố tụng hình sự,
6575,c,1,47,hình sự,
6575,,2,51,hình sự,
6575,,,106,tố tụng hình sự,
6575,,,47,hình sự,
6575,s,1,51,hình sự,
6575,c,1,249,hình sự,
6576,,,30,luật khác,
6576,,,9,luật khác,
6576,,,7,luật khác,
6576,,,6,luật khác,
6576,,,2,luật khác,
6576,,2,468,luật khác,
6576,,5,249,hình sự,
6576,,,106,tố tụng hình sự,
6576,,,47,hình sự,
6576,,2,51,hình sự,
6576,s,1,51,hình sự,
6576,c,1,249,hình sự,
6577,,,30,luật khác,Luật thi hành án dân sự
6577,,,9,luật khác,Luật thi hành án dân sự
6577,,,7,luật khác,Luật thi hành án dân sự
6577,,,2,luật khác,Luật thi hành án dân sự
6577,,,6,luật khác,Luật thi hành án dân sự
6577,,,26,luật khác,Luật thi hành án dân sự
6577,,,329,tố tụng hình sự,
6577,,,136,tố tụng hình sự,
6577,,,47,hình sự,
6577,,2,51,hình sự,
6577,,,106,tố tụng hình sự,
6577,,,38,hình sự,
6577,s,1,51,hình sự,
6577,c,1,249,hình sự,
6578,,,106,tố tụng hình sự,
6578,,,333,tố tụng hình sự,
6578,,,331,tố tụng hình sự,
6578,,,136,tố tụng hình sự,
6578,,1,249,hình sự,
6578,s,1,51,hình sự,
6578,c,1,249,hình sự,
6581,,,329,tố tụng hình sự,
6581,,,119,tố tụng hình sự,
6581,,,113,tố tụng hình sự,
6581,,,109,tố tụng hình sự,
6581,,,326,tố tụng hình sự,
6581,,,299,tố tụng hình sự,
6581,,,333,tố tụng hình sự,
6581,,,331,tố tụng hình sự,
6581,,,106,tố tụng hình sự,
6581,,,47,hình sự,
6581,h,1,52,hình sự,
6581,s,1,51,hình sự,
6581,c,1,249,hình sự,
6582,,,136,tố tụng hình sự,
6582,,,106,tố tụng hình sự,
6582,,,47,hình sự,
6582,s,1,51,hình sự,
6582,c,1,249,hình sự,
6584,,,30,luật khác,
6584,,,2,luật khác,
6584,,2,136,tố tụng hình sự,
6584,a,2,106,tố tụng hình sự,
6584,c,1,47,hình sự,
6584,s,1,50,hình sự,
6584,,5,249,hình sự,
6584,s,1,51,hình sự,
6584,c,1,249,hình sự,
6586,,,30,luật khác,
6586,,,2,luật khác,
6586,,,136,tố tụng hình sự,
6586,,,106,tố tụng hình sự,
6586,,,47,hình sự,
6586,,,58,hình sự,
6586,,,17,hình sự,
6586,s,1,51,hình sự,
6586,c,1,249,hình sự,
6589,,,30,luật khác,
6589,,,2,luật khác,
6589,,,136,tố tụng hình sự,
6589,,5,249,hình sự,
6589,,,106,tố tụng hình sự,
6589,,,47,hình sự,
6589,s,1,51,hình sự,
6589,c,1,249,hình sự,
6590,,,30,luật khác,
6590,,,2,luật khác,
6590,,,136,tố tụng hình sự,
6590,,5,249,hình sự,
6590,,,106,tố tụng hình sự,
6590,,,47,hình sự,
6590,s,1,51,hình sự,
6590,c,1,249,hình sự,
6592,,,30,luật khác,
6592,,,2,luật khác,
6592,,2,136,tố tụng hình sự,
6592,,3,106,tố tụng hình sự,
6592,,1,41,hình sự,
6592,,5,194,hình sự,
6592,p,1,46,hình sự,
6592,,1,194,hình sự,
6592,,2,106,tố tụng hình sự,
6592,s,1,51,hình sự,
6592,c,1,249,hình sự,
6593,,,30,luật khác,
6593,,,9,luật khác,
6593,,,7,luật khác,
6593,,,6,luật khác,
6593,,,2,luật khác,
6593,,,3,luật khác,
6593,,,106,tố tụng hình sự,
6593,s,1,51,hình sự,
6593,c,1,249,hình sự,
6594,,,30,luật khác,
6594,,,2,luật khác,
6594,,,135,tố tụng hình sự,
6594,a,2,106,tố tụng hình sự,
6594,c,1,47,hình sự,
6594,a,1,47,hình sự,
6594,a,1,55,hình sự,
6594,,,55,hình sự,
6594,s,1,51,hình sự,
6594,,1,305,hình sự,
6594,c,1,249,hình sự,
6595,,,136,tố tụng hình sự,
6595,,,106,tố tụng hình sự,
6595,,,47,hình sự,
6595,,1,249,hình sự,
6595,,1,194,hình sự,
6595,s,1,51,hình sự,
6595,c,1,249,hình sự,
6596,,,333,tố tụng hình sự,
6596,,,331,tố tụng hình sự,
6596,,2,136,tố tụng hình sự,
6596,,,52,hình sự,
6596,,,249,hình sự,
6596,,,106,tố tụng hình sự,
6596,,,47,hình sự,
6596,,5,249,hình sự,
6596,s,1,51,hình sự,
6596,c,1,249,hình sự,
6597,,,30,luật khác,
6597,,,2,luật khác,
6597,,2,136,tố tụng hình sự,
6597,,2,106,tố tụng hình sự,
6597,,,47,hình sự,
6597,s,1,51,hình sự,
6597,c,1,249,hình sự,
6598,,,30,luật khác,
6598,,,2,luật khác,
6598,,2,136,tố tụng hình sự,
6598,,2,106,tố tụng hình sự,
6598,s,1,51,hình sự,
6598,c,1,249,hình sự,
6599,,2,136,tố tụng hình sự,
6599,,2,106,tố tụng hình sự,
6599,,1,106,tố tụng hình sự,
6599,,,106,tố tụng hình sự,
6599,,,47,hình sự,
6599,p,1,46,hình sự,
6599,,3,35,hình sự,
6599,,2,35,hình sự,
6599,,5,249,hình sự,
6599,,3,7,hình sự,
6599,n,2,249,hình sự,
6599,,,289,hình sự,
6599,,,279,hình sự,
6599,,,278,hình sự,
6599,,,194,hình sự,
6599,,,193,hình sự,
6599,,,139,hình sự,
6599,,2,194,hình sự,
6599,e,3,194,hình sự,
6599,b,3,194,hình sự,
6600,,,30,luật khác,Luật Thi hành án dân sự
6600,,,9,luật khác,Luật Thi hành án dân sự
6600,,,7,luật khác,Luật Thi hành án dân sự
6600,,,6,luật khác,Luật Thi hành án dân sự
6600,,,2,luật khác,Luật Thi hành án dân sự
6600,,,136,tố tụng hình sự,
6600,,,135,tố tụng hình sự,
6600,,,106,tố tụng hình sự,
6600,,,47,hình sự,
6600,,,50,hình sự,
6600,,,58,hình sự,
6600,,,38,hình sự,
6600,,,17,hình sự,
6600,s,1,51,hình sự,
6600,c,1,249,hình sự,
6602,,,333,tố tụng hình sự,
6602,,,331,tố tụng hình sự,
6602,,,136,tố tụng hình sự,
6602,,,106,tố tụng hình sự,
6602,,,47,hình sự,
6602,,3,7,hình sự,
6602,,,38,hình sự,
6602,s,1,51,hình sự,
6602,c,1,249,hình sự,
6603,,2,136,tố tụng hình sự,
6603,,5,249,hình sự,
6603,,2,46,hình sự,
6603,,3,7,hình sự,
6603,,1,194,hình sự,
6603,,2,106,tố tụng hình sự,
6603,,2,41,hình sự,
6603,,1,41,hình sự,
6603,p,2,46,hình sự,
6603,p,1,46,hình sự,
6603,c,1,249,hình sự,
6604,,2,136,tố tụng hình sự,
6604,,5,249,hình sự,
6604,p,2,194,hình sự,
6604,,3,7,hình sự,
6604,,2,106,tố tụng hình sự,
6604,,2,41,hình sự,
6604,,1,41,hình sự,
6604,p,1,46,hình sự,
6604,o,2,249,hình sự,
6605,,,136,tố tụng hình sự,
6605,,,106,tố tụng hình sự,
6605,s,1,51,hình sự,
6605,,3,7,hình sự,
6605,,1,194,hình sự,
6605,h,1,52,hình sự,
6605,c,1,249,hình sự,
6606,,,333,tố tụng hình sự,
6606,,,332,tố tụng hình sự,
6606,,,331,tố tụng hình sự,
6606,,,135,tố tụng hình sự,
6606,,,106,tố tụng hình sự,
6606,,,47,hình sự,
6606,,,38,hình sự,
6606,s,1,51,hình sự,
6606,c,1,249,hình sự,
6606,,1,194,hình sự,
6606,,4,194,hình sự,
6609,,,333,tố tụng hình sự,
6609,,,331,tố tụng hình sự,
6609,,2,136,tố tụng hình sự,
6609,,2,106,tố tụng hình sự,
6609,,,47,hình sự,
6609,,,136,tố tụng hình sự,
6609,,,106,tố tụng hình sự,
6609,,,38,hình sự,
6609,s,1,51,hình sự,
6609,c,1,249,hình sự,
6609,,3,7,hình sự,
6609,,1,194,hình sự,
6610,,,337,tố tụng hình sự,
6610,,,333,tố tụng hình sự,
6610,,,331,tố tụng hình sự,
6610,,,38,hình sự,
6610,,5,249,hình sự,
6610,,,106,tố tụng hình sự,
6610,s,1,51,hình sự,
6610,c,1,249,hình sự,
6611,,2,76,tố tụng hình sự,
6611,,1,41,hình sự,
6611,,,53,hình sự,
6611,,,30,hình sự,
6611,h,1,46,hình sự,
6611,,1,248,hình sự,
6611,,,222,tố tụng hình sự,
6611,,,199,tố tụng hình sự,
6611,,,106,tố tụng hình sự,
6611,,1,47,hình sự,
6611,,,293,tố tụng hình sự,
6611,,,292,tố tụng hình sự,
6611,,,33,hình sự,
6611,o,2,46,hình sự,
6611,o,1,46,hình sự,
6611,p,2,46,hình sự,
6611,p,1,46,hình sự,
6611,,1,194,hình sự,
6612,,,30,luật khác,
6612,,,9,luật khác,
6612,,,7,luật khác,
6612,,,6,luật khác,
6612,,,26,luật khác,
6612,,2,136,tố tụng hình sự,
6612,a,2,106,tố tụng hình sự,
6612,c,1,47,hình sự,
6612,,,106,tố tụng hình sự,
6612,,,47,hình sự,
6612,s,1,51,hình sự,
6612,c,1,249,hình sự,
6613,,,136,tố tụng hình sự,
6613,,,106,tố tụng hình sự,
6613,,,101,hình sự,
6613,,,91,hình sự,
6613,s,1,51,hình sự,
6613,c,1,249,hình sự,
6614,,2,136,tố tụng hình sự,
6614,,,106,tố tụng hình sự,
6614,,,47,hình sự,
6614,,,38,hình sự,
6614,,2,51,hình sự,
6614,s,1,51,hình sự,
6614,,,52,hình sự,
6614,,3,7,hình sự,
6614,,1,249,hình sự,
6614,,,76,tố tụng hình sự,
6614,,,41,hình sự,
6614,c,1,249,hình sự,
6614,,,7,hình sự,
6614,,,33,hình sự,
6614,,2,46,hình sự,
6614,p,1,46,hình sự,
6614,,1,194,hình sự,
6615,,2,136,tố tụng hình sự,
6615,,,47,hình sự,
6615,,,38,hình sự,
6615,s,1,51,hình sự,
6615,,,52,hình sự,
6615,,3,7,hình sự,
6615,,1,249,hình sự,
6615,,,106,tố tụng hình sự,
6615,,,41,hình sự,
6615,c,1,249,hình sự,
6615,,,33,hình sự,
6615,p,1,46,hình sự,
6615,,1,194,hình sự,
6616,,2,136,tố tụng hình sự,
6616,,,106,tố tụng hình sự,
6616,,,47,hình sự,
6616,,,38,hình sự,
6616,c,1,249,hình sự,
6616,s,1,51,hình sự,
6616,,,52,hình sự,
6616,,,7,hình sự,
6616,,,76,tố tụng hình sự,
6616,,,41,hình sự,
6616,,1,249,hình sự,
6616,,,33,hình sự,
6616,p,1,46,hình sự,
6616,,1,194,hình sự,
6617,,2,136,tố tụng hình sự,
6617,,3,7,hình sự,
6617,,1,194,hình sự,
6617,,1,249,hình sự,
6617,,,106,tố tụng hình sự,
6617,,,47,hình sự,
6617,,,38,hình sự,
6617,h,1,52,hình sự,
6617,s,1,51,hình sự,
6617,c,1,249,hình sự,
6618,,,333,tố tụng hình sự,
6618,,,331,tố tụng hình sự,
6618,,2,136,tố tụng hình sự,
6618,,,329,tố tụng hình sự,
6618,c,1,47,hình sự,
6618,a,2,106,tố tụng hình sự,
6618,,5,249,hình sự,
6618,,,249,hình sự,
6618,,1,194,hình sự,
6618,,,136,tố tụng hình sự,
6618,,,106,tố tụng hình sự,
6618,,,47,hình sự,
6618,,,38,hình sự,
6618,h,1,52,hình sự,
6618,s,1,51,hình sự,
6618,,3,7,hình sự,
6618,c,1,249,hình sự,
6619,,,136,tố tụng hình sự,
6619,c,1,357,tố tụng hình sự,
6619,b,1,355,tố tụng hình sự,
6619,,,356,tố tụng hình sự,
6619,c,2,106,tố tụng hình sự,
6619,a,2,106,tố tụng hình sự,
6619,,1,106,tố tụng hình sự,
6619,,2,41,hình sự,
6619,a,1,41,hình sự,
6619,,,47,hình sự,
6619,,2,46,hình sự,
6619,q,1,46,hình sự,
6619,p,1,46,hình sự,
6619,I,2,194,hình sự,
6619,m,2,194,hình sự,
6619,,1,194,hình sự,
6620,,2,136,tố tụng hình sự,
6620,,1,194,hình sự,
6620,,,106,tố tụng hình sự,
6620,,,47,hình sự,
6620,p,1,46,hình sự,
6620,,3,7,hình sự,
6620,c,1,249,hình sự,
6621,,,30,luật khác,
6621,,,9,luật khác,
6621,,,7,luật khác,
6621,,,6,luật khác,
6621,,,2,luật khác,
6621,,,136,tố tụng hình sự,
6621,,,106,tố tụng hình sự,
6621,,,47,hình sự,
6621,,,50,hình sự,
6621,,1,7,hình sự,
6621,,,12,hình sự,
6621,,,38,hình sự,
6621,s,1,51,hình sự,
6621,g,2,249,hình sự,
6622,,,106,tố tụng hình sự,
6622,,,329,tố tụng hình sự,
6622,,3,7,hình sự,
6622,,2,106,tố tụng hình sự,
6622,,,41,hình sự,
6622,,,33,hình sự,
6622,p,1,46,hình sự,
6622,c,1,249,hình sự,
6622,,1,194,hình sự,
6623,,2,136,tố tụng hình sự,
6623,,2,106,tố tụng hình sự,
6623,,1,106,tố tụng hình sự,
6623,,1,47,hình sự,
6623,s,1,51,hình sự,
6623,c,1,249,hình sự,
6624,,2,136,tố tụng hình sự,
6624,,2,106,tố tụng hình sự,
6624,,1,106,tố tụng hình sự,
6624,,1,47,hình sự,
6624,s,1,51,hình sự,
6624,c,1,249,hình sự,
6628,,,30,luật khác,
6628,,,9,luật khác,
6628,,,7,luật khác,
6628,,,6,luật khác,
6628,,,2,luật khác,
6628,c,1,17,hình sự,
6628,,2,136,tố tụng hình sự,
6628,,2,106,tố tụng hình sự,
6628,c,1,47,hình sự,
6628,s,2,51,hình sự,
6628,s,1,51,hình sự,
6628,c,1,249,hình sự,
6629,,,30,luật khác,
6629,,,9,luật khác,
6629,,,2,luật khác,
6629,,,136,tố tụng hình sự,
6629,,,106,tố tụng hình sự,
6629,,,47,hình sự,
6629,,,38,hình sự,
6629,s,1,51,hình sự,
6629,,1,249,hình sự,
6629,p,1,46,hình sự,
6629,h,1,46,hình sự,
6629,,1,153,hình sự,
6630,,,30,luật khác,
6630,,,2,luật khác,
6630,,,333,tố tụng hình sự,
6630,,,331,tố tụng hình sự,
6630,,,136,tố tụng hình sự,
6630,,2,106,tố tụng hình sự,
6630,,5,249,hình sự,
6630,,1,52,hình sự,
6630,c,2,106,hình sự,
6630,s,1,51,hình sự,
6630,c,1,249,hình sự,
6632,,,30,luật khác,
6632,,,2,luật khác,
6632,,3,7,hình sự,
6632,,,136,tố tụng hình sự,
6632,,,106,tố tụng hình sự,
6632,,,41,hình sự,
6632,c,1,249,hình sự,
6632,p,1,46,hình sự,
6632,,1,249,hình sự,
6632,,1,194,hình sự,
6633,,,30,luật khác,
6633,,,2,luật khác,
6633,,3,7,hình sự,
6633,,,136,tố tụng hình sự,
6633,,,106,tố tụng hình sự,
6633,,,41,hình sự,
6633,c,1,249,hình sự,
6633,p,1,46,hình sự,
6633,,1,249,hình sự,
6633,,1,194,hình sự,
6634,,,30,luật khác,
6634,,,2,luật khác,
6634,,,136,tố tụng hình sự,
6634,,,106,tố tụng hình sự,
6634,,,41,hình sự,
6634,c,1,249,hình sự,
6634,,,53,hình sự,
6634,p,1,46,hình sự,
6634,,1,249,hình sự,
6634,,1,194,hình sự,
6635,,,30,luật khác,
6635,,,2,luật khác,
6635,,3,7,hình sự,
6635,,,136,tố tụng hình sự,
6635,,,106,tố tụng hình sự,
6635,,,41,hình sự,
6635,c,1,249,hình sự,
6635,p,1,46,hình sự,
6635,,1,249,hình sự,
6635,,1,194,hình sự,
6636,,2,136,tố tụng hình sự,
6636,,2,135,tố tụng hình sự,
6636,,1,135,tố tụng hình sự,
6636,b,3,106,tố tụng hình sự,
6636,a,2,106,tố tụng hình sự,
6636,,1,106,tố tụng hình sự,
6636,s,2,51,hình sự,
6636,,2,51,hình sự,
6636,s,1,51,hình sự,
6636,,,38,hình sự,
6636,c,1,249,hình sự,
6637,,,136,tố tụng hình sự,
6637,,,135,tố tụng hình sự,
6637,c,2,106,tố tụng hình sự,
6637,,5,249,hình sự,
6637,b,2,106,tố tụng hình sự,
6637,b,1,106,tố tụng hình sự,
6637,c,1,106,tố tụng hình sự,
6637,,2,47,hình sự,
6637,c,1,47,hình sự,
6637,,,38,hình sự,
6637,s,1,51,hình sự,
6637,c,1,249,hình sự,
6637,,1,194,hình sự,
6638,a,1,106,tố tụng hình sự,
6638,b,2,106,tố tụng hình sự,
6638,a,2,106,tố tụng hình sự,
6638,,2,47,hình sự,
6638,c,1,47,hình sự,
6638,,,38,hình sự,
6638,s,1,51,hình sự,
6638,c,1,249,hình sự,
6639,,,30,luật khác,Luật Thi hành án dân sự
6639,,,9,luật khác,Luật Thi hành án dân sự
6639,,,7,luật khác,Luật Thi hành án dân sự
6639,,,6,luật khác,Luật Thi hành án dân sự
6639,,,2,luật khác,Luật Thi hành án dân sự
6639,c,1,47,hình sự,
6639,,,106,tố tụng hình sự,
6639,,,47,hình sự,
6639,,,38,hình sự,
6639,s,1,51,hình sự,
6639,c,1,249,hình sự,
6642,,,30,luật khác,
6642,,,9,luật khác,
6642,,,7,luật khác,
6642,,,6,luật khác,
6642,,,2,luật khác,
6642,,,26,luật khác,
6642,,,136,tố tụng hình sự,
6642,,,106,tố tụng hình sự,
6642,,,333,tố tụng hình sự,
6642,,,331,tố tụng hình sự,
6642,,,136,hình sự,
6642,s,1,51,hình sự,
6642,,2,194,hình sự,
6642,g,2,249,hình sự,
6643,,,30,luật khác,
6643,,,9,luật khác,
6643,,,7,luật khác,
6643,,,6,luật khác,
6643,,,2,luật khác,
6643,,,26,luật khác,
6643,,,234,tố tụng hình sự,
6643,,,231,tố tụng hình sự,
6643,,,106,tố tụng hình sự,
6643,,,101,hình sự,
6643,,,51,hình sự,
6643,,1,249,hình sự,
6643,,,333,tố tụng hình sự,
6643,,,331,tố tụng hình sự,
6643,,,136,tố tụng hình sự,
6643,s,1,51,hình sự,
6643,c,1,294,hình sự,
6643,c,1,249,hình sự,
6644,,,30,luật khác,Luật thi hành án dân sự
6644,,,9,luật khác,Luật thi hành án dân sự
6644,,,7,luật khác,Luật thi hành án dân sự
6644,,,6,luật khác,Luật thi hành án dân sự
6644,,,2,luật khác,Luật thi hành án dân sự
6644,,,26,luật khác,Luật thi hành án dân sự
6644,,,331,tố tụng hình sự,
6644,,,99,tố tụng hình sự,
6644,,,46,hình sự,
6644,,,76,tố tụng hình sự,
6644,,,234,tố tụng hình sự,
6644,,,231,tố tụng hình sự,
6644,,,99,hình sự,
6644,s,1,51,hình sự,
6644,,1,194,hình sự,
6644,,1,249,hình sự,
6644,,1,138,hình sự,
6645,,,106,tố tụng hình sự,
6645,c,1,249,hình sự,
6645,s,1,51,hình sự,
6645,,1,249,hình sự,
6646,,,333,tố tụng hình sự,
6646,,,331,tố tụng hình sự,
6646,,,329,tố tụng hình sự,
6646,,,136,tố tụng hình sự,
6646,,,106,tố tụng hình sự,
6646,,,41,hình sự,
6646,,,33,hình sự,
6646,,,53,hình sự,
6646,p,1,46,hình sự,
6646,,,249,hình sự,
6646,,1,194,hình sự,
6646,,,58,hình sự,
6646,,,17,hình sự,
6646,s,1,51,hình sự,
6646,,3,7,hình sự,
6646,c,1,249,hình sự,
6648,,,333,tố tụng hình sự,
6648,,,331,tố tụng hình sự,
6648,,,136,tố tụng hình sự,
6648,,,106,tố tụng hình sự,
6648,,,47,hình sự,
6648,,,38,hình sự,
6648,s,1,51,hình sự,
6648,c,1,249,hình sự,
6649,,,333,tố tụng hình sự,
6649,,,331,tố tụng hình sự,
6649,,,136,tố tụng hình sự,
6649,,,106,tố tụng hình sự,
6649,,,47,hình sự,
6649,,,38,hình sự,
6649,s,1,51,hình sự,
6649,c,1,249,hình sự,
6650,,,30,luật khác,Luật thi hành án dân sự
6650,,,9,luật khác,Luật thi hành án dân sự
6650,,,7,luật khác,Luật thi hành án dân sự
6650,,,6,luật khác,Luật thi hành án dân sự
6650,,,2,luật khác,Luật thi hành án dân sự
6650,,,47,hình sự,
6650,,,106,tố tụng hình sự,
6650,,3,7,hình sự,
6650,,1,194,hình sự,
6650,s,1,51,hình sự,
6650,c,1,249,hình sự,
6650,,1,249,hình sự,
6651,,2,136,tố tụng hình sự,
6651,,2,106,tố tụng hình sự,
6651,,1,106,tố tụng hình sự,
6651,,,249,hình sự,
6651,,,106,tố tụng hình sự,
6651,,,47,hình sự,
6651,,2,51,hình sự,
6651,s,1,51,hình sự,
6651,o,2,249,hình sự,
6652,,,30,luật khác,
6652,,,9,luật khác,
6652,a,,7,luật khác,
6652,,,7,luật khác,
6652,,,6,luật khác,
6652,,,2,luật khác,
6652,,,333,tố tụng hình sự,
6652,,,331,tố tụng hình sự,
6652,,,136,tố tụng hình sự,
6652,,,135,tố tụng hình sự,
6652,,,106,tố tụng hình sự,
6652,,,47,hình sự,
6652,s,1,51,hình sự,
6652,c,1,249,hình sự,
6653,,2,136,tố tụng hình sự,
6653,a,2,106,tố tụng hình sự,
6653,c,1,47,hình sự,
6653,s,1,51,hình sự,
6653,c,1,249,hình sự,
6655,,,88,tố tụng hình sự,
6655,,,126,tố tụng hình sự,
6655,,5,249,hình sự,
6655,,,249,hình sự,
6655,,,269,tố tụng hình sự,
6655,,,268,tố tụng hình sự,
6655,,,106,tố tụng hình sự,
6655,,,47,hình sự,
6655,,,38,hình sự,
6655,s,2,51,hình sự,
6655,s,1,51,hình sự,
6655,c,1,249,hình sự,
6656,,,333,tố tụng hình sự,
6656,,,331,tố tụng hình sự,
6656,,,136,tố tụng hình sự,
6656,,,106,tố tụng hình sự,
6656,,,47,hình sự,
6656,,3,7,hình sự,
6656,,,38,hình sự,
6656,x,1,51,hình sự,
6656,s,1,51,hình sự,
6656,h,1,52,hình sự,
6656,c,1,249,hình sự,
6657,,5,249,hình sự,
6657,,1,249,hình sự,
6657,,1,194,hình sự,
6657,,,106,tố tụng hình sự,
6657,s,1,51,hình sự,
6657,c,1,249,hình sự,
6658,,,30,luật khác,
6658,,,9,luật khác,
6658,,,7,luật khác,
6658,,,6,luật khác,
6658,,,2,luật khác,
6658,,,357,luật khác,
6658,,1,194,hình sự,
6658,,1,249,hình sự,
6658,,,106,tố tụng hình sự,
6658,,,41,hình sự,
6658,p,1,46,hình sự,
6658,,3,7,hình sự,
6658,,5,249,hình sự,
6658,c,1,249,hình sự,
6659,,,136,tố tụng hình sự,
6659,,2,106,tố tụng hình sự,
6659,,,47,hình sự,
6659,,1,51,hình sự,
6659,,,54,hình sự,
6659,,2,51,hình sự,
6659,t,1,51,hình sự,
6659,s,1,51,hình sự,
6659,e,2,250,hình sự,
6661,,1,56,hình sự,
6661,,1,55,hình sự,
6661,,,333,tố tụng hình sự,
6661,,,331,tố tụng hình sự,
6661,,,136,tố tụng hình sự,
6661,,2,106,tố tụng hình sự,
6661,,5,249,hình sự,
6661,,1,53,hình sự,
6661,,1,194,hình sự,
6661,,,106,tố tụng hình sự,
6661,,,47,hình sự,
6661,,,46,hình sự,
6661,,,56,hình sự,
6661,,,55,hình sự,
6661,s,1,51,hình sự,
6661,c,1,249,hình sự,
6662,,,333,tố tụng hình sự,
6662,,,331,tố tụng hình sự,
6662,,,136,tố tụng hình sự,
6662,,,106,tố tụng hình sự,
6662,,1,7,hình sự,
6662,,3,7,hình sự,
6662,,1,249,hình sự,
6662,,,38,hình sự,
6662,s,1,51,hình sự,
6662,c,1,249,hình sự,
6662,,1,194,hình sự,
6663,,2,136,tố tụng hình sự,
6663,c,2,106,tố tụng hình sự,
6663,a,2,106,tố tụng hình sự,
6663,s,2,51,hình sự,
6663,s,1,51,hình sự,
6663,c,1,249,hình sự,
6664,,3,106,tố tụng hình sự,
6664,c,2,106,tố tụng hình sự,
6664,,1,106,tố tụng hình sự,
6664,p,1,46,hình sự,
6664,,2,136,tố tụng hình sự,
6664,a,2,106,tố tụng hình sự,
6664,c,1,47,hình sự,
6664,,5,249,hình sự,
6664,,5,194,hình sự,
6664,,3,7,hình sự,
6664,,1,199,hình sự,
6664,,1,249,hình sự,
6664,,1,194,hình sự,
6664,a,3,106,tố tụng hình sự,
6664,s,1,51,hình sự,
6664,c,1,249,hình sự,
6665,,2,136,tố tụng hình sự,
6665,,,333,tố tụng hình sự,
6665,,,331,tố tụng hình sự,
6665,,5,249,hình sự,
6665,a,3,106,tố tụng hình sự,
6665,s,1,51,hình sự,
6665,c,1,249,hình sự,
6666,,,30,luật khác,Luật Thi hành án dân sự
6666,,,9,luật khác,Luật Thi hành án dân sự
6666,,,7,luật khác,Luật Thi hành án dân sự
6666,,,6,luật khác,Luật Thi hành án dân sự
6666,,,2,luật khác,Luật Thi hành án dân sự
6666,,,234,tố tụng hình sự,
6666,,,99,tố tụng hình sự,
6666,,,98,tố tụng hình sự,
6666,,,106,tố tụng hình sự,
6666,,,47,hình sự,
6666,,,46,hình sự,
6666,,,38,hình sự,
6666,,,293,tố tụng hình sự,
6666,,,292,tố tụng hình sự,
6666,s,1,51,hình sự,
6666,,3,7,hình sự,
6666,b,2,249,hình sự,
6668,,,136,tố tụng hình sự,
6668,,,249,hình sự,
6668,,,106,tố tụng hình sự,
6668,s,2,51,hình sự,
6668,s,1,51,hình sự,
6668,c,1,249,hình sự,
6669,,,30,luật khác,Luật Thi hành án dân sự
6669,,,9,luật khác,Luật Thi hành án dân sự
6669,,,7,luật khác,Luật Thi hành án dân sự
6669,,,6,luật khác,Luật Thi hành án dân sự
6669,,,2,luật khác,Luật Thi hành án dân sự
6669,,2,136,tố tụng hình sự,
6669,,1,194,hình sự,
6669,a,3,106,tố tụng hình sự,
6669,c,2,106,tố tụng hình sự,
6669,a,2,106,tố tụng hình sự,
6669,p,1,46,hình sự,
6669,c,2,249,hình sự,
6669,c,1,249,hình sự,
6670,,,30,luật khác,Luật Thi hành án dân sự
6670,,,9,luật khác,Luật Thi hành án dân sự
6670,,,7,luật khác,Luật Thi hành án dân sự
6670,,,6,luật khác,Luật Thi hành án dân sự
6670,,,2,luật khác,Luật Thi hành án dân sự
6670,,2,136,tố tụng hình sự,
6670,a,2,106,tố tụng hình sự,
6670,,1,47,hình sự,
6670,,1,51,hình sự,
6670,,,38,hình sự,
6670,s,1,51,hình sự,
6670,c,1,249,hình sự,
6673,,,136,tố tụng hình sự,
6673,,,106,tố tụng hình sự,
6673,,,38,hình sự,
6673,,3,7,hình sự,
6673,,2,194,hình sự,
6673,,2,249,hình sự,
6673,,,51,hình sự,
6673,b,2,49,hình sự,
6673,s,1,51,hình sự,
6673,o,2,249,hình sự,
6673,p,2,194,hình sự,
6677,,,30,luật khác,
6677,,,9,luật khác,
6677,,,7a,luật khác,
6677,,,2,luật khác,
6677,,,136,tố tụng hình sự,
6677,,2,249,hình sự,
6677,,,106,tố tụng hình sự,
6677,,1,47,hình sự,
6677,,,38,hình sự,
6677,s,1,51,hình sự,
6677,i,1,249,hình sự,
6679,,1,194,hình sự,
6679,,2,136,tố tụng hình sự,
6679,a,2,106,tố tụng hình sự,
6679,c,1,47,hình sự,
6679,,3,7,hình sự,
6679,s,1,51,hình sự,
6679,c,1,249,hình sự,
6680,,,30,luật khác,Luật thi hành án dân sự
6680,,,9,luật khác,Luật thi hành án dân sự
6680,,,7,luật khác,Luật thi hành án dân sự
6680,,,6,luật khác,Luật thi hành án dân sự
6680,,,2,luật khác,Luật thi hành án dân sự
6680,,,333,tố tụng hình sự,
6680,,,331,tố tụng hình sự,
6680,,,329,tố tụng hình sự,
6680,,2,136,tố tụng hình sự,
6680,,,106,tố tụng hình sự,
6680,,,47,hình sự,
6680,,,38,hình sự,
6680,s,1,51,hình sự,
6680,c,1,249,hình sự,
6681,,2,136,tố tụng hình sự,
6681,,,136,tố tụng hình sự,
6681,,2,106,tố tụng hình sự,
6681,,2,47,hình sự,
6681,c,1,47,hình sự,
6681,,3,7,hình sự,
6681,h,1,52,hình sự,
6681,s,1,51,hình sự,
6681,,1,249,hình sự,
6681,c,1,249,hình sự,
6683,,,38,hình sự,
6683,,1,53,hình sự,
6683,h,1,52,hình sự,
6683,s,1,51,hình sự,
6683,c,1,249,hình sự,
6684,,2,136,tố tụng hình sự,
6684,,2,135,tố tụng hình sự,
6684,a,2,106,tố tụng hình sự,
6684,c,1,47,hình sự,
6684,a,1,47,hình sự,
6684,,5,249,hình sự,
6684,,,249,hình sự,
6684,s,1,51,hình sự,
6684,c,1,249,hình sự,
6685,,,333,tố tụng hình sự,
6685,,,331,tố tụng hình sự,
6685,,,136,tố tụng hình sự,
6685,,,106,tố tụng hình sự,
6685,,,47,hình sự,
6685,,,38,hình sự,
6685,,3,7,hình sự,
6685,s,1,51,hình sự,
6685,c,1,249,hình sự,
6686,,2,136,tố tụng hình sự,
6686,,2,135,tố tụng hình sự,
6686,a,3,106,tố tụng hình sự,
6686,a,2,106,tố tụng hình sự,
6686,,2,47,hình sự,
6686,c,1,47,hình sự,
6686,,5,249,hình sự,
6686,,1,249,hình sự,
6686,,,249,hình sự,
6686,,,194,hình sự,
6686,,1,194,hình sự,
6686,s,1,51,hình sự,
6686,,3,7,hình sự,
6686,c,1,249,hình sự,
6687,,,329,tố tụng hình sự,
6687,,,135,tố tụng hình sự,
6687,,,194,hình sự,
6687,h,1,52,hình sự,
6687,,,249,hình sự,
6687,p,2,194,hình sự,
6687,,,106,tố tụng hình sự,
6687,,,47,hình sự,
6687,,,38,hình sự,
6687,s,1,51,hình sự,
6687,o,2,249,hình sự,
6688,,,249,hình sự,
6688,,2,136,tố tụng hình sự,
6688,,,333,tố tụng hình sự,
6688,,,331,tố tụng hình sự,
6688,,,136,tố tụng hình sự,
6688,,2,106,tố tụng hình sự,
6688,,1,47,hình sự,
6688,,1,249,hình sự,
6688,h,1,52,hình sự,
6688,s,1,51,hình sự,
6688,c,1,249,hình sự,
6689,,,30,luật khác,Luật thi hành án dân sự
6689,,,9,luật khác,Luật thi hành án dân sự
6689,,,7,luật khác,Luật thi hành án dân sự
6689,,,6,luật khác,Luật thi hành án dân sự
6689,,,2,luật khác,Luật thi hành án dân sự
6689,,,136,tố tụng hình sự,
6689,,,106,tố tụng hình sự,
6689,,,47,hình sự,
6689,,1,194,hình sự,
6689,,3,7,hình sự,
6689,s,1,51,hình sự,
6689,c,1,249,hình sự,
6690,,,30,luật khác,
6690,,,9,luật khác,
6690,,,7,luật khác,
6690,,,6,luật khác,
6690,,,2,luật khác,
6690,,,106,tố tụng hình sự,
6690,,,47,hình sự,
6690,s,1,51,hình sự,
6690,c,1,249,hình sự,
6693,,,106,tố tụng hình sự,
6693,,,48,hình sự,
6693,,,47,hình sự,
6693,,,38,hình sự,
6693,s,1,51,hình sự,
6693,c,1,249,hình sự,
